"id","name","swings_competitive","percent_swings_competitive","contact","avg_bat_speed","hard_swing_rate","squared_up_per_bat_contact","squared_up_per_swing","blast_per_bat_contact","blast_per_swing","swing_length","swords","batter_run_value","whiffs","whiff_per_swing","batted_ball_events","batted_ball_event_per_swing"
519317,"Stanton, Giancarlo",449,0.9089068825910931,284,"80.605989933",0.9710467706013365,0.2992957746478873,0.18930957683741648,0.2605633802816901,0.16481069042316257,"8.78959706",4,8.926576212440127,165,0.3674832962138085,141,0.31403118040089084
665833,"Cruz, Oneil",821,0.907182320441989,556,"78.760265457",0.781973203410475,0.3273381294964029,0.22168087697929353,0.2517985611510791,0.1705237515225335,"7.758791547",19,-19.615991447463877,265,0.3227771010962241,275,0.33495736906211937
691406,"Caminero, Junior",1096,0.9095435684647303,842,"78.493226724",0.8074817518248174,0.2921615201900237,0.22445255474452555,0.22565320665083136,0.17335766423357665,"8.418564005",21,1.817934193750049,254,0.23175182481751824,429,0.3914233576642336
656180,"Adams, Riley",499,0.9023508137432188,341,"78.32054503",0.7935871743486971,0.23460410557184752,0.16032064128256512,0.18181818181818182,0.12424849699398798,"7.85135982",14,-22.477101474955127,158,0.3166332665330661,148,0.2965931863727455
691023,"Walker, Jordan",686,0.9050131926121372,465,"78.069257522",0.7784256559766763,0.26666666666666666,0.18075801749271136,0.2,0.13556851311953352,"8.258906224",21,-19.146260678908682,221,0.32215743440233235,231,0.336734693877551
678877,"Noel, Jhonkensy",309,0.9169139465875371,215,"77.800601359",0.7281553398058253,0.21395348837209302,0.1488673139158576,0.13953488372093023,0.0970873786407767,"7.531562298",6,-13.056809377050532,94,0.3042071197411003,93,0.30097087378640774
666176,"Adell, Jo",1033,0.9037620297462817,780,"77.605402004",0.7328170377541141,0.26153846153846155,0.19748305905130686,0.191025641025641,0.1442400774443369,"7.728495537",30,0.6176529119437284,253,0.24491771539206195,354,0.3426911907066796
695506,"Caglianone, Jac",392,0.9095127610208816,297,"77.409733367",0.7346938775510203,0.25925925925925924,0.19642857142857142,0.19865319865319866,0.15051020408163265,"7.623754464",4,-22.76606082304051,95,0.2423469387755102,146,0.37244897959183676
656941,"Schwarber, Kyle",1137,0.8995253164556962,807,"77.325878962",0.7713280562884784,0.322180916976456,0.22867194371152155,0.24659231722428748,0.17502198768689534,"7.529752709",51,11.255721951754895,330,0.29023746701846964,385,0.3386103781882146
671286,"Rodríguez, Johnathan",123,0.9111111111111111,76,"77.272999919",0.6747967479674798,0.3815789473684211,0.23577235772357724,0.27631578947368424,0.17073170731707318,"8.068561626",3,-3.103513054470394,47,0.3821138211382114,47,0.3821138211382114
701762,"Kurtz, Nick",731,0.9103362391033624,490,"77.175980766",0.7236662106703146,0.2979591836734694,0.1997264021887825,0.22653061224489796,0.1518467852257182,"7.700994391",18,22.29708584620352,241,0.32968536251709984,245,0.33515731874145005
695657,"Montgomery, Colson",494,0.9080882352941176,346,"77.0448783",0.7165991902834008,0.25722543352601157,0.18016194331983806,0.17630057803468208,0.12348178137651822,"7.80039504",8,4.7827760196702584,148,0.29959514170040485,163,0.3299595141700405
592450,"Judge, Aaron",1022,0.906832298136646,689,"76.940545587",0.7123287671232876,0.3439767779390421,0.2318982387475538,0.2525399129172714,0.17025440313111545,"8.102698523",35,33.65564987514221,333,0.3258317025440313,350,0.3424657534246575
665489,"Guerrero Jr., Vladimir",933,0.9138099902056807,739,"76.651474812",0.6763129689174704,0.3761840324763194,0.2979635584137192,0.2625169147496617,0.20793140407288319,"7.628559143",8,3.3789819187478884,194,0.20793140407288319,459,0.4919614147909968
670242,"Wallner, Matt",694,0.9036458333333334,449,"76.555872709",0.6844380403458213,0.2516703786191537,0.1628242074927954,0.16926503340757237,0.10951008645533142,"7.424025403",21,-3.91446092356409,245,0.3530259365994236,205,0.2953890489913545
641343,"Bauers, Jake",346,0.9081364829396326,266,"76.452483468",0.7138728323699421,0.2781954887218045,0.2138728323699422,0.16917293233082706,0.13005780346820808,"7.725719798",7,-6.622919555458392,80,0.23121387283236994,118,0.34104046242774566
660670,"Acuña Jr., Ronald",705,0.8969465648854962,501,"76.441096128",0.675177304964539,0.2834331337325349,0.20141843971631207,0.1996007984031936,0.14184397163120568,"7.596614426",17,2.350392459988844,204,0.28936170212765955,225,0.3191489361702128
677594,"Rodríguez, Julio",1215,0.9080717488789237,887,"76.418126848",0.637037037037037,0.30665163472378804,0.22386831275720165,0.19729425028184894,0.1440329218106996,"7.672111844",19,-2.9052870096836747,328,0.26995884773662554,459,0.37777777777777777
669003,"Mitchell, Garrett",118,0.9076923076923077,85,"76.117896017",0.7033898305084747,0.24705882352941178,0.17796610169491525,0.17647058823529413,0.1271186440677966,"7.419650847",6,-5.408701799222183,33,0.2796610169491525,41,0.3474576271186441
656577,"Jackson, Alex",172,0.91005291005291,112,"76.106544651",0.627906976744186,0.24107142857142858,0.1569767441860465,0.17857142857142858,0.11627906976744186,"7.824623663",2,-1.6400459876461708,60,0.3488372093023256,51,0.29651162790697677
670541,"Alvarez, Yordan",320,0.9142857142857143,248,"76.051490375",0.6250000000000002,0.3629032258064516,0.28125,0.23387096774193547,0.18125,"7.729671625",1,-7.254143022253675,72,0.225,127,0.396875
695578,"Wood, James",1035,0.9039301310043668,726,"76.007720164",0.6231884057971013,0.33884297520661155,0.23768115942028986,0.23140495867768596,0.16231884057971013,"7.658752319",44,-0.7089459238175317,309,0.2985507246376812,357,0.34492753623188405
663609,"Baker, Luken",65,0.8904109589041096,45,"75.965784615",0.6461538461538464,0.35555555555555557,0.24615384615384617,0.2222222222222222,0.15384615384615385,"7.942834154",0,-2.236265298033456,20,0.3076923076923077,23,0.35384615384615387
575929,"Contreras, Willson",930,0.9055501460564752,670,"75.960782602",0.6182795698924731,0.29253731343283584,0.210752688172043,0.18507462686567164,0.13333333333333333,"7.958864989",14,-10.10806244856045,260,0.27956989247311825,323,0.3473118279569892
666624,"Morel, Christopher",553,0.9006514657980456,352,"75.95364528",0.6184448462929475,0.2897727272727273,0.1844484629294756,0.16477272727272727,0.10488245931283906,"8.23718047",17,-12.288416273283843,201,0.36347197106690776,157,0.28390596745027125
672744,"Canario, Alexander",429,0.9050632911392406,269,"75.937622331",0.5897435897435896,0.26022304832713755,0.16317016317016317,0.14869888475836432,0.09324009324009325,"8.089314942",5,-14.621875068198072,160,0.372960372960373,127,0.29603729603729606
680718,"Barger, Addison",858,0.9098621420996819,644,"75.898402576",0.6247086247086249,0.3059006211180124,0.2296037296037296,0.20652173913043478,0.155011655011655,"7.660363368",7,-14.066555528156206,214,0.2494172494172494,317,0.36946386946386944
595751,"Alfaro, Jorge",88,0.9263157894736842,57,"75.876752955",0.6136363636363638,0.22807017543859648,0.14772727272727273,0.10526315789473684,0.06818181818181818,"7.010970455",1,-2.369599766715532,31,0.3522727272727273,24,0.2727272727272727
663586,"Riley, Austin",804,0.903370786516854,579,"75.858912363",0.6019900497512437,0.27806563039723664,0.20024875621890548,0.19516407599309155,0.14054726368159204,"7.566118495",18,-13.193621397488236,225,0.2798507462686567,267,0.332089552238806
660271,"Ohtani, Shohei",1151,0.9034536891679749,790,"75.840889652",0.6185925282363165,0.3658227848101266,0.2510860121633362,0.2607594936708861,0.1789748045178106,"7.932848506",14,26.780677163118174,361,0.31364031277150306,391,0.33970460469157254
660821,"Sánchez, Jesús",829,0.9070021881838074,624,"75.82462573",0.586248492159228,0.3076923076923077,0.2316043425814234,0.1907051282051282,0.14354644149577805,"6.914666743",14,-22.959652722585417,205,0.24728588661037396,319,0.3848009650180941
669432,"Rogers, Trevor",1,1,0,"75.81402",1,NaN,,NaN,,"8.3424",0,-0.05481668824015791,1,,0,
669194,"Nelson, Ryne",1,1,1,"75.77985",1,0,0,0,0,"7.05599",0,0.5049105053247734,0,0,1,1
677956,"Hinds, Rece",82,0.9010989010989011,38,"75.735458659",0.5975609756097561,0.3157894736842105,0.14634146341463414,0.18421052631578946,0.08536585365853659,"7.963156098",1,-3.4073581482063524,44,0.5365853658536586,20,0.24390243902439024
673357,"Robert Jr., Luis",723,0.9026217228464419,518,"75.613043555",0.5739972337482713,0.28378378378378377,0.2033195020746888,0.1640926640926641,0.11756569847856155,"7.81207177",19,-14.895848723691298,205,0.2835408022130014,257,0.355463347164592
662139,"Varsho, Daulton",452,0.904,319,"75.60905042",0.5619469026548672,0.2884012539184953,0.20353982300884957,0.15047021943573669,0.10619469026548672,"7.875624779",5,5.730290686370066,133,0.2942477876106195,153,0.33849557522123896
682985,"Greene, Riley",1259,0.9090252707581228,869,"75.590234226",0.5710881652104843,0.2474108170310702,0.17077045274027006,0.15304948216340622,0.10563939634630659,"7.273778149",6,-12.003021827612859,390,0.30976965845909454,361,0.28673550436854645
676812,"McCusker, Carson",51,0.8947368421052632,27,"75.533286078",0.588235294117647,0.18518518518518517,0.09803921568627451,0.14814814814814814,0.0784313725490196,"7.784885882",0,-3.560721663162646,24,0.47058823529411764,13,0.2549019607843137
694212,"Basallo, Samuel",215,0.9071729957805907,154,"75.468733674",0.5534883720930233,0.2597402597402597,0.18604651162790697,0.18831168831168832,0.13488372093023257,"7.358273674",4,-9.282845135500024,61,0.2837209302325581,73,0.3395348837209302
683002,"Henderson, Gunnar",1061,0.9122957867583835,821,"75.340720999",0.5344015080113101,0.32399512789281365,0.25070688030160226,0.20341047503045068,0.15739868049010367,"7.278690434",21,-14.388135040917293,240,0.22620169651272384,417,0.3930254476908577
656541,"Hilliard, Sam",104,0.9203539823008849,64,"75.310905288",0.5673076923076924,0.296875,0.18269230769230768,0.1875,0.11538461538461539,"7.222672019",2,-2.5681083985784112,40,0.38461538461538464,26,0.25
686948,"Baldwin, Drake",780,0.9080325960419092,640,"75.276223846",0.5628205128205127,0.3125,0.2564102564102564,0.1890625,0.15512820512820513,"7.179506064",9,-2.0053124300889476,140,0.1794871794871795,318,0.4076923076923077
663662,"Cameron, Daz",77,0.9166666666666666,59,"75.245281429",0.4805194805194806,0.23728813559322035,0.18181818181818182,0.1016949152542373,0.07792207792207792,"6.944455844",1,-3.412722985034597,18,0.23376623376623376,25,0.3246753246753247
624413,"Alonso, Pete",1137,0.9096,862,"75.23885212",0.5321020228671944,0.3375870069605568,0.2559366754617414,0.2296983758700696,0.1741424802110818,"7.054099666",15,-0.4770881459774099,275,0.2418645558487247,436,0.3834652594547054
663728,"Raleigh, Cal",1282,0.9009135628952917,918,"75.238294969",0.5468018720748827,0.2777777777777778,0.19890795631825273,0.17429193899782136,0.12480499219968799,"7.893903744",29,5.688759889709164,364,0.2839313572542902,383,0.29875195007800315
682663,"Ramírez, Agustín",953,0.9128352490421456,725,"75.197865719",0.551941238195173,0.3255172413793103,0.24763903462749212,0.22206896551724137,0.1689401888772298,"7.501251973",19,-19.486143112237198,228,0.23924449108079748,405,0.4249737670514166
663624,"Mountcastle, Ryan",694,0.9131578947368421,479,"75.175191873",0.5244956772334294,0.27348643006263046,0.18876080691642652,0.15031315240083507,0.1037463976945245,"7.526014798",13,-14.39415795096801,215,0.30979827089337175,220,0.3170028818443804
672356,"Arias, Gabriel",912,0.9083665338645418,557,"75.076267785",0.5263157894736842,0.2764811490125673,0.16885964912280702,0.16337522441651706,0.09978070175438597,"7.616226228",22,-29.18973669105094,355,0.3892543859649123,258,0.28289473684210525
621439,"Buxton, Byron",933,0.9040697674418605,664,"75.042908574",0.5058949624866024,0.3192771084337349,0.22722400857449088,0.2033132530120482,0.14469453376205788,"7.935360429",15,11.408256095490282,269,0.2883172561629153,331,0.35476956055734193
701350,"Anthony, Roman",420,0.9051724137931034,302,"75.034136595",0.519047619047619,0.3708609271523179,0.26666666666666666,0.2251655629139073,0.1619047619047619,"7.400192667",18,-0.09047069067215496,118,0.28095238095238095,154,0.36666666666666664
671213,"Casas, Triston",192,0.9142857142857143,132,"75.030939583",0.5364583333333333,0.2878787878787879,0.19791666666666666,0.18181818181818182,0.125,"7.983371146",3,-8.838837551907567,60,0.3125,66,0.34375
669065,"Stowers, Kyle",813,0.9003322259136213,566,"75.014252718",0.5178351783517836,0.3003533568904594,0.2091020910209102,0.17667844522968199,0.12300123001230012,"6.739733346",24,5.573244048220104,247,0.3038130381303813,260,0.3198031980319803
691373,"Garcia, Jhostynxon",14,0.875,8,"74.966657143",0.5,0.125,0.07142857142857142,0,0,"7.892589286",1,-0.535921645117624,6,0.42857142857142855,2,0.14285714285714285
656305,"Chapman, Matt",827,0.9077936333699231,629,"74.921735272",0.5066505441354293,0.302066772655008,0.22974607013301088,0.18124006359300476,0.13784764207980654,"7.483921548",20,-12.48747036273894,198,0.23941958887545345,303,0.36638452237001207
680769,"Alexander, CJ",32,0.8888888888888888,18,"74.881265313",0.46875,0.1111111111111111,0.0625,0.05555555555555555,0.03125,"7.9768",1,-2.3214217719304213,14,0.4375,9,0.28125
805904,"Cole, Zach",79,0.9080459770114943,45,"74.878926076",0.4810126582278481,0.17777777777777778,0.10126582278481013,0.13333333333333333,0.0759493670886076,"7.370068481",3,0.6394759359651232,34,0.43037974683544306,16,0.20253164556962025
695600,"Jensen, Carter",126,0.9197080291970803,95,"74.833791825",0.43650793650793657,0.35789473684210527,0.2698412698412698,0.25263157894736843,0.19047619047619047,"6.88608127",4,2.197390797542931,31,0.24603174603174602,43,0.3412698412698413
687515,"Thomas, Colby",242,0.9029850746268657,162,"74.815456818",0.4917355371900826,0.2716049382716049,0.18181818181818182,0.19753086419753085,0.1322314049586777,"7.684781405",7,-1.1388153983726956,80,0.3305785123966942,71,0.29338842975206614
685301,"Gorski, Matt",80,0.898876404494382,52,"74.7819525",0.4625,0.23076923076923078,0.15,0.1346153846153846,0.0875,"7.918019",4,-1.4487290928560548,28,0.35,22,0.275
683146,"Baty, Brett",719,0.9066834804539723,528,"74.781916843",0.4840055632823365,0.3106060606060606,0.22809457579972184,0.17613636363636365,0.12934631432545202,"7.355856996",16,-4.8126133846977,191,0.26564673157162727,262,0.36439499304589706
657757,"Sheets, Gavin",917,0.907920792079208,733,"74.771770687",0.5179934569247546,0.31377899045020463,0.25081788440567065,0.17735334242837653,0.14176663031624864,"7.743660774",20,-9.30705585582877,184,0.20065430752453653,375,0.4089422028353326
680776,"Duran, Jarren",1095,0.910981697171381,800,"74.744475151",0.4730593607305936,0.3225,0.2356164383561644,0.19625,0.14337899543378996,"7.478785936",21,-15.149038971354685,295,0.2694063926940639,420,0.3835616438356164
691723,"Mayo, Coby",450,0.9054325955734407,313,"74.707329067",0.47555555555555545,0.2523961661341853,0.17555555555555555,0.14057507987220447,0.09777777777777778,"7.317293244",3,-9.207128678554431,137,0.30444444444444446,161,0.35777777777777775
642133,"Tellez, Rowdy",510,0.9074733096085409,376,"74.654140549",0.4803921568627451,0.32978723404255317,0.24313725490196078,0.18882978723404256,0.1392156862745098,"7.950162569",11,-10.15373147052068,134,0.2627450980392157,190,0.37254901960784315
683357,"Caissie, Owen",56,0.9180327868852459,33,"74.627529107",0.5357142857142859,0.18181818181818182,0.10714285714285714,0.030303030303030304,0.017857142857142856,"6.90305875",1,-2.8115626012066266,23,0.4107142857142857,13,0.23214285714285715
682998,"Carroll, Corbin",1088,0.9066666666666666,834,"74.621494596",0.45312500000000006,0.3057553956834532,0.234375,0.19664268585131894,0.15073529411764705,"7.303325404",20,-2.5580153109652723,254,0.23345588235294118,387,0.3556985294117647
606466,"Marte, Ketel",849,0.907051282051282,668,"74.604650942",0.45347467608951714,0.36227544910179643,0.2850412249705536,0.20059880239520958,0.15783274440518258,"7.832931461",14,-0.7817498008099517,181,0.21319199057714958,370,0.43580683156654887
669394,"Burger, Jake",653,0.9094707520891365,468,"74.592175865",0.49617151607963245,0.32051282051282054,0.22970903522205208,0.21581196581196582,0.1546707503828484,"7.426946968",13,-14.590643380525902,185,0.2833078101071976,243,0.3721286370597244
666211,"Trammell, Taylor",218,0.9008264462809917,134,"74.565880688",0.444954128440367,0.31343283582089554,0.1926605504587156,0.1417910447761194,0.0871559633027523,"7.804369266",6,-9.157171043153026,84,0.3853211009174312,69,0.3165137614678899
692585,"Fernández, Yanquiel",290,0.9206349206349206,203,"74.534854241",0.4517241379310345,0.2512315270935961,0.17586206896551723,0.12315270935960591,0.08620689655172414,"8.000572172",2,-7.53397694410752,87,0.3,89,0.30689655172413793
666464,"Encarnacion, Jerar",84,0.9032258064516129,56,"74.525672857",0.5357142857142857,0.375,0.25,0.19642857142857142,0.13095238095238096,"7.773504048",0,-3.4766442689246726,28,0.3333333333333333,37,0.44047619047619047
701358,"Smith, Cam",885,0.9049079754601227,640,"74.498750667",0.46892655367231645,0.2546875,0.18418079096045198,0.1453125,0.10508474576271186,"7.315622395",16,-22.352076323245605,245,0.2768361581920904,294,0.33220338983050846
676044,"Seymour, Bob",133,0.8926174496644296,86,"74.468547293",0.4586466165413533,0.29069767441860467,0.18796992481203006,0.12790697674418605,0.08270676691729323,"7.535059398",2,-5.3939130171759535,47,0.3533834586466165,39,0.2932330827067669
592518,"Machado, Manny",1189,0.90625,895,"74.456093288",0.4289318755256518,0.3541899441340782,0.26661059714045415,0.2212290502793296,0.1665264928511354,"7.82082148",20,-15.261746508145247,294,0.24726661059714045,458,0.38519764507989906
682829,"De La Cruz, Elly",1091,0.9084096586178185,756,"74.437002191",0.4463794683776353,0.3492063492063492,0.24197983501374887,0.20767195767195767,0.14390467461044912,"7.179570825",32,-15.474708425644744,335,0.307057745187901,415,0.38038496791934007
592669,"Renfroe, Hunter",153,0.9107142857142857,121,"74.430640261",0.4313725490196079,0.3140495867768595,0.24836601307189543,0.1487603305785124,0.11764705882352941,"7.579494575",3,-11.814078286968927,32,0.20915032679738563,75,0.49019607843137253
665052,"Conine, Griffin",139,0.9084967320261438,90,"74.353790863",0.45323741007194246,0.35555555555555557,0.2302158273381295,0.2,0.12949640287769784,"7.514512158",1,1.5710868179515582,49,0.35251798561151076,51,0.3669064748201439
671056,"Herrera, Iván",709,0.9078104993597952,555,"74.344213695",0.47249647390691113,0.3279279279279279,0.2566995768688293,0.1927927927927928,0.15091678420310295,"7.838176192",4,-5.9808457892997335,154,0.21720733427362482,279,0.3935119887165021
683770,"Robertson, Will",125,0.8992805755395683,85,"74.33359184",0.4799999999999999,0.21176470588235294,0.144,0.11764705882352941,0.08,"7.98960888",5,-9.05172886387485,40,0.32,42,0.336
668723,"Vilade, Ryan",30,0.9090909090909091,24,"74.326002667",0.4333333333333333,0.25,0.2,0.25,0.2,"7.106251",0,-2.1271244612218867,6,0.2,8,0.26666666666666666
696100,"Goodman, Hunter",1045,0.9102787456445993,737,"74.323727522",0.42296650717703355,0.3147896879240163,0.22200956937799043,0.16689280868385345,0.11770334928229666,"7.250321531",27,6.880991466281533,308,0.29473684210526313,363,0.3473684210526316
667690,"Stubbs, C.J.",6,1,6,"74.316933333",0.5,0.3333333333333333,0.3333333333333333,0.16666666666666666,0.16666666666666666,"7.183013333",0,-0.7691006666272369,0,0,3,0.5
677951,"Witt Jr., Bobby",1118,0.9096826688364524,872,"74.314318175",0.45080500894454384,0.35091743119266056,0.2737030411449016,0.2029816513761468,0.15831842576028624,"7.031601869",24,1.4189144505003102,246,0.22003577817531306,459,0.41055456171735244
656484,"Gray, Tristan",143,0.9050632911392406,95,"74.305222378",0.4895104895104894,0.3263157894736842,0.21678321678321677,0.18947368421052632,0.1258741258741259,"7.294604825",3,-5.022705252666506,48,0.3356643356643357,53,0.3706293706293706
672016,"Clarke, Denzel",260,0.9122807017543859,179,"74.2957655",0.43076923076923085,0.2849162011173184,0.19615384615384615,0.1452513966480447,0.1,"7.7044875",7,-2.8667483123329838,81,0.31153846153846154,82,0.3153846153846154
671739,"Harris II, Michael",1081,0.9076406381192276,831,"74.280053191",0.4042553191489363,0.3140794223826715,0.2414431082331175,0.19133574007220217,0.14708603145235893,"8.037763349",22,-28.538527944977115,250,0.23126734505087881,444,0.4107308048103608
663853,"Gonzalez, Romy",594,0.9041095890410958,428,"74.223815758",0.44444444444444453,0.3855140186915888,0.2777777777777778,0.25934579439252337,0.18686868686868688,"6.76894404",9,4.114898912130947,166,0.27946127946127947,225,0.3787878787878788
671284,"Elko, Tim",128,0.9014084507042254,92,"74.192130234",0.45312499999999994,0.2391304347826087,0.171875,0.17391304347826086,0.125,"7.922909453",4,-5.39823892564147,36,0.28125,37,0.2890625
663698,"Bart, Joey",472,0.9059500959692899,344,"74.190782627",0.4385593220338983,0.29941860465116277,0.21822033898305085,0.1686046511627907,0.1228813559322034,"7.320604534",16,-16.374690955043977,128,0.2711864406779661,170,0.3601694915254237
677592,"Pereira, Everson",123,0.8913043478260869,72,"74.160720732",0.3333333333333334,0.3333333333333333,0.1951219512195122,0.1527777777777778,0.08943089430894309,"8.065560569",9,-8.042137667579558,51,0.4146341463414634,36,0.2926829268292683
547180,"Harper, Bryce",1039,0.9050522648083623,740,"74.148533359",0.4408084696823869,0.3013513513513513,0.21462945139557266,0.18513513513513513,0.13185755534167468,"7.338885419",15,-8.15000723935539,299,0.287776708373436,351,0.33782483156881615
677800,"Abreu, Wilyer",746,0.9064398541919806,594,"74.112041957",0.4088471849865952,0.2760942760942761,0.21983914209115282,0.17003367003367004,0.1353887399463807,"7.119481139",15,-4.3470306448371705,152,0.2037533512064343,266,0.35656836461126007
572233,"Walker, Christian",1160,0.9020217729393468,845,"74.110321353",0.41810344827586216,0.2911242603550296,0.2120689655172414,0.1668639053254438,0.12155172413793103,"7.47472544",54,-23.174652271458818,315,0.27155172413793105,383,0.33017241379310347
691176,"Domínguez, Jasson",772,0.9136094674556213,568,"74.032050699",0.3834196891191709,0.2887323943661972,0.21243523316062177,0.17253521126760563,0.12694300518134716,"7.792491813",7,-13.593831134738219,204,0.26424870466321243,254,0.3290155440414508
624585,"Soler, Jorge",516,0.9052631578947369,377,"74.031576512",0.4127906976744186,0.2917771883289125,0.2131782945736434,0.16445623342175067,0.12015503875968993,"7.72301436",8,-8.127150988169374,139,0.2693798449612403,184,0.35658914728682173
691785,"Mayer, Marcelo",231,0.9058823529411765,173,"74.020073463",0.3982683982683982,0.28901734104046245,0.21645021645021645,0.1676300578034682,0.12554112554112554,"7.832084113",6,-8.110008906787844,58,0.2510822510822511,79,0.341991341991342
676724,"Young, Jared",80,0.898876404494382,55,"74.0180245",0.35000000000000003,0.23636363636363636,0.1625,0.14545454545454545,0.1,"7.320869125",3,-1.5482808591606,25,0.3125,27,0.3375
545361,"Trout, Mike",862,0.9054621848739496,622,"74.009059791",0.40023201856148477,0.27491961414790994,0.19837587006960558,0.1639871382636656,0.11832946635730858,"7.45755391",25,-11.924583204303897,240,0.27842227378190254,265,0.3074245939675174
641857,"McMahon, Ryan",1004,0.9053201082055906,671,"74.006936753",0.39940239043824693,0.3144560357675112,0.2101593625498008,0.16989567809239942,0.11354581673306773,"7.440506106",28,-33.18801320294171,333,0.33167330677290835,300,0.29880478087649404
663898,"Rodgers, Brendan",205,0.9070796460176991,129,"73.974793902",0.4000000000000001,0.3023255813953488,0.1902439024390244,0.18604651162790697,0.11707317073170732,"7.309560634",3,-5.401985253733792,76,0.37073170731707317,65,0.3170731707317073
641933,"O'Neill, Tyler",344,0.900523560209424,235,"73.952959564",0.34593023255813937,0.3191489361702128,0.2180232558139535,0.16170212765957448,0.11046511627906977,"7.711458517",5,-18.313015881015264,109,0.3168604651162791,124,0.36046511627906974
642215,"Wilson, Weston",207,0.92,143,"73.949942126",0.4106280193236715,0.27972027972027974,0.1932367149758454,0.1258741258741259,0.08695652173913043,"7.751791643",2,-9.127581999405637,64,0.30917874396135264,69,0.3333333333333333
682626,"Alvarez, Francisco",452,0.9094567404426559,307,"73.93728219",0.4048672566371682,0.3811074918566775,0.2588495575221239,0.2247557003257329,0.15265486725663716,"7.239475774",11,-2.2795842713048486,145,0.32079646017699115,163,0.3606194690265487
680779,"Davis, Henry",515,0.9019264448336253,373,"73.931222311",0.3922330097087379,0.26541554959785524,0.19223300970873786,0.14209115281501342,0.1029126213592233,"7.337637961",8,-29.573283877449576,142,0.2757281553398058,170,0.3300970873786408
671218,"Ramos, Heliot",1133,0.9093097913322632,865,"73.930341474",0.44307149161518095,0.330635838150289,0.2524271844660194,0.18497109826589594,0.1412180052956752,"6.828450388",24,-26.458744595546474,268,0.23654015887025595,437,0.3857016769638129
621566,"Olson, Matt",1262,0.9098774333093006,945,"73.921564279",0.4112519809825674,0.29523809523809524,0.22107765451664024,0.18412698412698414,0.13787638668779714,"7.474238439",21,-8.797687989514793,317,0.25118858954041207,410,0.3248811410459588
691016,"Soderstrom, Tyler",965,0.9138257575757576,738,"73.920656964",0.3772020725388602,0.3333333333333333,0.2549222797927461,0.21138211382113822,0.1616580310880829,"7.475257503",27,-9.33501127738322,227,0.23523316062176167,381,0.39481865284974094
665487,"Tatis Jr., Fernando",1045,0.9063313096270599,783,"73.911687531",0.42296650717703355,0.37420178799489145,0.28038277511961723,0.22349936143039592,0.1674641148325359,"7.278839703",32,-18.225649610495932,262,0.2507177033492823,423,0.4047846889952153
624424,"Conforto, Michael",840,0.9190371991247265,645,"73.907127036",0.4238095238095239,0.2744186046511628,0.21071428571428572,0.14108527131782947,0.10833333333333334,"7.301023679",7,-34.4778477090825,195,0.23214285714285715,288,0.34285714285714286
665862,"Chisholm Jr., Jazz",884,0.9075975359342916,609,"73.896697873",0.41742081447963797,0.2955665024630542,0.20361990950226244,0.1625615763546798,0.11199095022624435,"7.802229514",7,-5.362347348005551,275,0.31108597285067874,283,0.3201357466063348
545341,"Grichuk, Randal",472,0.9200779727095516,381,"73.887429979",0.423728813559322,0.3464566929133858,0.2796610169491525,0.2020997375328084,0.163135593220339,"7.720742775",9,-13.04702180340653,91,0.19279661016949154,193,0.4088983050847458
670231,"Rave, John",269,0.9026845637583892,206,"73.854857249",0.37918215613382905,0.2621359223300971,0.20074349442379183,0.16019417475728157,0.12267657992565056,"7.276658401",8,-17.911119027616998,63,0.2342007434944238,91,0.3382899628252788
694192,"Chourio, Jackson",995,0.9037238873751136,762,"73.853133477",0.39899497487437174,0.3425196850393701,0.2623115577889447,0.18635170603674542,0.14271356783919598,"7.505033296",22,-5.466729848409695,233,0.23417085427135678,402,0.4040201005025126
664040,"Lowe, Brandon",1057,0.9072961373390558,742,"73.834592479",0.4030274361400189,0.2991913746630728,0.21002838221381268,0.15633423180592992,0.1097445600756859,"7.186737578",31,-9.793804597924371,315,0.2980132450331126,342,0.32355723746452225
669261,"Suwinski, Jack",273,0.9069767441860465,190,"73.811120183",0.4212454212454213,0.22105263157894736,0.15384615384615385,0.12105263157894737,0.08424908424908426,"7.395574139",9,-20.522785139645023,83,0.304029304029304,79,0.2893772893772894
669127,"Langeliers, Shea",898,0.9079878665318504,681,"73.777471982",0.3930957683741649,0.3303964757709251,0.2505567928730512,0.19530102790014683,0.14810690423162584,"7.20681049",5,2.7935398640314926,217,0.24164810690423164,358,0.3986636971046771
670042,"Raley, Luke",397,0.906392694063927,236,"73.770378161",0.38035264483627207,0.3008474576271186,0.17884130982367757,0.15254237288135594,0.0906801007556675,"7.087187078",11,-19.09121440269004,161,0.40554156171284633,113,0.28463476070528965
543807,"Springer, George",917,0.9007858546168959,689,"73.757208059",0.40239912758996726,0.3265602322206096,0.24536532170119957,0.18432510885341075,0.13849509269356597,"7.504392268",13,7.872749710761921,228,0.24863685932388221,350,0.3816793893129771
666160,"Moniak, Mickey",802,0.9021372328458943,596,"73.746583953",0.37281795511221943,0.33221476510067116,0.24688279301745636,0.16946308724832215,0.1259351620947631,"7.672325885",19,2.8685898512144874,206,0.256857855361596,315,0.39276807980049877
621043,"Correa, Carlos",938,0.916015625,741,"73.737663678",0.3742004264392323,0.31983805668016196,0.2526652452025586,0.18758434547908232,0.14818763326226012,"7.196131439",15,-11.279733471640379,197,0.21002132196162046,386,0.4115138592750533
677595,"Mauricio, Ronny",329,0.9164345403899722,230,"73.731089362",0.4042553191489362,0.29130434782608694,0.20364741641337386,0.15217391304347827,0.10638297872340426,"7.577298024",5,-7.521548479304933,99,0.3009118541033435,110,0.3343465045592705
671732,"Butler, Lawrence",1043,0.9045967042497832,721,"73.718305954",0.39022051773729627,0.3065187239944521,0.21188878235858102,0.17891816920943135,0.1236816874400767,"7.07997372",26,-25.080083367494904,322,0.3087248322147651,357,0.3422818791946309
688760,"Crim, Blaine",116,0.8923076923076924,77,"73.668071293",0.31034482758620696,0.33766233766233766,0.22413793103448276,0.18181818181818182,0.1206896551724138,"7.303514138",3,-0.9281099107752462,39,0.33620689655172414,38,0.3275862068965517
670223,"Mervis, Matt",262,0.9065743944636678,162,"73.634613893",0.366412213740458,0.2654320987654321,0.16412213740458015,0.12962962962962962,0.08015267175572519,"8.261753244",6,-6.65874954611965,100,0.3816793893129771,66,0.25190839694656486
669087,"Huff, Sam",95,0.8962264150943396,55,"73.620439579",0.368421052631579,0.2909090909090909,0.16842105263157894,0.12727272727272726,0.07368421052631578,"7.440841789",1,-2.0368391758204143,40,0.42105263157894735,26,0.2736842105263158
687952,"Encarnacion-Strand, Christian",236,0.9007633587786259,180,"73.615431949",0.3686440677966102,0.31666666666666665,0.24152542372881355,0.18333333333333332,0.13983050847457626,"7.351324746",2,-6.220912280536579,56,0.23728813559322035,91,0.3855932203389831
700246,"Williams, Carson",179,0.9132653061224489,110,"73.60667905",0.32960893854748596,0.21818181818181817,0.1340782122905028,0.1,0.061452513966480445,"7.583106034",3,-6.155411778313512,69,0.3854748603351955,49,0.2737430167597765
668904,"Lewis, Royce",687,0.9087301587301587,516,"73.589978865",0.395924308588064,0.3372093023255814,0.25327510917030566,0.16666666666666666,0.12518195050946143,"8.02540706",12,-5.891344964423359,171,0.24890829694323144,267,0.388646288209607
672724,"Peraza, Oswald",471,0.9040307101727447,318,"73.589181359",0.3354564755838641,0.29874213836477986,0.20169851380042464,0.14465408805031446,0.09766454352441614,"7.723878259",11,-21.761430944426106,153,0.3248407643312102,153,0.3248407643312102
665742,"Soto, Juan",919,0.8992172211350293,754,"73.587196714",0.4080522306855278,0.3978779840848806,0.3264417845484222,0.26525198938992045,0.2176278563656148,"7.027200555",36,18.903343537760666,165,0.1795429815016322,416,0.45266594124047876
676480,"Barrero, José",61,0.8970588235294118,48,"73.57536459",0.3278688524590164,0.14583333333333334,0.11475409836065574,0.0625,0.04918032786885246,"7.354208361",1,-3.7852164965967527,13,0.21311475409836064,18,0.29508196721311475
681297,"Cowser, Colton",552,0.9019607843137255,376,"73.556015217",0.3333333333333333,0.32978723404255317,0.2246376811594203,0.16489361702127658,0.11231884057971014,"7.29702962",18,-7.742136318666816,176,0.3188405797101449,184,0.3333333333333333
663330,"Jones, Jahmai",240,0.9266409266409267,177,"73.554561542",0.37083333333333335,0.3050847457627119,0.225,0.192090395480226,0.14166666666666666,"7.607765458",2,-0.4404079685183109,63,0.2625,83,0.3458333333333333
700242,"Sweeney, Trey",540,0.9106239460370995,397,"73.545454444",0.2907407407407407,0.2695214105793451,0.19814814814814816,0.13602015113350127,0.1,"7.518211907",12,-22.39836678796268,143,0.26481481481481484,198,0.36666666666666664
701305,"Dezenzo, Zach",189,0.8957345971563981,130,"73.543212011",0.29100529100529116,0.24615384615384617,0.1693121693121693,0.16923076923076924,0.1164021164021164,"7.596901111",4,-2.0777967317161927,59,0.31216931216931215,58,0.30687830687830686
650490,"Díaz, Yandy",990,0.908256880733945,822,"73.54020603",0.3515151515151515,0.3710462287104623,0.30808080808080807,0.24695863746958638,0.20505050505050504,"7.635567091",9,-5.797507185007634,168,0.1696969696969697,450,0.45454545454545453
664056,"Bader, Harrison",835,0.90465872156013,605,"73.527069449",0.37125748502994016,0.28264462809917357,0.20479041916167665,0.15206611570247933,0.11017964071856287,"7.150258299",18,-3.2900956532450953,230,0.2754491017964072,298,0.3568862275449102
667670,"Rooker, Brent",1134,0.9072,817,"73.498180944",0.35537918871252194,0.3353733170134639,0.24162257495590828,0.17380660954712362,0.12522045855379188,"7.09938918",45,-8.024407551394342,317,0.2795414462081129,441,0.3888888888888889
595879,"Báez, Javier",740,0.9013398294762485,530,"73.494970473",0.3432432432432433,0.3018867924528302,0.21621621621621623,0.16226415094339622,0.11621621621621622,"8.265085838",10,-9.306046345536176,210,0.28378378378378377,278,0.37567567567567567
676572,"Wagaman, Eric",779,0.9037122969837587,610,"73.417793415",0.3658536585365853,0.3770491803278688,0.2952503209242619,0.19672131147540983,0.1540436456996149,"7.127643825",26,-14.978926243796266,169,0.21694480102695765,357,0.4582798459563543
669224,"Wells, Austin",808,0.9038031319910514,605,"73.414551176",0.3106435643564356,0.2958677685950413,0.22153465346534654,0.1669421487603306,0.125,"7.595738713",12,-13.70327945356201,203,0.25123762376237624,275,0.34034653465346537
683090,"Lugo, Matthew",108,0.8925619834710744,71,"73.392001759",0.3518518518518518,0.38028169014084506,0.25,0.18309859154929578,0.12037037037037036,"7.408992315",1,0.4571569092740051,37,0.3425925925925926,43,0.39814814814814814
804668,"Flores Jr., Rafael",36,0.9473684210526315,17,"73.387238056",0.36111111111111105,0.29411764705882354,0.1388888888888889,0.29411764705882354,0.1388888888888889,"7.911020833",1,-1.7189115279814347,19,0.5277777777777778,7,0.19444444444444445
663457,"Nootbaar, Lars",814,0.9084821428571429,655,"73.375454238",0.37469287469287466,0.3603053435114504,0.28992628992628994,0.19541984732824427,0.15724815724815724,"6.887534631",20,-25.343376297978782,159,0.19533169533169534,358,0.4398034398034398
672284,"Kelenic, Jarred",117,0.9140625,68,"73.369160769",0.2905982905982907,0.27941176470588236,0.1623931623931624,0.19117647058823528,0.1111111111111111,"7.311944444",1,-7.124878107365343,49,0.4188034188034188,33,0.28205128205128205
700250,"Rice, Ben",790,0.9111880046136102,639,"73.357201139",0.3405063291139241,0.39436619718309857,0.3189873417721519,0.24882629107981222,0.20126582278481012,"7.353966316",15,0.14427315885802539,151,0.1911392405063291,349,0.4417721518987342
660162,"Moncada, Yoán",448,0.9032258064516129,319,"73.343454442",0.3816964285714286,0.3322884012539185,0.23660714285714285,0.16614420062695925,0.11830357142857142,"7.353297031",13,-8.520303499012954,129,0.28794642857142855,163,0.3638392857142857
665953,"Chaparro, Andrés",128,0.9078014184397163,89,"73.340514063",0.296875,0.24719101123595505,0.171875,0.15730337078651685,0.109375,"7.257642578",4,-5.9144498398432255,39,0.3046875,41,0.3203125
502054,"Pham, Tommy",651,0.9104895104895104,513,"73.337161014",0.32411674347158215,0.3742690058479532,0.29493087557603687,0.1871345029239766,0.14746543778801843,"7.016846774",10,-12.98610816761139,138,0.2119815668202765,278,0.4270353302611367
666915,"Dalbec, Bobby",32,0.8888888888888888,21,"73.335251875",0.4375,0.19047619047619047,0.125,0.09523809523809523,0.0625,"7.21641875",1,-2.122651953882264,11,0.34375,10,0.3125
592885,"Yelich, Christian",1059,0.9051282051282051,765,"73.331335562",0.3541076487252124,0.3241830065359477,0.23418319169027385,0.1830065359477124,0.13220018885741266,"7.534335694",23,-10.85397415927933,294,0.2776203966005666,384,0.3626062322946176
673548,"Suzuki, Seiya",994,0.9028156221616712,788,"73.31495341",0.3692152917505031,0.33375634517766495,0.26458752515090544,0.1916243654822335,0.15191146881287726,"7.220581147",26,0.26837551931203185,206,0.20724346076458752,400,0.4024144869215292
678554,"Mead, Curtis",434,0.9079497907949791,354,"73.313244677",0.3709677419354839,0.2853107344632768,0.23271889400921658,0.11581920903954802,0.0944700460829493,"7.206694654",8,-10.6491283592797,80,0.18433179723502305,168,0.3870967741935484
692225,"Campbell, Kristian",400,0.8968609865470852,298,"73.292610175",0.39000000000000007,0.3053691275167785,0.2275,0.17114093959731544,0.1275,"6.79040675",10,-11.195966854587157,102,0.255,145,0.3625
681715,"Hernández, Heriberto",460,0.9037328094302554,309,"73.287492978",0.3717391304347826,0.35275080906148865,0.23695652173913043,0.18446601941747573,0.12391304347826088,"7.717781609",15,-4.524304264690537,151,0.3282608695652174,176,0.3826086956521739
681987,"Eaton, Nate",138,0.8961038961038961,116,"73.280985435",0.3115942028985507,0.28448275862068967,0.2391304347826087,0.13793103448275862,0.11594202898550725,"7.286916884",0,0.4111339347394933,22,0.15942028985507245,60,0.43478260869565216
660757,"Gonzalez, Oscar",129,0.9148936170212766,95,"73.275009612",0.3565891472868218,0.2631578947368421,0.1937984496124031,0.15789473684210525,0.11627906976744186,"6.986458295",2,-5.388150284444453,34,0.26356589147286824,44,0.34108527131782945
592626,"Pederson, Joc",487,0.9171374764595104,374,"73.274468727",0.3285420944558523,0.32620320855614976,0.25051334702258726,0.1711229946524064,0.13141683778234087,"7.561282053",8,-22.165560649353687,113,0.23203285420944558,181,0.37166324435318276
690291,"Jung, Jace",93,0.9117647058823529,71,"73.250971075",0.3763440860215054,0.22535211267605634,0.17204301075268819,0.11267605633802817,0.08602150537634409,"7.405063871",0,-6.082757160413151,22,0.23655913978494625,28,0.3010752688172043
572138,"Singleton, Jon",12,0.9230769230769231,10,"73.249194167",0.25,0.5,0.4166666666666667,0.2,0.16666666666666666,"7.0450825",0,-1.8111664466927022,2,0.16666666666666666,8,0.6666666666666666
608701,"Refsnyder, Rob",328,0.9060773480662984,253,"73.244695518",0.33841463414634143,0.33992094861660077,0.2621951219512195,0.20553359683794467,0.15853658536585366,"7.591241524",6,-3.6508535393627946,75,0.22865853658536586,121,0.36890243902439024
677347,"Paris, Kyren",221,0.9057377049180327,117,"73.243466878",0.3529411764705883,0.2905982905982906,0.15384615384615385,0.11965811965811966,0.06334841628959276,"7.494541403",0,-4.601845217883182,104,0.47058823529411764,55,0.248868778280543
682634,"Alcántara, Kevin",19,0.9047619047619048,12,"73.242627368",0.2631578947368421,0.3333333333333333,0.21052631578947367,0.25,0.15789473684210525,"7.985899474",0,0.13322916706384375,7,0.3684210526315789,7,0.3684210526315789
687529,"McCray, Grant",44,0.9777777777777777,29,"73.230871136",0.36363636363636376,0.20689655172413793,0.13636363636363635,0.06896551724137931,0.045454545454545456,"7.1799525",1,-3.864230468924915,15,0.3409090909090909,11,0.25
661388,"Contreras, William",1056,0.9002557544757033,826,"73.225008324",0.349431818181818,0.36803874092009686,0.2878787878787879,0.19612590799031476,0.1534090909090909,"7.112051695",27,-13.37049462137178,230,0.2178030303030303,424,0.4015151515151515
694728,"Matthews, Brice",79,0.9080459770114943,40,"73.213564304",0.30379746835443033,0.325,0.16455696202531644,0.225,0.11392405063291139,"7.252830633",3,-0.5688739026005253,39,0.4936708860759494,21,0.26582278481012656
686611,"Crews, Dylan",485,0.9116541353383458,345,"73.190303237",0.33814432989690724,0.32463768115942027,0.2309278350515464,0.16231884057971013,0.1154639175257732,"7.205291546",17,-16.96974285213646,140,0.28865979381443296,197,0.4061855670103093
670224,"Misner, Kameron",377,0.9040767386091128,248,"73.178206207",0.32360742705570306,0.25806451612903225,0.16976127320954906,0.0846774193548387,0.05570291777188329,"7.832936552",12,-12.81813299906347,129,0.3421750663129973,115,0.3050397877984085
682622,"Marte, Noelvi",584,0.9054263565891473,437,"73.177089486",0.32876712328767127,0.32723112128146453,0.24486301369863014,0.15789473684210525,0.11815068493150685,"7.363613801",15,-0.011377773591788931,147,0.2517123287671233,238,0.4075342465753425
687597,"Beck, Jordan",948,0.9089165867689357,662,"73.153055232",0.32700421940928265,0.26586102719033233,0.18565400843881857,0.13595166163141995,0.0949367088607595,"7.722553312",8,-9.038023142912124,286,0.30168776371308015,321,0.33860759493670883
691777,"Muncy, Max",365,0.8990147783251231,255,"73.148160356",0.3424657534246576,0.27450980392156865,0.1917808219178082,0.12156862745098039,0.08493150684931507,"7.344378603",13,-11.023934223491803,110,0.3013698630136986,130,0.3561643835616438
678894,"Peguero, Liover",126,0.9130434782608695,85,"73.141570079",0.22222222222222224,0.2235294117647059,0.15079365079365079,0.12941176470588237,0.0873015873015873,"7.506921825",1,-5.273058651339702,41,0.3253968253968254,48,0.38095238095238093
669374,"Hiura, Keston",35,0.8974358974358975,25,"73.138188857",0.2571428571428571,0.2,0.14285714285714285,0.04,0.02857142857142857,"7.260665143",1,-1.2846892554615048,10,0.2857142857142857,10,0.2857142857142857
669134,"Campusano, Luis",38,0.8837209302325582,24,"73.121504737",0.31578947368421056,0.2916666666666667,0.18421052631578946,0.08333333333333333,0.05263157894736842,"8.285551053",1,-4.709987047314533,14,0.3684210526315789,8,0.21052631578947367
694671,"Langford, Wyatt",903,0.9093655589123867,676,"73.118531473",0.2890365448504982,0.3431952662721893,0.25692137320044295,0.17899408284023668,0.13399778516057587,"7.015621351",10,-14.646751004619253,227,0.2513842746400886,321,0.3554817275747508
686527,"Canzone, Dominic",462,0.9005847953216374,349,"73.104406299",0.3658008658008658,0.3524355300859599,0.2662337662337662,0.1833810888252149,0.13852813852813853,"7.324299091",11,4.486491754926373,113,0.24458874458874458,169,0.3658008658008658
694374,"Tawa, Tim",363,0.9052369077306733,249,"73.104160193",0.31129476584022037,0.3092369477911647,0.21212121212121213,0.1646586345381526,0.11294765840220386,"7.092500193",10,-12.003978486901453,114,0.3140495867768595,129,0.35537190082644626
642708,"Rosario, Amed",312,0.9017341040462428,246,"73.101347692",0.29487179487179477,0.34959349593495936,0.27564102564102566,0.15853658536585366,0.125,"7.326807628",4,-4.11190271379754,66,0.21153846153846154,130,0.4166666666666667
687221,"Rushing, Dalton",238,0.9049429657794676,156,"73.083632437",0.23529411764705888,0.3333333333333333,0.2184873949579832,0.1794871794871795,0.11764705882352941,"7.594035126",8,-9.112183190335028,82,0.3445378151260504,79,0.3319327731092437
605137,"Bell, Josh",891,0.9101123595505618,700,"73.061417239",0.3479236812570145,0.34285714285714286,0.26936026936026936,0.18428571428571427,0.1447811447811448,"7.962955118",12,-23.399487100369843,191,0.2143658810325477,364,0.40852974186307517
679529,"Torkelson, Spencer",1055,0.9150043365134432,794,"73.007656872",0.26255924170616113,0.30730478589420657,0.23127962085308057,0.15365239294710328,0.11563981042654028,"7.76138855",17,-19.775382603053913,261,0.24739336492890995,372,0.35260663507109
640459,"Navarreto, Brian",20,0.9090909090909091,15,"72.9857565",0.3500000000000001,0.5333333333333333,0.4,0.4,0.3,"8.117321",0,0.016929951003808147,5,0.25,10,0.5
521692,"Perez, Salvador",1150,0.9012539184952978,862,"72.934573148",0.3043478260869566,0.3259860788863109,0.24434782608695652,0.17633410672853828,0.13217391304347825,"7.851673696",22,-20.25249716690194,288,0.25043478260869567,441,0.3834782608695652
606192,"Hernández, Teoscar",950,0.9082217973231358,664,"72.932238347",0.3084210526315791,0.3493975903614458,0.24421052631578946,0.18825301204819278,0.13157894736842105,"7.811809179",26,-15.586825568464045,286,0.30105263157894735,356,0.37473684210526315
686554,"Dunn, Oliver",56,0.9180327868852459,36,"72.876761071",0.2142857142857143,0.3888888888888889,0.25,0.19444444444444445,0.125,"7.429844821",0,-5.05607739086979,20,0.35714285714285715,21,0.375
596142,"Sánchez, Gary",148,0.9135802469135802,109,"72.86115027",0.3310810810810811,0.3669724770642202,0.2702702702702703,0.21100917431192662,0.1554054054054054,"7.558729189",3,-4.8240190230705595,39,0.2635135135135135,54,0.36486486486486486
663584,"Senger, Hayden",119,0.9083969465648855,80,"72.848340504",0.2605042016806723,0.375,0.25210084033613445,0.1875,0.12605042016806722,"7.646052605",2,-9.01215072385451,39,0.3277310924369748,46,0.3865546218487395
493329,"Gurriel, Yuli",63,0.9130434782608695,55,"72.84322873",0.3492063492063492,0.23636363636363636,0.20634920634920634,0.03636363636363636,0.031746031746031744,"7.857498889",2,-5.387575594003928,8,0.12698412698412698,26,0.4126984126984127
664913,"Brown, Seth",129,0.9084507042253521,90,"72.841516357",0.24031007751937988,0.23333333333333334,0.16279069767441862,0.1,0.06976744186046512,"7.199511628",2,-6.947970125183114,39,0.3023255813953488,40,0.31007751937984496
656248,"Bouchard, Sean",99,0.8918918918918919,66,"72.837050505",0.23232323232323238,0.24242424242424243,0.16161616161616163,0.07575757575757576,0.050505050505050504,"7.410167677",3,-5.85334326995913,33,0.3333333333333333,34,0.3434343434343434
553869,"Díaz, Elias",478,0.9018867924528302,323,"72.81915795",0.29288702928870297,0.3065015479876161,0.20711297071129708,0.15789473684210525,0.10669456066945607,"6.888012238",17,-19.444171534188982,155,0.32426778242677823,166,0.3472803347280335
542303,"Ozuna, Marcell",914,0.904055390702275,684,"72.814197823",0.31291028446389496,0.3201754385964912,0.23960612691466082,0.14912280701754385,0.11159737417943107,"7.240152319",3,-12.701361823435633,230,0.25164113785557984,317,0.34682713347921224
605204,"Davis, J.D.",18,0.8571428571428571,10,"72.71735",0.2222222222222222,0.2,0.1111111111111111,0.2,0.1111111111111111,"7.067817778",1,-1.4260173647478542,8,0.4444444444444444,5,0.2777777777777778
669357,"Gorman, Nolan",686,0.9014454664914586,464,"72.716593192",0.2448979591836735,0.27586206896551724,0.18658892128279883,0.1314655172413793,0.08892128279883382,"7.553209198",17,-20.76347252445034,222,0.3236151603498542,200,0.2915451895043732
691718,"Crow-Armstrong, Pete",1226,0.9068047337278107,903,"72.714566672",0.28466557911908635,0.301218161683278,0.22185970636215335,0.1461794019933555,0.10766721044045677,"7.238086272",24,-8.015522789945411,323,0.2634584013050571,416,0.33931484502446985
695681,"Moore, Christian",327,0.9008264462809917,211,"72.710819633",0.2966360856269113,0.27488151658767773,0.17737003058103976,0.14218009478672985,0.09174311926605505,"7.005615872",13,-11.48796968391188,116,0.3547400611620795,95,0.290519877675841
657041,"Thomas, Lane",214,0.9106382978723404,150,"72.710754065",0.2196261682242991,0.26,0.1822429906542056,0.11333333333333333,0.0794392523364486,"6.899759813",6,-12.867784147617343,64,0.29906542056074764,75,0.35046728971962615
669911,"Toglia, Michael",588,0.8963414634146342,389,"72.709774473",0.22619047619047614,0.2699228791773779,0.17857142857142858,0.13624678663239073,0.09013605442176871,"7.581330408",15,-16.535551357201953,199,0.33843537414965985,169,0.28741496598639454
641555,"Escarra, J.C.",146,0.9012345679012346,120,"72.706041233",0.2602739726027397,0.375,0.3082191780821918,0.18333333333333332,0.1506849315068493,"7.528805548",2,-5.00811638233488,26,0.1780821917808219,64,0.4383561643835616
805249,"Kemp, Otto",368,0.9041769041769042,248,"72.692934674",0.2608695652173913,0.3225806451612903,0.21739130434782608,0.15725806451612903,0.10597826086956522,"7.511299783",11,-3.76303982615259,120,0.32608695652173914,119,0.3233695652173913
689200,"Melton, Jacob",135,0.9121621621621622,89,"72.673256444",0.2518518518518519,0.2696629213483146,0.17777777777777778,0.14606741573033707,0.0962962962962963,"7.368280074",4,-8.127564151317431,46,0.34074074074074073,38,0.2814814814814815
666134,"Jones, Nolan",695,0.9049479166666666,507,"72.665207496",0.3122302158273382,0.3076923076923077,0.22446043165467625,0.14398422090729784,0.10503597122302158,"6.869590676",14,-26.397630947311107,188,0.27050359712230215,221,0.31798561151079136
681546,"Outman, James",248,0.9018181818181819,159,"72.665079355",0.2701612903225808,0.24528301886792453,0.15725806451612903,0.1320754716981132,0.0846774193548387,"7.757212137",10,-10.14877923815856,89,0.3588709677419355,68,0.27419354838709675
516782,"Marte, Starling",546,0.9024793388429752,401,"72.661570549",0.33150183150183143,0.32169576059850374,0.23626373626373626,0.16708229426433915,0.1227106227106227,"7.28015511",10,-6.9572894042998685,145,0.26556776556776557,210,0.38461538461538464
686555,"Collins, Isaac",685,0.9072847682119205,544,"72.654714277",0.22481751824817522,0.3069852941176471,0.24379562043795622,0.14154411764705882,0.11240875912408758,"6.688861985",19,-10.843765254896208,141,0.20583941605839415,264,0.3854014598540146
669288,"Johnson, Daniel",94,0.9038461538461539,65,"72.653400745",0.2446808510638297,0.3230769230769231,0.22340425531914893,0.24615384615384617,0.1702127659574468,"7.539581702",2,-4.974425642487663,29,0.30851063829787234,37,0.39361702127659576
663796,"Montes, Coco",10,0.9090909090909091,8,"72.653282",0.30000000000000004,0.375,0.3,0.375,0.3,"7.70711",1,-0.4310439119330173,2,0.2,7,0.7
663993,"Lowe, Nathaniel",1040,0.9075043630017452,805,"72.636837779",0.24134615384615393,0.2745341614906832,0.2125,0.1341614906832298,0.10384615384615385,"7.225129221",28,-23.012302012819834,235,0.22596153846153846,358,0.34423076923076923
502671,"Goldschmidt, Paul",902,0.915736040609137,734,"72.615961153",0.2184035476718404,0.3405994550408719,0.2771618625277162,0.15803814713896458,0.1286031042128603,"7.585660089",9,-13.65974257729823,168,0.18625277161862527,372,0.4124168514412417
672359,"Ornelas, Tirso",24,0.9230769230769231,21,"72.610849167",0.33333333333333337,0.3333333333333333,0.2916666666666667,0.09523809523809523,0.08333333333333333,"7.58479375",1,-3.03771691542505,3,0.125,10,0.4166666666666667
669004,"Melendez, MJ",104,0.8888888888888888,65,"72.610017019",0.25,0.3384615384615385,0.21153846153846154,0.12307692307692308,0.07692307692307693,"7.714699423",5,-9.907923265979568,39,0.375,34,0.3269230769230769
669221,"Murphy, Sean",577,0.9015625,404,"72.595209393",0.30502599653379553,0.26485148514851486,0.1854419410745234,0.15099009900990099,0.10571923743500866,"7.836630745",33,-10.956921866835488,173,0.29982668977469673,175,0.30329289428076256
683011,"Volpe, Anthony",978,0.9047178538390379,742,"72.588285736",0.2852760736196319,0.33423180592991913,0.25357873210633947,0.15498652291105122,0.11758691206543967,"7.248732894",11,-32.406197805926325,236,0.24130879345603273,361,0.36912065439672803
686780,"Pagés, Pedro",686,0.9074074074074074,504,"72.577596181",0.2725947521865889,0.2638888888888889,0.19387755102040816,0.12698412698412698,0.09329446064139942,"7.10684449",18,-16.773929987193128,182,0.2653061224489796,241,0.35131195335276966
683748,"Mesa Jr., Victor",67,0.9178082191780822,55,"72.558096119",0.17910447761194034,0.32727272727272727,0.26865671641791045,0.12727272727272726,0.1044776119402985,"7.985764328",1,-4.531983490006905,12,0.1791044776119403,26,0.3880597014925373
656537,"Hill, Derek",270,0.9090909090909091,186,"72.552096",0.23333333333333334,0.2903225806451613,0.2,0.15053763440860216,0.1037037037037037,"7.289496037",9,-5.560175364083528,84,0.3111111111111111,81,0.3
681624,"Pages, Andy",1118,0.9037995149555376,908,"72.542066351",0.21466905187835417,0.2918502202643172,0.2370304114490161,0.12665198237885464,0.10286225402504472,"7.889273238",31,1.2507844815190978,210,0.18783542039355994,420,0.3756708407871199
672820,"Sosa, Lenyn",937,0.9097087378640777,733,"72.5300892",0.2614727854855923,0.3451568894952251,0.2700106723585913,0.16234652114597545,0.12700106723585913,"7.415878815",9,1.658264808201185,204,0.21771611526147278,374,0.3991462113127001
686469,"Pasquantino, Vinnie",1096,0.9102990033222591,910,"72.498317445",0.2627737226277373,0.3648351648351648,0.3029197080291971,0.1835164835164835,0.15237226277372262,"7.376283139",12,-0.555776856702197,186,0.16970802919708028,480,0.43795620437956206
694208,"Ballesteros, Moisés",99,0.908256880733945,72,"72.489770909",0.292929292929293,0.3472222222222222,0.25252525252525254,0.1388888888888889,0.10101010101010101,"7.039178889",3,0.5879863529104621,27,0.2727272727272727,37,0.37373737373737376
608369,"Seager, Corey",741,0.9069767441860465,548,"72.478539271",0.21592442645074225,0.3613138686131387,0.26720647773279355,0.2116788321167883,0.15654520917678813,"6.677004561",21,-5.768559121604715,193,0.26045883940620784,272,0.36707152496626183
672386,"Kirk, Alejandro",850,0.9139784946236559,699,"72.475748659",0.2835294117647059,0.38626609442060084,0.3176470588235294,0.2117310443490701,0.17411764705882352,"7.187121141",12,-13.939045976259223,151,0.1776470588235294,388,0.45647058823529413
694376,"Whitcomb, Shay",62,0.8985507246376812,42,"72.466834355",0.2096774193548387,0.19047619047619047,0.12903225806451613,0.07142857142857142,0.04838709677419355,"7.868445484",1,-3.239093970566719,20,0.3225806451612903,19,0.3064516129032258
686894,"Wiemer, Joey",110,0.8943089430894309,77,"72.466694818",0.2272727272727273,0.2857142857142857,0.2,0.14285714285714285,0.1,"7.576034545",6,-0.5988899901493379,33,0.3,32,0.2909090909090909
676679,"Vázquez, Luis",91,0.91,57,"72.436130879",0.31868131868131866,0.3684210526315789,0.23076923076923078,0.14035087719298245,0.08791208791208792,"7.317267143",0,-5.895215795809773,34,0.37362637362637363,30,0.32967032967032966
691781,"House, Brady",500,0.9124087591240876,355,"72.41464654",0.222,0.3380281690140845,0.24,0.16619718309859155,0.118,"7.51268112",5,-20.454462972898316,145,0.29,178,0.356
676116,"Noda, Ryan",89,0.89,53,"72.410234045",0.24719101123595513,0.2641509433962264,0.15730337078651685,0.11320754716981132,0.06741573033707865,"7.436879213",7,-7.2312550303844825,36,0.4044943820224719,21,0.23595505617977527
666139,"Lowe, Josh",879,0.9080578512396694,640,"72.401029841",0.27417519908987487,0.2703125,0.19681456200227532,0.1015625,0.07394766780432309,"7.308514312",15,-31.826863325043597,239,0.27189988623435724,267,0.3037542662116041
671277,"García Jr., Luis",880,0.9062821833161689,712,"72.386946489",0.2795454545454545,0.37780898876404495,0.30568181818181817,0.18117977528089887,0.14659090909090908,"7.3990705",18,-11.348868561348297,168,0.19090909090909092,390,0.4431818181818182
518792,"Heyward, Jason",142,0.9044585987261147,108,"72.370595986",0.20422535211267606,0.3148148148148148,0.23943661971830985,0.12962962962962962,0.09859154929577464,"8.246788873",4,-9.372895810172201,34,0.23943661971830985,64,0.4507042253521127
666310,"Naylor, Bo",706,0.9086229086229086,566,"72.36030534",0.22096317280453265,0.2862190812720848,0.22946175637393768,0.11484098939929328,0.09206798866855524,"7.763179093",18,-21.73878832747281,140,0.19830028328611898,248,0.35127478753541075
682928,"Abrams, CJ",1039,0.9042645778938208,803,"72.350200077",0.2531280076997113,0.3138231631382316,0.24254090471607315,0.1382316313823163,0.1068334937439846,"7.59864589",28,-23.09598780834635,236,0.2271414821944177,416,0.40038498556304136
663536,"English, Tristin",46,0.92,37,"72.34959587",0.2608695652173913,0.2702702702702703,0.21739130434782608,0.02702702702702703,0.021739130434782608,"7.181695",0,-3.813752792258856,9,0.1956521739130435,12,0.2608695652173913
680728,"Del Castillo, Adrian",227,0.9190283400809717,156,"72.348246035",0.20264317180616742,0.2948717948717949,0.2026431718061674,0.11538461538461539,0.07929515418502203,"7.03030489",5,-5.70911260102405,71,0.31277533039647576,70,0.30837004405286345
572191,"Taylor, Michael A.",549,0.9014778325123153,345,"72.345991148",0.2659380692167578,0.32753623188405795,0.2058287795992714,0.17101449275362318,0.10746812386156648,"7.067099381",29,-17.31875649916704,204,0.37158469945355194,171,0.3114754098360656
671655,"Valera, George",76,0.9047619047619048,54,"72.341488947",0.25,0.3148148148148148,0.2236842105263158,0.18518518518518517,0.13157894736842105,"6.719312632",1,-2.5100100474435925,22,0.2894736842105263,27,0.35526315789473684
687401,"Ortiz, Joey",765,0.9085510688836105,649,"72.339505438",0.2418300653594772,0.275808936825886,0.23398692810457516,0.12942989214175654,0.10980392156862745,"7.519307699",7,-15.492126031497035,116,0.15163398692810456,359,0.469281045751634
680777,"Jeffers, Ryan",640,0.90014064697609,519,"72.336552938",0.27968750000000003,0.35260115606936415,0.2859375,0.16570327552986513,0.134375,"7.298354672",16,-5.140020551002601,121,0.1890625,290,0.453125
676475,"Burleson, Alec",843,0.9035369774919614,710,"72.329669786",0.2906287069988137,0.39436619718309857,0.33214709371293,0.19014084507042253,0.1601423487544484,"7.451094033",12,1.0589976592860952,133,0.15776986951364175,393,0.46619217081850534
656582,"Joe, Connor",120,0.8955223880597015,95,"72.327205667",0.23333333333333334,0.3368421052631579,0.26666666666666666,0.14736842105263157,0.11666666666666667,"7.267082",2,-9.534032795379112,25,0.20833333333333334,47,0.39166666666666666
668227,"Arozarena, Randy",1093,0.9010717230008244,794,"72.315898966",0.2973467520585545,0.3513853904282116,0.2552607502287283,0.18513853904282115,0.1344922232387923,"7.443779296",20,-17.777441742837762,299,0.2735590118938701,385,0.35224153705397987
665161,"Peña, Jeremy",813,0.9053452115812918,606,"72.308806937",0.15621156211562112,0.4075907590759076,0.3038130381303813,0.20132013201320131,0.15006150061500614,"7.548404772",13,1.751589174714293,207,0.25461254612546125,383,0.4710947109471095
605170,"Caratini, Victor",595,0.9097859327217125,487,"72.290995765",0.23529411764705888,0.37782340862423,0.3092436974789916,0.16632443531827515,0.1361344537815126,"6.988981513",7,-7.713966495605922,108,0.1815126050420168,271,0.45546218487394957
657136,"Wong, Connor",315,0.9051724137931034,244,"72.29090219",0.23174603174603178,0.2336065573770492,0.18095238095238095,0.09836065573770492,0.0761904761904762,"7.292023905",10,-18.02078925428132,71,0.2253968253968254,115,0.36507936507936506
680716,"Ornelas, Jonathan",17,0.8947368421052632,13,"72.286190588",0.29411764705882354,0.15384615384615385,0.11764705882352941,0.07692307692307693,0.058823529411764705,"7.146977647",1,-0.7222219825713424,4,0.23529411764705882,5,0.29411764705882354
624641,"Sosa, Edmundo",475,0.9064885496183206,356,"72.272015768",0.26105263157894737,0.3089887640449438,0.23157894736842105,0.14325842696629212,0.10736842105263159,"8.088233179",2,-0.6866396964151285,119,0.2505263157894737,175,0.3684210526315789
553993,"Suárez, Eugenio",1153,0.8986749805144193,806,"72.257302134",0.26452732003469226,0.3176178660049628,0.2220294882914137,0.15632754342431762,0.10928013876843018,"7.803451075",57,3.3309170873899245,347,0.30095403295750217,373,0.32350390286209885
665966,"Narváez, Carlos",801,0.9071347678369196,594,"72.254590337",0.20349563046192262,0.3484848484848485,0.25842696629213485,0.15993265993265993,0.11860174781523096,"7.588126255",15,-13.530481598323552,207,0.25842696629213485,277,0.34581772784019976
542932,"Berti, Jon",161,0.8994413407821229,119,"72.230802981",0.21739130434782616,0.3277310924369748,0.2422360248447205,0.13445378151260504,0.09937888198757763,"7.432470994",2,-10.53789263056421,42,0.2608695652173913,70,0.43478260869565216
669398,"Workman, Gage",25,0.8620689655172413,9,"72.2052056",0.15999999999999998,0.5555555555555556,0.2,0.1111111111111111,0.04,"7.4658064",0,-2.758346631610689,16,0.64,6,0.24
607043,"Nimmo, Brandon",1071,0.9060913705583756,826,"72.20380436",0.2623716153127918,0.3486682808716707,0.2689075630252101,0.19854721549636803,0.1531279178338002,"7.187559841",22,-18.656223700245107,245,0.22875816993464052,410,0.3828197945845005
668804,"Reynolds, Bryan",1147,0.9038613081166272,843,"72.203246059",0.22667829119442026,0.3309608540925267,0.24324324324324326,0.16725978647686832,0.12292938099389712,"6.946522598",43,-28.417422211922307,304,0.26503923278116825,392,0.34176111595466435
657557,"DeJong, Paul",413,0.8997821350762527,284,"72.202488281",0.1646489104116223,0.2605633802816901,0.1791767554479419,0.11267605633802817,0.0774818401937046,"6.909304528",3,-8.75922901066829,129,0.31234866828087166,120,0.29055690072639223
642136,"Thaiss, Matt",331,0.9068493150684932,241,"72.201536435",0.229607250755287,0.26556016597510373,0.1933534743202417,0.12863070539419086,0.09365558912386707,"7.475867402",9,-10.480511878162083,90,0.2719033232628399,104,0.31419939577039274
642201,"White, Eli",460,0.905511811023622,351,"72.18812887",0.21086956521739128,0.2792022792022792,0.21304347826086956,0.14814814814814814,0.11304347826086956,"7.167644413",15,-9.327504984103648,109,0.23695652173913043,167,0.3630434782608696
665804,"Amaya, Miguel",185,0.9068627450980392,143,"72.183086649",0.22162162162162163,0.27972027972027974,0.21621621621621623,0.1258741258741259,0.0972972972972973,"7.672966108",2,2.2881613815912805,42,0.22702702702702704,70,0.3783783783783784
665019,"Clemens, Kody",657,0.9074585635359116,511,"72.179093988",0.17503805175038054,0.34833659491193736,0.2709284627092846,0.18590998043052837,0.1445966514459665,"7.274248615",9,-13.515635605963732,146,0.2222222222222222,242,0.3683409436834094
687551,"Gilbert, Drew",167,0.8978494623655914,133,"72.170225928",0.1856287425149701,0.3007518796992481,0.23952095808383234,0.12781954887218044,0.10179640718562874,"7.560515569",5,-6.633105832956064,34,0.20359281437125748,78,0.46706586826347307
657656,"Laureano, Ramón",832,0.9014084507042254,623,"72.158808041",0.22235576923076922,0.32102728731942215,0.2403846153846154,0.16853932584269662,0.12620192307692307,"7.008321142",28,1.402308629752856,209,0.2512019230769231,297,0.35697115384615385
673237,"Diaz, Yainer",984,0.9060773480662984,777,"72.157645102",0.21646341463414634,0.3487773487773488,0.27540650406504064,0.17631917631917632,0.13922764227642276,"7.330226555",30,-15.34275264774342,207,0.21036585365853658,416,0.42276422764227645
669717,"Wilson, Will",173,0.9010416666666666,106,"72.157095376",0.13294797687861268,0.19811320754716982,0.12138728323699421,0.02830188679245283,0.017341040462427744,"7.304103988",2,-8.346701465039148,67,0.3872832369942196,37,0.2138728323699422
687637,"Beavers, Dylan",196,0.9116279069767442,156,"72.153913929",0.2142857142857143,0.28846153846153844,0.22959183673469388,0.1282051282051282,0.10204081632653061,"7.445445255",4,-2.9596451023849886,40,0.20408163265306123,69,0.3520408163265306
663616,"Larnach, Trevor",869,0.9099476439790576,625,"72.133038147",0.2289988492520138,0.3888,0.27963176064441886,0.176,0.12658227848101267,"7.260420679",19,-21.45494104620632,244,0.2807825086306099,355,0.4085155350978136
666969,"García, Adolis",1004,0.9061371841155235,724,"72.119125488",0.252988047808765,0.36187845303867405,0.26095617529880477,0.1712707182320442,0.12350597609561753,"7.583663506",16,-31.378320616106613,280,0.2788844621513944,361,0.3595617529880478
593428,"Bogaerts, Xander",750,0.9090909090909091,599,"72.115564267",0.2573333333333333,0.3639398998330551,0.2906666666666667,0.15859766277128548,0.12666666666666668,"7.330263",16,-18.674885212464066,151,0.20133333333333334,356,0.4746666666666667
680869,"Gelof, Zack",190,0.9090909090909091,109,"72.081462211",0.1421052631578948,0.26605504587155965,0.15263157894736842,0.11926605504587157,0.06842105263157895,"7.289675684",3,-7.146921478251861,81,0.4263157894736842,42,0.22105263157894736
677942,"Alexander, Blaze",421,0.9053763440860215,292,"72.074414014",0.2541567695961996,0.2876712328767123,0.1995249406175772,0.15753424657534246,0.10926365795724466,"7.430495463",8,-9.48242357824788,129,0.30641330166270786,129,0.30641330166270786
694203,"Guzman, Denzer",83,0.9120879120879121,50,"72.068503976",0.20481927710843376,0.18,0.10843373493975904,0.12,0.07228915662650602,"7.929979036",0,-1.769011517803757,33,0.39759036144578314,18,0.21686746987951808
701398,"Stewart, Sal",99,0.9339622641509434,78,"72.059497879",0.2626262626262626,0.358974358974359,0.2828282828282828,0.16666666666666666,0.13131313131313133,"7.839745657",2,2.704716949744927,21,0.21212121212121213,37,0.37373737373737376
642350,"Siri, Jose",72,0.9,44,"72.057903194",0.2361111111111111,0.18181818181818182,0.1111111111111111,0.06818181818181818,0.041666666666666664,"7.528909306",2,-5.71304934566684,28,0.3888888888888889,15,0.20833333333333334
663656,"Tucker, Kyle",927,0.904390243902439,762,"72.045300162",0.2362459546925566,0.36089238845144356,0.296655879180151,0.15223097112860892,0.12513484358144553,"7.553494649",15,-17.621132259902758,165,0.1779935275080906,400,0.43149946062567424
682641,"Matos, Luis",314,0.9022988505747126,262,"72.040437834",0.22611464968152864,0.33969465648854963,0.28343949044585987,0.12213740458015267,0.10191082802547771,"7.323164936",9,-3.998678824044589,52,0.16560509554140126,143,0.4554140127388535
623993,"Santander, Anthony",405,0.9080717488789237,313,"72.03464879",0.20987654320987656,0.2715654952076677,0.20987654320987653,0.13099041533546327,0.10123456790123457,"7.232810247",4,-17.62965890773366,92,0.2271604938271605,125,0.30864197530864196
592663,"Realmuto, J.T.",940,0.9082125603864735,723,"72.03438616",0.2617021276595745,0.30567081604426005,0.2351063829787234,0.15352697095435686,0.11808510638297873,"7.519669638",16,-25.293608878972265,217,0.23085106382978723,338,0.3595744680851064
694388,"Loperfido, Joey",177,0.9030612244897959,129,"72.022829096",0.26553672316384175,0.31007751937984496,0.22598870056497175,0.12403100775193798,0.0903954802259887,"7.633030791",2,8.232769178286937,48,0.2711864406779661,62,0.3502824858757062
642715,"Adames, Willy",1158,0.908235294117647,851,"72.017217427",0.19689119170984457,0.2925969447708578,0.21502590673575128,0.11868390129259694,0.08721934369602763,"8.13856019",14,-19.84147903494857,307,0.2651122625215889,391,0.3376511226252159
669722,"Davidson, Logan",80,0.9090909090909091,49,"71.99286025",0.15,0.1836734693877551,0.1125,0.08163265306122448,0.05,"7.257577625",2,-2.8438313208272255,31,0.3875,17,0.2125
666165,"Sabol, Blake",40,0.9090909090909091,29,"71.97129825",0.09999999999999999,0.20689655172413793,0.15,0.10344827586206896,0.075,"7.17816925",3,-2.453018171035383,11,0.275,9,0.225
663697,"India, Jonathan",831,0.9013015184381779,691,"71.967330734",0.23465703971119134,0.32850940665701883,0.273164861612515,0.13748191027496381,0.11432009626955475,"7.299435138",29,-27.947242590373055,140,0.1684717208182912,369,0.44404332129963897
663743,"Fortes, Nick",377,0.9106280193236715,311,"71.960917294",0.19363395225464192,0.2990353697749196,0.246684350132626,0.12861736334405144,0.10610079575596817,"7.314255066",5,-7.246308711544976,66,0.17506631299734748,154,0.40848806366047746
672642,"Berroa, Steward",8,0.8888888888888888,6,"71.95786875",0,0.3333333333333333,0.25,0,0,"7.01941625",0,-0.09142472920168551,2,0.25,2,0.25
656976,"Smith, Pavin",451,0.9074446680080482,320,"71.951337605",0.2150776053215078,0.3125,0.22172949002217296,0.14375,0.10199556541019955,"7.347529401",22,-2.3519804952605115,131,0.29046563192904656,144,0.31929046563192903
694377,"Yorke, Nick",123,0.9111111111111111,99,"71.921338699",0.2032520325203252,0.21212121212121213,0.17073170731707318,0.1111111111111111,0.08943089430894309,"7.373156992",4,-4.472656465269351,24,0.1951219512195122,46,0.37398373983739835
681351,"O'Hoppe, Logan",811,0.9031180400890868,561,"71.911663872",0.20221948212083848,0.34581105169340465,0.23921085080147966,0.17825311942959002,0.12330456226880394,"7.621800222",17,-26.750252907356384,250,0.3082614056720099,264,0.32552404438964244
650559,"De La Cruz, Bryan",87,0.90625,61,"71.897766092",0.1839080459770115,0.3114754098360656,0.21839080459770116,0.19672131147540983,0.13793103448275862,"7.665149655",3,-4.7899493573210155,26,0.2988505747126437,27,0.3103448275862069
669720,"Hays, Austin",718,0.9020100502512562,512,"71.893560056",0.19777158774373257,0.314453125,0.22423398328690808,0.134765625,0.09610027855153204,"7.055578802",29,-15.341591206426791,206,0.28690807799442897,256,0.3565459610027855
669236,"Jackson, Jeremiah",322,0.9070422535211268,225,"71.893221677",0.20807453416149066,0.3288888888888889,0.22981366459627328,0.17333333333333334,0.12111801242236025,"7.328420342",15,-3.4348815298124893,97,0.30124223602484473,111,0.3447204968944099
676551,"Hicklen, Brewer",9,1,5,"71.892671111",0.3333333333333333,0.2,0.1111111111111111,0.2,0.1111111111111111,"8.186685556",0,0.5703635669113435,4,0.4444444444444444,2,0.2222222222222222
641943,"Palacios, Joshua",254,0.9039145907473309,188,"71.883212953",0.22440944881889757,0.26595744680851063,0.1968503937007874,0.15425531914893617,0.1141732283464567,"7.18403626",9,-12.599153613408358,66,0.25984251968503935,82,0.3228346456692913
681481,"Carpenter, Kerry",825,0.9095920617420066,632,"71.883128",0.18181818181818177,0.3860759493670886,0.2957575757575758,0.16772151898734178,0.12848484848484848,"7.474891624",22,5.648422194851837,193,0.23393939393939395,316,0.38303030303030305
807799,"Yoshida, Masataka",285,0.8990536277602523,249,"71.882010211",0.21403508771929824,0.46586345381526106,0.4070175438596491,0.20080321285140562,0.17543859649122806,"7.354162596",4,-0.23278028892323305,36,0.12631578947368421,158,0.5543859649122806
622761,"Mateo, Jorge",148,0.9079754601226994,106,"71.873903986",0.17567567567567569,0.24528301886792453,0.17567567567567569,0.09433962264150944,0.06756756756756757,"7.496108784",2,-8.362368020835113,42,0.28378378378378377,44,0.2972972972972973
701538,"Merrill, Jackson",865,0.9134107708553326,634,"71.870236035",0.19653179190751444,0.30441640378548895,0.223121387283237,0.15457413249211358,0.11329479768786127,"7.43214089",17,-5.602410403596248,231,0.26705202312138726,295,0.34104046242774566
672580,"Garcia, Maikel",896,0.9078014184397163,778,"71.869831261",0.17075892857142855,0.43958868894601544,0.38169642857142855,0.2133676092544987,0.18526785714285715,"7.267064386",11,-5.7722403761423395,118,0.13169642857142858,481,0.5368303571428571
699625,"Crooks, Jimmy",91,0.9191919191919192,69,"71.848393626",0.14285714285714288,0.2753623188405797,0.2087912087912088,0.13043478260869565,0.0989010989010989,"7.220876044",1,-6.154886021239481,22,0.24175824175824176,26,0.2857142857142857
642731,"Estrada, Thairo",273,0.9191919191919192,218,"71.796377546",0.1868131868131869,0.3211009174311927,0.2564102564102564,0.10091743119266056,0.08058608058608059,"7.272091758",3,-6.0389640405687945,55,0.20146520146520147,122,0.4468864468864469
682997,"Callihan, Tyler",9,0.9,8,"71.794441111",0.11111111111111113,0.5,0.4444444444444444,0.25,0.2222222222222222,"7.764892222",0,-0.8096621376267574,1,0.1111111111111111,4,0.4444444444444444
664059,"Haggerty, Sam",281,0.9035369774919614,211,"71.777511957",0.22419928825622776,0.3175355450236967,0.23843416370106763,0.15165876777251186,0.11387900355871886,"6.948950961",8,-1.8519290203998175,70,0.2491103202846975,118,0.4199288256227758
656811,"O'Hearn, Ryan",911,0.9128256513026052,714,"71.774204127",0.17782656421514823,0.3291316526610644,0.2579582875960483,0.14565826330532214,0.1141602634467618,"7.117716279",18,-9.442037799087132,197,0.21624588364434688,347,0.3809001097694841
682927,"Simon, Ronny",133,0.9047619047619048,110,"71.760608571",0.23308270676691734,0.3090909090909091,0.2556390977443609,0.16363636363636364,0.13533834586466165,"7.107696015",1,-6.264344966588769,23,0.17293233082706766,60,0.45112781954887216
682729,"Clase, Jonatan",169,0.9037433155080213,124,"71.752121538",0.21893491124260356,0.28225806451612906,0.20710059171597633,0.12096774193548387,0.08875739644970414,"6.747998462",4,-6.952106733506161,45,0.26627218934911245,65,0.38461538461538464
666181,"Benson, Will",425,0.9042553191489362,293,"71.751455224",0.18352941176470586,0.3822525597269625,0.2635294117647059,0.20477815699658702,0.1411764705882353,"7.468968306",9,-6.9909639270542865,132,0.31058823529411766,154,0.3623529411764706
664238,"Moore, Dylan",433,0.9020833333333333,296,"71.733436282",0.15011547344110857,0.25675675675675674,0.17551963048498845,0.10472972972972973,0.07159353348729793,"7.148721432",16,-12.229383452613554,137,0.3163972286374134,124,0.2863741339491917
691783,"Lawlar, Jordan",105,0.8974358974358975,70,"71.729223714",0.19047619047619047,0.2571428571428571,0.17142857142857143,0.1,0.06666666666666667,"7.713564476",3,-7.052674947463661,35,0.3333333333333333,32,0.3047619047619048
680118,"Blanco, Dairon",11,0.9166666666666666,7,"71.704437273",0.0909090909090909,0,0,0,0,"7.401871818",1,0.4360963684170727,4,0.36363636363636365,4,0.36363636363636365
664761,"Bohm, Alec",771,0.9038686987104337,667,"71.701332711",0.18158236057068747,0.3748125937031484,0.324254215304799,0.1724137931034483,0.14915693904020752,"7.27775978",11,-7.249695045196071,104,0.13488975356679636,359,0.4656290531776913
672640,"Lopez, Otto",875,0.9020618556701031,727,"71.695265097",0.21942857142857145,0.3796423658872077,0.31542857142857145,0.1733149931224209,0.144,"6.792768297",19,-18.14189683720574,148,0.16914285714285715,422,0.48228571428571426
693307,"Dingler, Dillon",780,0.9059233449477352,601,"71.677528513",0.14487179487179488,0.34608985024958405,0.26666666666666666,0.17637271214642264,0.1358974358974359,"7.695382526",14,-7.119049497006847,179,0.22948717948717948,309,0.39615384615384613
663837,"Vierling, Matt",172,0.8958333333333334,147,"71.66896843",0.11046511627906974,0.32653061224489793,0.27906976744186046,0.1564625850340136,0.13372093023255813,"7.407750233",2,-7.6009920322298035,25,0.14534883720930233,63,0.36627906976744184
669450,"Hummel, Cooper",171,0.9243243243243243,120,"71.662754678",0.21052631578947373,0.35,0.24561403508771928,0.125,0.08771929824561403,"7.246440409",8,-9.532803517429777,51,0.2982456140350877,55,0.3216374269005848
609280,"Andujar, Miguel",589,0.9188767550702028,492,"71.662508098",0.18336162988115456,0.32113821138211385,0.26825127334465193,0.12601626016260162,0.10526315789473684,"7.757489032",8,2.4952825116518538,97,0.16468590831918506,253,0.4295415959252971
641598,"Garver, Mitch",427,0.9202586206896551,303,"71.66067534",0.15456674473067916,0.3927392739273927,0.2786885245901639,0.1782178217821782,0.12646370023419204,"7.28916171",11,-15.676210300300363,124,0.2903981264637002,164,0.3840749414519906
543510,"McCann, James",220,0.9128630705394191,152,"71.649450591",0.19090909090909094,0.3815789473684211,0.2636363636363636,0.20394736842105263,0.1409090909090909,"7.040371773",4,-2.8581087062408086,68,0.3090909090909091,84,0.38181818181818183
668709,"Bleday, JJ",525,0.9114583333333334,378,"71.639632267",0.1466666666666667,0.3492063492063492,0.25142857142857145,0.14285714285714285,0.10285714285714286,"7.50493421",17,-18.6036782105036,147,0.28,201,0.38285714285714284
664023,"Happ, Ian",1048,0.9081455805892548,800,"71.626064618",0.17080152671755727,0.32875,0.25095419847328243,0.1625,0.12404580152671756,"6.912225277",15,-25.740350489125426,248,0.2366412213740458,392,0.37404580152671757
805811,"Eldridge, Bryce",58,0.90625,36,"71.617801897",0.13793103448275862,0.3055555555555556,0.1896551724137931,0.2222222222222222,0.13793103448275862,"7.112531034",1,-5.975829526148572,22,0.3793103448275862,13,0.22413793103448276
669477,"Schmitt, Casey",603,0.9054054054054054,458,"71.610070846",0.2039800995024876,0.31222707423580787,0.23714759535655058,0.1462882096069869,0.1111111111111111,"7.501597148",5,-17.24435251087471,145,0.24046434494195687,215,0.35655058043117743
650489,"Castro, Willi",808,0.9007803790412486,588,"71.601133577",0.2103960396039604,0.282312925170068,0.20544554455445543,0.13095238095238096,0.0952970297029703,"7.233374295",13,-17.263392147084453,220,0.2722772277227723,265,0.327970297029703
678662,"Tovar, Ezequiel",778,0.9046511627906977,543,"71.598959679",0.19023136246786637,0.26703499079189685,0.18637532133676094,0.13075506445672191,0.09125964010282776,"7.53329545",7,-21.091769115666416,235,0.30205655526992287,245,0.3149100257069409
676466,"Winkler, Jack",34,0.918918918918919,27,"71.595668824",0.14705882352941177,0.2222222222222222,0.17647058823529413,0.07407407407407407,0.058823529411764705,"6.949285",0,-0.39288944626956246,7,0.20588235294117646,11,0.3235294117647059
669707,"Triolo, Jared",588,0.9032258064516129,459,"71.591771071",0.14285714285714293,0.3289760348583878,0.2568027210884354,0.14596949891067537,0.11394557823129252,"7.775122432",14,-17.601395258209244,129,0.2193877551020408,234,0.3979591836734694
641584,"Fraley, Jake",342,0.9023746701846965,262,"71.580481228",0.16081871345029242,0.27099236641221375,0.20760233918128654,0.10687022900763359,0.08187134502923976,"7.12607386",3,-5.246280084394411,80,0.23391812865497075,122,0.3567251461988304
676801,"McCormick, Chas",196,0.8949771689497716,129,"71.56562602",0.13775510204081637,0.2713178294573643,0.17857142857142858,0.10077519379844961,0.0663265306122449,"7.7408675",6,-10.916247713263877,67,0.34183673469387754,61,0.3112244897959184
646240,"Devers, Rafael",1291,0.9130127298444131,890,"71.555223354",0.19597211463981412,0.31910112359550563,0.21998450813323006,0.18314606741573033,0.1262587141750581,"7.565487653",28,-22.347674243607774,401,0.31061192873741283,382,0.29589465530596437
682848,"Rodríguez, Endy",83,0.9021739130434783,63,"71.545524819",0.14457831325301207,0.4603174603174603,0.3493975903614458,0.1746031746031746,0.13253012048192772,"7.266479759",1,-4.908936743339958,20,0.24096385542168675,35,0.42168674698795183
672275,"Bailey, Patrick",750,0.9025270758122743,553,"71.541014387",0.15733333333333333,0.31103074141048825,0.22933333333333333,0.13381555153707053,0.09866666666666667,"7.2930036",11,-24.917358885027543,197,0.26266666666666666,271,0.36133333333333334
676914,"Schneider, Davis",368,0.9019607843137255,274,"71.515401957",0.1657608695652174,0.3029197080291971,0.22554347826086957,0.12408759124087591,0.09239130434782608,"7.1374475",10,-5.355507776222851,94,0.2554347826086957,115,0.3125
671221,"Waters, Drew",397,0.906392694063927,282,"71.499627481",0.1763224181360202,0.2730496453900709,0.19395465994962216,0.09929078014184398,0.07052896725440806,"6.555156222",15,-11.969417114578958,115,0.28967254408060455,132,0.33249370277078083
677649,"Duran, Ezequiel",374,0.9012048192771084,285,"71.494771016",0.17112299465240643,0.28771929824561404,0.2192513368983957,0.11929824561403508,0.09090909090909091,"7.158279198",4,-15.678061101301624,89,0.23796791443850268,135,0.3609625668449198
595978,"Hedges, Austin",302,0.8961424332344213,215,"71.486993543",0.152317880794702,0.3116279069767442,0.22185430463576158,0.11627906976744186,0.08278145695364239,"7.596972119",8,-18.37917854557323,87,0.28807947019867547,102,0.33774834437086093
690924,"Fulford, Braxton",194,0.9023255813953488,137,"71.482453351",0.18556701030927839,0.2846715328467153,0.20103092783505155,0.145985401459854,0.10309278350515463,"6.642108247",8,-8.220044710806933,57,0.29381443298969073,66,0.3402061855670103
682988,"Locklear, Tyler",209,0.9008620689655172,150,"71.407409904",0.1626794258373206,0.23333333333333334,0.1674641148325359,0.13333333333333333,0.09569377990430622,"7.155867512",14,-8.559631752568507,59,0.2822966507177033,58,0.27751196172248804
571448,"Arenado, Nolan",696,0.9027237354085603,591,"71.404740876",0.16810344827586202,0.3401015228426396,0.28879310344827586,0.11336717428087986,0.09626436781609195,"8.429594425",16,-18.178977227430693,105,0.15086206896551724,333,0.47844827586206895
687263,"Neto, Zach",930,0.9055501460564752,677,"71.389970097",0.132258064516129,0.36927621861152143,0.26881720430107525,0.1831610044313146,0.13333333333333333,"7.052247312",30,-9.653614608660176,253,0.27204301075268816,331,0.35591397849462364
606992,"Haase, Eric",140,0.89171974522293,90,"71.383870429",0.1285714285714286,0.2222222222222222,0.14285714285714285,0.08888888888888889,0.05714285714285714,"7.089161429",1,-3.3870452217791587,50,0.35714285714285715,34,0.24285714285714285
669016,"Marsh, Brandon",690,0.9078947368421053,539,"71.369594754",0.13913043478260864,0.3450834879406308,0.26956521739130435,0.15213358070500926,0.11884057971014493,"7.139997348",8,-5.6712365273154415,151,0.21884057971014492,256,0.3710144927536232
596146,"Kepler, Max",783,0.8989667049368542,621,"71.328294419",0.1596424010217114,0.3671497584541063,0.29118773946360155,0.16747181964573268,0.13282247765006386,"7.362095709",27,-22.786002875536532,162,0.20689655172413793,312,0.39846743295019155
665155,"Maton, Nick",104,0.9122807017543859,66,"71.307267404",0.10576923076923077,0.3484848484848485,0.22115384615384615,0.09090909090909091,0.057692307692307696,"6.748385865",4,-5.76981066654819,38,0.36538461538461536,34,0.3269230769230769
596117,"Stubbs, Garrett",3,1,3,"71.285113333",0,0,0,0,0,"8.038006667",0,-0.2932456071043902,0,0,1,0.3333333333333333
702284,"Young, Cole",399,0.908883826879271,300,"71.268562481",0.2130325814536341,0.33,0.24812030075187969,0.11666666666666667,0.08771929824561403,"6.826826942",6,-18.39475332184979,99,0.24812030075187969,157,0.39348370927318294
671289,"Freeman, Tyler",649,0.9115168539325843,573,"71.253589137",0.14483821263482277,0.35602094240837695,0.31432973805855163,0.13612565445026178,0.12018489984591679,"6.936357565",7,-18.924310279621125,76,0.11710323574730354,296,0.4560862865947612
668731,"Baddoo, Akil",32,0.8888888888888888,23,"71.245459375",0.21874999999999997,0.34782608695652173,0.25,0.13043478260869565,0.09375,"7.723890625",1,-2.8278658278680693,9,0.28125,12,0.375
696030,"Osuna, Alejandro",287,0.896875,231,"71.237160941",0.1637630662020906,0.29004329004329005,0.23344947735191637,0.15584415584415584,0.1254355400696864,"6.991745819",0,-12.27671061236996,56,0.1951219512195122,110,0.3832752613240418
467793,"Santana, Carlos",776,0.9129411764705883,595,"71.225783351",0.17010309278350516,0.2957983193277311,0.2268041237113402,0.13277310924369748,0.1018041237113402,"7.631409626",13,-31.032486614934843,181,0.23324742268041238,284,0.36597938144329895
665750,"Taveras, Leody",307,0.9109792284866469,229,"71.210093876",0.16938110749185667,0.2794759825327511,0.20846905537459284,0.12663755458515283,0.09446254071661238,"7.38841202",1,-13.193470480986825,78,0.254071661237785,103,0.3355048859934853
455117,"Maldonado, Martín",215,0.9033613445378151,130,"71.187740233",0.14883720930232555,0.38461538461538464,0.23255813953488372,0.15384615384615385,0.09302325581395349,"7.561479395",8,-5.093792322389343,85,0.3953488372093023,80,0.37209302325581395
690984,"Halpin, Petey",13,0.8666666666666667,11,"71.185481538",0.07692307692307691,0.09090909090909091,0.07692307692307693,0,0,"7.189438462",0,-0.4001922383448134,2,0.15384615384615385,3,0.23076923076923078
668901,"Vientos, Mark",804,0.90744920993228,563,"71.181239478",0.14552238805970147,0.38188277087033745,0.26741293532338306,0.17939609236234458,0.1256218905472637,"7.547088197",25,-19.92666721366205,241,0.2997512437810945,281,0.34950248756218905
593871,"Polanco, Jorge",804,0.9013452914798207,637,"71.162815808",0.14427860696517414,0.3940345368916798,0.31218905472636815,0.18995290423861852,0.15049751243781095,"7.218530361",24,-0.0036087567199372117,167,0.20771144278606965,350,0.43532338308457713
608385,"Winker, Jesse",117,0.8931297709923665,95,"71.153017949",0.16239316239316243,0.3473684210526316,0.28205128205128205,0.17894736842105263,0.1452991452991453,"7.423826581",4,-4.256385000951455,22,0.18803418803418803,48,0.41025641025641024
663604,"Lockridge, Brandon",261,0.9157894736842105,199,"71.141600881",0.1724137931034483,0.2914572864321608,0.2222222222222222,0.10552763819095477,0.08045977011494253,"6.732440651",3,-8.515367453626482,62,0.23754789272030652,91,0.3486590038314176
679822,"Foscue, Justin",18,0.9,16,"71.131242778",0.05555555555555555,0.3125,0.2777777777777778,0.125,0.1111111111111111,"7.084883333",0,-1.1603933295524889,2,0.1111111111111111,6,0.3333333333333333
573262,"Yastrzemski, Mike",848,0.905982905982906,708,"71.129544906",0.09669811320754719,0.3488700564971751,0.29127358490566035,0.13983050847457626,0.11674528301886793,"7.487431592",15,-25.52944480287928,140,0.1650943396226415,345,0.4068396226415094
677950,"Thomas, Alek",770,0.9016393442622951,571,"71.128222182",0.14415584415584412,0.3450087565674256,0.2558441558441558,0.16637478108581435,0.12337662337662338,"7.02771074",31,-20.58661152824917,199,0.2584415584415584,287,0.37272727272727274
663647,"Hayes, Ke'Bryan",837,0.9078091106290672,674,"71.127856619",0.11708482676224613,0.3798219584569733,0.3058542413381123,0.16765578635014836,0.13500597371565112,"6.776908662",11,-32.17387741872275,163,0.19474313022700118,382,0.45639187574671447
607208,"Turner, Trea",1073,0.9077834179357022,823,"71.12702822",0.1761416589002797,0.33900364520048604,0.26001863932898417,0.15066828675577157,0.11556383970177074,"7.548170578",18,-6.605071179060035,250,0.23299161230195714,425,0.3960857409133271
656775,"Mullins, Cedric",868,0.9070010449320794,674,"71.109822074",0.10944700460829497,0.2952522255192878,0.22926267281105991,0.1172106824925816,0.09101382488479262,"7.548932869",15,-28.96313031607119,194,0.22350230414746544,285,0.3283410138248848
571970,"Muncy, Max",604,0.8974739970282318,465,"71.104176275",0.14238410596026488,0.3311827956989247,0.25496688741721857,0.16989247311827957,0.13079470198675497,"7.005489685",12,-9.374375623906861,139,0.23013245033112584,211,0.34933774834437087
457705,"McCutchen, Andrew",883,0.9028629856850716,671,"71.103640634",0.12004530011325028,0.31892697466467956,0.24235560588901472,0.14157973174366617,0.10758776896942242,"7.65189846",22,-28.74182263715023,212,0.24009060022650056,316,0.3578708946772367
691026,"Winn, Masyn",898,0.907070707070707,730,"71.071332996",0.17149220489977726,0.31643835616438354,0.2572383073496659,0.1232876712328767,0.10022271714922049,"7.458806782",9,-23.24874243053409,168,0.1870824053452116,352,0.39198218262806234
592178,"Bryant, Kris",72,0.8888888888888888,49,"71.071201111",0.1388888888888889,0.40816326530612246,0.2777777777777778,0.08163265306122448,0.05555555555555555,"7.793856944",3,-4.374473611227473,23,0.3194444444444444,25,0.3472222222222222
571771,"Hernández, Enrique",474,0.9168278529980658,346,"71.069047004",0.14135021097046413,0.315028901734104,0.229957805907173,0.12427745664739884,0.09071729957805907,"7.541388586",9,-16.205225156314864,128,0.270042194092827,159,0.33544303797468356
622534,"Margot, Manuel",33,0.8918918918918919,22,"71.064311212",0.12121212121212124,0.22727272727272727,0.15151515151515152,0.045454545454545456,0.030303030303030304,"7.009000909",0,-1.0319053020563982,11,0.3333333333333333,10,0.30303030303030304
596115,"Story, Trevor",1181,0.9091608929946112,834,"71.053762972",0.1414055884843353,0.31534772182254195,0.222692633361558,0.16666666666666666,0.11769686706181202,"7.356743124",20,-13.727674369847561,347,0.2938187976291279,386,0.3268416596104996
676356,"DeLuca, Jonny",99,0.9,76,"71.049039596",0.1414141414141414,0.3026315789473684,0.23232323232323232,0.09210526315789473,0.0707070707070707,"7.69320101",2,0.038963315551738875,23,0.23232323232323232,42,0.42424242424242425
641487,"Crawford, J.P.",1069,0.9051651143099069,865,"71.029753761",0.19270346117867165,0.29595375722543354,0.23947614593077643,0.10867052023121387,0.08793264733395698,"7.152497624",7,-27.369991487838803,204,0.19083255378858746,414,0.3872778297474275
692216,"Kayfus, CJ",228,0.9083665338645418,153,"71.024039561",0.13157894736842105,0.35294117647058826,0.23684210526315788,0.11764705882352941,0.07894736842105263,"6.741950702",2,-5.809258226266434,75,0.32894736842105265,81,0.35526315789473684
664034,"France, Ty",857,0.9021052631578947,693,"71.010424422",0.14702450408401402,0.341991341991342,0.2765460910151692,0.16017316017316016,0.1295215869311552,"7.449340805",19,-21.374794163538322,164,0.19136522753792298,340,0.396732788798133
695391,"Harris, Brett",129,0.9214285714285714,97,"71.010082403",0.17054263565891475,0.27835051546391754,0.20930232558139536,0.13402061855670103,0.10077519379844961,"7.401412636",0,-3.898342575711767,32,0.24806201550387597,47,0.3643410852713178
678882,"Rafaela, Ceddanne",1108,0.9030154849225754,824,"71.007767184",0.1236462093862816,0.3300970873786408,0.24548736462093862,0.14320388349514562,0.10649819494584838,"7.447675569",20,-22.97214325123336,284,0.2563176895306859,405,0.3655234657039711
608324,"Bregman, Alex",714,0.9095541401273886,623,"71.001324846",0.08963585434173671,0.4301765650080257,0.3753501400560224,0.15248796147672553,0.1330532212885154,"7.072280294",17,-4.589246284373258,91,0.12745098039215685,349,0.4887955182072829
668952,"Kreidler, Ryan",79,0.8977272727272727,48,"70.995321266",0.1265822784810127,0.2708333333333333,0.16455696202531644,0.10416666666666667,0.06329113924050633,"7.758932278",3,-6.11531431093438,31,0.3924050632911392,19,0.24050632911392406
663757,"Grisham, Trent",810,0.9020044543429844,648,"70.993824765",0.11358024691358025,0.38425925925925924,0.3074074074074074,0.18981481481481483,0.15185185185185185,"7.613606593",15,-6.86688568360003,162,0.2,331,0.408641975308642
691728,"Veen, Zac",69,0.8734177215189873,38,"70.992057826",0.1304347826086956,0.2631578947368421,0.14492753623188406,0.10526315789473684,0.057971014492753624,"6.907162754",1,-6.128865558228504,31,0.4492753623188406,17,0.2463768115942029
656555,"Hoskins, Rhys",509,0.9008849557522124,381,"70.966620177",0.15127701375245575,0.33070866141732286,0.2475442043222004,0.13123359580052493,0.09823182711198428,"8.165284715",21,-12.346076904331936,128,0.25147347740667975,174,0.3418467583497053
630105,"Cronenworth, Jake",801,0.897982062780269,653,"70.938401161",0.15480649188514353,0.3016845329249617,0.2459425717852684,0.11944869831546708,0.09737827715355805,"7.022978152",9,-22.237631159902683,148,0.18476903870162298,291,0.36329588014981273
596019,"Lindor, Francisco",1187,0.9074923547400612,949,"70.937918425",0.16343723673125524,0.3403582718651212,0.2721145745577085,0.14330874604847207,0.11457455770850884,"7.499644895",14,-22.911218802461505,238,0.2005054759898905,442,0.37236731255265376
642851,"Wynns, Austin",197,0.8954545454545455,147,"70.93099736",0.1624365482233503,0.29931972789115646,0.2233502538071066,0.16326530612244897,0.1218274111675127,"7.498196142",4,5.380201804576629,50,0.25380710659898476,67,0.3401015228426396
608070,"Ramírez, José",1087,0.9073455759599333,944,"70.930908344",0.16191352345906163,0.3474576271186441,0.3017479300827967,0.13347457627118645,0.11591536338546458,"7.239226633",18,2.9310697048497887,143,0.13155473781048757,476,0.43790248390064396
647304,"Naylor, Josh",930,0.8985507246376812,740,"70.930558559",0.1774193548387097,0.39594594594594595,0.3150537634408602,0.16891891891891891,0.13440860215053763,"7.578315441",21,0.01475846718302165,190,0.20430107526881722,425,0.45698924731182794
686676,"Lee, Korey",63,0.9,46,"70.930072698",0.09523809523809525,0.3695652173913043,0.2698412698412698,0.13043478260869565,0.09523809523809523,"7.485982063",1,1.3478891400033912,17,0.2698412698412698,25,0.3968253968253968
595777,"Profar, Jurickson",599,0.9021084337349398,499,"70.923878548",0.18030050083472463,0.30060120240480964,0.25041736227045075,0.12224448897795591,0.1018363939899833,"7.478681369",6,-9.760771070733846,100,0.1669449081803005,224,0.3739565943238731
666126,"Cortes, Carlos",159,0.9085714285714286,127,"70.920245346",0.16981132075471697,0.3543307086614173,0.2830188679245283,0.14173228346456693,0.11320754716981132,"7.045561761",6,0.8572342459250262,32,0.20125786163522014,67,0.42138364779874216
667472,"Myers, Dane",470,0.9108527131782945,355,"70.914870021",0.176595744680851,0.4028169014084507,0.30425531914893617,0.16056338028169015,0.12127659574468085,"7.17124583",8,-20.16630446850689,115,0.24468085106382978,194,0.4127659574468085
682177,"Schneemann, Daniel",662,0.9019073569482289,481,"70.909629426",0.11933534743202417,0.340956340956341,0.24773413897280966,0.14760914760914762,0.10725075528700906,"7.011108927",26,-19.792905602712676,181,0.27341389728096677,242,0.36555891238670696
543309,"Higashioka, Kyle",513,0.9,420,"70.906940019",0.09551656920077972,0.36428571428571427,0.2982456140350877,0.14047619047619048,0.11500974658869395,"7.206127914",14,-7.262526478924573,93,0.18128654970760233,216,0.42105263157894735
672515,"Moreno, Gabriel",518,0.9040139616055847,437,"70.90201529",0.15830115830115832,0.3684210526315789,0.3108108108108108,0.13501144164759726,0.1138996138996139,"6.922475792",9,-7.665308768501908,81,0.15637065637065636,209,0.4034749034749035
621020,"Swanson, Dansby",1133,0.902788844621514,818,"70.900739885",0.05648720211827008,0.3594132029339853,0.2594880847308032,0.17359413202933985,0.12533097969991175,"7.41225256",29,-22.42508698316496,315,0.2780229479258605,405,0.3574580759046778
640902,"Pereda, Jhonny",123,0.9111111111111111,87,"70.885439837",0.14634146341463417,0.27586206896551724,0.1951219512195122,0.16091954022988506,0.11382113821138211,"7.219222683",3,-2.8092672469317357,36,0.2926829268292683,40,0.3252032520325203
668715,"Steer, Spencer",986,0.9037580201649863,749,"70.864523306",0.07099391480730223,0.30173564753004006,0.22920892494929007,0.10146862483311081,0.07707910750507099,"7.387575436",18,-15.543662672444974,237,0.24036511156186613,360,0.36511156186612576
602104,"Urías, Ramón",645,0.9084507042253521,489,"70.791184155",0.12403100775193798,0.34151329243353784,0.2589147286821705,0.14314928425357873,0.10852713178294573,"7.681373519",15,-16.44596689700126,156,0.24186046511627907,245,0.3798449612403101
605244,"Garcia, Aramis",6,1,2,"70.77862",0,0.5,0.16666666666666666,0,0,"6.854408333",0,-0.767077521720081,4,0.6666666666666666,1,0.16666666666666666
690993,"Keith, Colt",734,0.909541511771995,581,"70.749716049",0.09945504087193462,0.35800344234079173,0.28337874659400547,0.1549053356282272,0.1226158038147139,"6.815610368",15,-15.048413357655647,153,0.20844686648501362,295,0.4019073569482289
620443,"Torrens, Luis",472,0.9042145593869731,382,"70.742735064",0.08898305084745763,0.36387434554973824,0.2944915254237288,0.1806282722513089,0.1461864406779661,"7.228441356",10,-15.723685882941203,90,0.1906779661016949,193,0.4088983050847458
690976,"Freeland, Alex",139,0.9025974025974026,97,"70.742310072",0.12949640287769787,0.31958762886597936,0.22302158273381295,0.08247422680412371,0.05755395683453238,"7.188849856",2,-5.960930091728279,42,0.302158273381295,43,0.30935251798561153
676059,"Westburg, Jordan",569,0.9060509554140127,412,"70.729625501",0.11599297012302288,0.35436893203883496,0.2565905096660808,0.16990291262135923,0.12302284710017575,"6.734946011",19,-2.500192231525306,157,0.2759226713532513,216,0.37961335676625657
644433,"Tromp, Chadwick",27,0.9,20,"70.729146296",0.07407407407407407,0.45,0.3333333333333333,0.15,0.1111111111111111,"7.914618519",0,-0.2927219401576585,7,0.25925925925925924,14,0.5185185185185185
643446,"McNeil, Jeff",795,0.9064994298745724,680,"70.725144063",0.10188679245283021,0.31470588235294117,0.2691823899371069,0.09117647058823529,0.0779874213836478,"7.327369522",17,-16.61351779672873,115,0.14465408805031446,324,0.4075471698113208
686668,"Doyle, Brenton",872,0.9083333333333333,634,"70.712825585",0.061926605504587166,0.36908517350157727,0.268348623853211,0.1640378548895899,0.11926605504587157,"7.216341858",24,-18.86582043508909,238,0.27293577981651373,342,0.3922018348623853
677588,"Tena, José",267,0.9050847457627119,207,"70.705284195",0.15355805243445692,0.3864734299516908,0.299625468164794,0.12077294685990338,0.09363295880149813,"6.799590337",1,-9.288877259312798,60,0.2247191011235955,104,0.3895131086142322
675915,"Bañuelos, David",4,1,1,"70.69118",0,0,0,0,0,"7.91357",0,-0.48516712020558644,3,0.75,0,0
693409,"Prieto, César",14,0.875,7,"70.682502857",0.14285714285714288,0,0,0,0,"7.88661",0,-0.8428485935016404,7,0.5,1,0.07142857142857142
682668,"Acuña, Luisangel",288,0.9,226,"70.680865625",0.17708333333333331,0.35398230088495575,0.2777777777777778,0.14601769911504425,0.11458333333333333,"7.25496309",6,-16.56485415894107,62,0.2152777777777778,126,0.4375
669304,"Miranda, Jose F",56,0.8888888888888888,43,"70.673243214",0.14285714285714288,0.27906976744186046,0.21428571428571427,0.11627906976744186,0.08928571428571429,"7.63887",1,-2.7400112238813032,13,0.23214285714285715,18,0.32142857142857145
624512,"McGuire, Reese",236,0.9042145593869731,185,"70.668454703",0.09745762711864407,0.33513513513513515,0.2627118644067797,0.0972972972972973,0.07627118644067797,"8.197871186",2,-5.5769584361230145,51,0.21610169491525424,97,0.4110169491525424
681460,"Baldwin, Brooks",576,0.9028213166144201,438,"70.647178351",0.1111111111111111,0.3356164383561644,0.2552083333333333,0.136986301369863,0.10416666666666667,"7.06201217",7,-9.495741987238743,138,0.23958333333333334,196,0.3402777777777778
683734,"Vaughn, Andrew",721,0.9035087719298246,577,"70.646951831",0.12066574202496529,0.4072790294627383,0.3259361997226075,0.1923743500866551,0.1539528432732316,"7.253826935",11,-20.56334995533193,144,0.19972260748959778,313,0.43411927877947293
680862,"MacIver, Willie",187,0.9033816425120773,145,"70.639498342",0.0481283422459893,0.296551724137931,0.22994652406417113,0.12413793103448276,0.0962566844919786,"7.375857701",6,-7.062465311380989,42,0.22459893048128343,70,0.37433155080213903
677870,"Jiménez, Leo",52,0.896551724137931,41,"70.638881538",0.057692307692307696,0.36585365853658536,0.28846153846153844,0.21951219512195122,0.17307692307692307,"7.175057885",1,-3.029420132398008,11,0.21153846153846154,21,0.40384615384615385
668930,"Turang, Brice",1074,0.9010067114093959,871,"70.631919479",0.18063314711359407,0.3467278989667049,0.2811918063314711,0.14580941446613088,0.11824953445065177,"6.826598622",27,-4.715616232605601,203,0.18901303538175046,408,0.37988826815642457
702616,"Holliday, Jackson",999,0.903254972875226,774,"70.609348078",0.10710710710710714,0.35400516795865633,0.27427427427427425,0.1524547803617571,0.11811811811811812,"6.902735235",21,-26.902034853109313,225,0.22522522522522523,401,0.4014014014014014
666971,"Gurriel Jr., Lourdes",925,0.9015594541910331,760,"70.59273173",0.09621621621621622,0.3539473684210526,0.29081081081081084,0.13157894736842105,0.10810810810810811,"7.490167568",16,-10.580104949424296,165,0.1783783783783784,404,0.43675675675675674
677943,"Banfield, Will",22,0.88,14,"70.576871364",0.04545454545454545,0.07142857142857142,0.045454545454545456,0.07142857142857142,0.045454545454545456,"7.007824545",0,-1.4349598131272412,8,0.36363636363636365,3,0.13636363636363635
700932,"Manzardo, Kyle",861,0.9072708113804004,631,"70.576764866",0.07897793263646924,0.3613312202852615,0.26480836236933797,0.1473851030110935,0.10801393728222997,"7.3935759",20,-9.23824247429209,230,0.26713124274099886,311,0.3612078977932636
678246,"Vargas, Miguel",946,0.9069990412272292,776,"70.573510719",0.11627906976744184,0.3582474226804124,0.2938689217758985,0.13144329896907217,0.10782241014799154,"7.608884968",17,-24.451239111731,170,0.17970401691331925,372,0.39323467230443976
687859,"Johnston, Troy",209,0.908695652173913,151,"70.571048182",0.05263157894736843,0.36423841059602646,0.2631578947368421,0.17880794701986755,0.1291866028708134,"7.118272057",5,-0.7560917716902086,58,0.27751196172248804,82,0.3923444976076555
681508,"Gasper, Mickey",154,0.9005847953216374,126,"70.568511039",0.07792207792207793,0.373015873015873,0.3051948051948052,0.09523809523809523,0.07792207792207792,"6.489166948",5,-11.256574458671428,28,0.18181818181818182,69,0.44805194805194803
695670,"Ford, Harry",14,0.875,8,"70.560820714",0.07142857142857144,0.5,0.2857142857142857,0.25,0.14285714285714285,"6.815569286",1,-1.2112291368000376,6,0.42857142857142855,4,0.2857142857142857
691182,"Amador, Adael",184,0.9064039408866995,148,"70.5571575",0.11956521739130435,0.30405405405405406,0.24456521739130435,0.08108108108108109,0.06521739130434782,"7.27881913",4,-9.289187060865247,36,0.1956521739130435,76,0.41304347826086957
672761,"Pérez, Wenceel",672,0.9093369418132612,499,"70.535845045",0.08482142857142859,0.3727454909819639,0.2767857142857143,0.14228456913827656,0.1056547619047619,"6.957456935",3,-12.455792495688641,173,0.25744047619047616,241,0.3586309523809524
606115,"Arcia, Orlando",369,0.9044117647058824,285,"70.534202954",0.14905149051490515,0.3017543859649123,0.23306233062330622,0.12982456140350876,0.1002710027100271,"7.782197859",12,-17.55652907676999,84,0.22764227642276422,139,0.37669376693766937
663731,"Kaiser, Connor",26,0.896551724137931,18,"70.520705",0.11538461538461539,0.3333333333333333,0.23076923076923078,0.05555555555555555,0.038461538461538464,"7.586318077",1,-1.731264980645765,8,0.3076923076923077,10,0.38461538461538464
668670,"Rogers, Jake",222,0.8987854251012146,169,"70.518442387",0.04954954954954956,0.3431952662721893,0.26126126126126126,0.1301775147928994,0.0990990990990991,"7.469249279",8,-8.812274279706152,53,0.23873873873873874,83,0.3738738738738739
592206,"Castellanos, Nick",1121,0.9018503620273531,798,"70.517567823",0.16949152542372883,0.32205513784461154,0.22925958965209633,0.11904761904761904,0.0847457627118644,"7.682416566",17,-21.99760892310323,323,0.288135593220339,370,0.33006244424620873
805300,"Marsee, Jakob",336,0.8983957219251337,274,"70.505809226",0.0386904761904762,0.3686131386861314,0.3005952380952381,0.1897810218978102,0.15476190476190477,"6.831482173",3,-3.845625001062113,62,0.18452380952380953,151,0.4494047619047619
666152,"Hamilton, David",281,0.9035369774919614,225,"70.505579431",0.10320284697508898,0.3244444444444444,0.2597864768683274,0.1111111111111111,0.08896797153024912,"7.2474979",14,-11.887756672084402,56,0.199288256227758,122,0.43416370106761565
693304,"Gonzales, Nick",698,0.9053177691309987,540,"70.489319341",0.13467048710601717,0.3574074074074074,0.27650429799426934,0.13333333333333333,0.10315186246418338,"7.547616948",24,-22.340071814743716,158,0.22636103151862463,282,0.4040114613180516
545121,"Vargas, Ildemaro",190,0.9090909090909091,159,"70.486464474",0.11578947368421053,0.4276729559748428,0.35789473684210527,0.1509433962264151,0.12631578947368421,"7.415282421",8,-2.4638520275727194,31,0.1631578947368421,94,0.49473684210526314
669234,"Malloy, Justyn-Henry",197,0.8914027149321267,145,"70.478226954",0.08121827411167513,0.27586206896551724,0.20304568527918782,0.09655172413793103,0.07106598984771574,"7.095736599",6,-7.993773307294159,52,0.2639593908629442,70,0.3553299492385787
656185,"Allen, Greg",24,0.8888888888888888,14,"70.46197375",0.16666666666666666,0.35714285714285715,0.20833333333333334,0.14285714285714285,0.08333333333333333,"7.00021125",1,-3.4076056231651815,10,0.4166666666666667,8,0.3333333333333333
666018,"Aranda, Jonathan",737,0.9042944785276074,565,"70.45068209",0.135685210312076,0.3256637168141593,0.2496607869742198,0.17345132743362832,0.13297150610583447,"7.28883844",9,5.500582693097038,172,0.23337856173677068,243,0.32971506105834464
664728,"Isbel, Kyle",553,0.9080459770114943,456,"70.435638445",0.09041591320072334,0.3399122807017544,0.28028933092224234,0.1600877192982456,0.13200723327305605,"7.099917758",5,-17.998101121171153,97,0.17540687160940324,252,0.45569620253164556
665923,"Ruiz, Esteury",40,0.8888888888888888,21,"70.43101",0.12500000000000003,0.2857142857142857,0.15,0.047619047619047616,0.025,"7.615755",2,-1.447958980084711,19,0.475,12,0.3
673490,"Kim, Ha-Seong",277,0.9081967213114754,236,"70.407249603",0.09386281588447652,0.3686440677966102,0.3140794223826715,0.1440677966101695,0.12274368231046931,"7.007168231",0,-8.127538352481794,41,0.148014440433213,119,0.4296028880866426
681807,"Fry, David",291,0.9065420560747663,204,"70.401437595",0.0721649484536083,0.28921568627450983,0.2027491408934708,0.09313725490196079,0.06529209621993128,"7.91794756",7,-5.0910375300112545,87,0.29896907216494845,83,0.2852233676975945
608348,"Kelly, Carson",672,0.9155313351498637,532,"70.395724792",0.06249999999999999,0.35526315789473684,0.28125,0.15413533834586465,0.12202380952380952,"6.986106696",2,-15.221077164567994,140,0.20833333333333334,266,0.3958333333333333
665839,"Valdez, Enmanuel",146,0.9125,118,"70.365529452",0.06849315068493152,0.3983050847457627,0.3219178082191781,0.1864406779661017,0.1506849315068493,"7.426056918",0,-2.0664486093472987,28,0.1917808219178082,64,0.4383561643835616
680911,"Miller, Owen",29,0.9354838709677419,26,"70.336737241",0.10344827586206899,0.15384615384615385,0.13793103448275862,0.07692307692307693,0.06896551724137931,"6.665397931",0,-2.5464900348380377,3,0.10344827586206896,9,0.3103448275862069
678391,"Vivas, Jorbit",110,0.9166666666666666,83,"70.330953545",0.054545454545454564,0.30120481927710846,0.22727272727272727,0.0963855421686747,0.07272727272727272,"7.744188",0,-6.939471044965584,27,0.24545454545454545,42,0.38181818181818183
666198,"Kieboom, Carter",18,0.9,14,"70.284234444",0,0.21428571428571427,0.16666666666666666,0.07142857142857142,0.05555555555555555,"6.910294444",0,-0.47059901613789723,4,0.2222222222222222,6,0.3333333333333333
621438,"Taylor, Tyrone",537,0.9086294416243654,426,"70.26983838",0.09869646182495344,0.30985915492957744,0.24581005586592178,0.12206572769953052,0.09683426443202979,"7.545758026",6,-19.996110446769283,111,0.20670391061452514,216,0.4022346368715084
679032,"Rojas, Johan",263,0.9037800687285223,199,"70.268502586",0.12547528517110265,0.2914572864321608,0.22053231939163498,0.1407035175879397,0.10646387832699619,"7.307415399",4,-13.170714469774826,64,0.24334600760456274,96,0.3650190114068441
641856,"McKinney, Billy",37,0.9024390243902439,29,"70.252428378",0.08108108108108109,0.41379310344827586,0.32432432432432434,0.06896551724137931,0.05405405405405406,"6.945824324",0,-2.095737020472397,8,0.21621621621621623,17,0.4594594594594595
673962,"Jung, Josh",879,0.9052523171987642,675,"70.24831868",0.05119453924914678,0.34074074074074073,0.2616609783845279,0.17333333333333334,0.13310580204778158,"6.967472594",17,-11.446682669813114,204,0.23208191126279865,332,0.37770193401592717
666397,"Julien, Edouard",314,0.9022988505747126,236,"70.199379427",0.06369426751592358,0.3559322033898305,0.267515923566879,0.16101694915254236,0.12101910828025478,"6.998998758",9,-11.126052875628952,78,0.2484076433121019,115,0.3662420382165605
640492,"Azócar, José",29,0.9354838709677419,27,"70.187141379",0.13793103448275862,0.3333333333333333,0.3103448275862069,0.14814814814814814,0.13793103448275862,"6.76739931",0,-1.03541334139183,2,0.06896551724137931,17,0.5862068965517241
669242,"Edman, Tommy",570,0.9076433121019108,465,"70.148919579",0.11929824561403508,0.37849462365591396,0.3087719298245614,0.16344086021505377,0.13333333333333333,"6.903690175",6,-9.891557479152269,105,0.18421052631578946,269,0.47192982456140353
682657,"Martínez, Angel",822,0.9072847682119205,645,"70.14490455",0.10705596107055963,0.31007751937984496,0.24330900243309003,0.09457364341085271,0.07420924574209246,"7.380785304",7,-27.90733789671502,177,0.21532846715328466,302,0.36739659367396593
669208,"Bliss, Ryan",58,0.8923076923076924,35,"70.144061897",0.03448275862068965,0.42857142857142855,0.25862068965517243,0.22857142857142856,0.13793103448275862,"6.805466552",2,-2.3607603231521073,23,0.39655172413793105,22,0.3793103448275862
663886,"Stephenson, Tyler",533,0.9033898305084745,387,"70.139746266",0.04878048780487805,0.3178294573643411,0.23076923076923078,0.14470284237726097,0.1050656660412758,"7.379543039",26,-8.628250680881022,146,0.27392120075046905,174,0.32645403377110693
665861,"Rivero, Sebastián",71,0.9102564102564102,47,"70.122365493",0.028169014084507043,0.3404255319148936,0.22535211267605634,0.0851063829787234,0.056338028169014086,"7.577463662",2,-1.101412078339555,24,0.3380281690140845,23,0.323943661971831
518595,"d'Arnaud, Travis",414,0.9019607843137255,286,"70.119285531",0.07971014492753625,0.28321678321678323,0.1956521739130435,0.1048951048951049,0.07246376811594203,"7.742367947",6,-12.99320464425441,128,0.30917874396135264,120,0.2898550724637681
650402,"Torres, Gleyber",960,0.909952606635071,782,"70.100047219",0.11666666666666667,0.36061381074168797,0.29375,0.14705882352941177,0.11979166666666667,"7.158268031",17,-27.285275885006005,178,0.18541666666666667,390,0.40625
641355,"Bellinger, Cody",1124,0.9115977291159773,930,"70.099456931",0.06494661921708185,0.33978494623655914,0.28113879003558717,0.12688172043010754,0.10498220640569395,"7.756198665",10,-4.405227238132612,194,0.17259786476868327,464,0.4128113879003559
680737,"Helman, Michael",191,0.9052132701421801,150,"70.092957539",0.02094240837696336,0.24,0.18848167539267016,0.08666666666666667,0.06806282722513089,"7.725839791",7,-3.525643687973082,41,0.21465968586387435,70,0.36649214659685864
686681,"Massey, Michael",485,0.9082397003745318,402,"70.077532701",0.06804123711340208,0.3283582089552239,0.2721649484536082,0.09950248756218906,0.08247422680412371,"7.200401443",4,-20.40040797681375,83,0.1711340206185567,202,0.41649484536082476
702176,"Roden, Alan",227,0.9007936507936508,173,"70.056524273",0.12334801762114538,0.36416184971098264,0.2775330396475771,0.12138728323699421,0.09251101321585903,"7.170578414",4,-13.834498771168644,54,0.23788546255506607,94,0.41409691629955947
664954,"Sullivan, Brett",16,0.8888888888888888,12,"70.0212175",0.06250000000000001,0.25,0.1875,0.08333333333333333,0.0625,"7.217730625",0,-0.7055623307106474,4,0.25,4,0.25
695257,"Cook, Billy",11,0.9166666666666666,9,"70.008233636",0.1818181818181818,0.2222222222222222,0.18181818181818182,0.1111111111111111,0.09090909090909091,"7.970687273",1,-0.034258161244130586,2,0.18181818181818182,5,0.45454545454545453
687478,"Devanney, Cam",70,0.8974358974358975,40,"69.999915286",0.15714285714285717,0.2,0.11428571428571428,0.05,0.02857142857142857,"7.295560286",4,-6.15418629037229,30,0.42857142857142855,12,0.17142857142857143
694362,"Dunn, Blake",112,0.9032258064516129,80,"69.997036696",0.06249999999999998,0.2875,0.20535714285714285,0.1125,0.08035714285714286,"6.209936875",6,-4.6226091939843865,32,0.2857142857142857,31,0.2767857142857143
663368,"Perkins, Blake",239,0.9122137404580153,169,"69.982733222",0.033472803347280346,0.3905325443786982,0.27615062761506276,0.15976331360946747,0.11297071129707113,"7.147493096",4,-7.168664021980132,70,0.2928870292887029,92,0.38493723849372385
664774,"Wade Jr., LaMonte",373,0.9053398058252428,298,"69.981703083",0.07774798927613943,0.348993288590604,0.27882037533512066,0.11073825503355705,0.08847184986595175,"6.715324155",11,-22.859388325519895,75,0.20107238605898123,145,0.38873994638069703
677587,"Rocchio, Brayan",622,0.9027576197387518,467,"69.981694791",0.06752411575562701,0.36616702355460384,0.27491961414790994,0.1349036402569593,0.10128617363344052,"7.323682524",10,-25.67275517221996,155,0.2491961414790997,243,0.39067524115755625
668939,"Rutschman, Adley",533,0.9080068143100511,463,"69.967917711",0.12007504690431517,0.4017278617710583,0.34896810506566606,0.12742980561555076,0.11069418386491557,"6.872258236",6,-18.728403320668136,70,0.13133208255159476,242,0.4540337711069418
702358,"Lipscomb, Trey",4,0.8,3,"69.9577625",0.25,0.3333333333333333,0.25,0,0,"6.9077075",0,-0.18319673317342672,1,0.25,1,0.25
645305,"Sánchez, Ali",41,0.8913043478260869,33,"69.955427561",0.0975609756097561,0.30303030303030304,0.24390243902439024,0.18181818181818182,0.14634146341463414,"7.240515366",0,-2.349170718144001,8,0.1951219512195122,17,0.4146341463414634
683766,"Koss, Christian",302,0.9041916167664671,205,"69.950367483",0.0596026490066225,0.3853658536585366,0.26158940397350994,0.14146341463414633,0.09602649006622517,"7.103454106",6,-4.99203468054134,97,0.3211920529801324,118,0.39072847682119205
694497,"Carter, Evan",316,0.9002849002849003,241,"69.906292816",0.08227848101265824,0.37344398340248963,0.2848101265822785,0.13692946058091288,0.10443037974683544,"7.170232563",8,-5.63353811089092,75,0.23734177215189872,136,0.43037974683544306
656413,"Fairchild, Stuart",84,0.9230769230769231,57,"69.8888",0.07142857142857141,0.3508771929824561,0.23809523809523808,0.15789473684210525,0.10714285714285714,"7.330205119",2,-4.822496454196367,27,0.32142857142857145,31,0.36904761904761907
680837,"Fitzgerald, Ryan",70,0.9090909090909091,54,"69.883352286",0.042857142857142864,0.3888888888888889,0.3,0.16666666666666666,0.12857142857142856,"7.347512429",0,-1.3766328319624264,16,0.22857142857142856,33,0.4714285714285714
678009,"Meadows, Parker",332,0.9046321525885559,238,"69.87324509",0.0602409638554217,0.3235294117647059,0.2319277108433735,0.1092436974789916,0.0783132530120482,"7.320697982",8,-17.338941757945577,94,0.28313253012048195,116,0.3493975903614458
670770,"Friedl, TJ",895,0.9095528455284553,744,"69.861389709",0.05921787709497209,0.3682795698924731,0.30614525139664805,0.11827956989247312,0.09832402234636871,"6.720376",14,-30.959745828460818,151,0.16871508379888267,424,0.47374301675977654
542963,"Brantly, Rob",12,0.8571428571428571,7,"69.8545425",0.16666666666666669,0.7142857142857143,0.4166666666666667,0,0,"6.8974525",1,-0.14406800087718213,5,0.4166666666666667,5,0.4166666666666667
621035,"Taylor, Chris",215,0.899581589958159,137,"69.853467488",0.046511627906976764,0.30656934306569344,0.19534883720930232,0.08759124087591241,0.05581395348837209,"7.064038047",11,-9.264925575961906,78,0.3627906976744186,67,0.3116279069767442
518692,"Freeman, Freddie",1088,0.8984310487200661,819,"69.835693704",0.08363970588235296,0.3540903540903541,0.2665441176470588,0.1562881562881563,0.11764705882352941,"6.866944357",13,-5.136816136438599,269,0.24724264705882354,402,0.3694852941176471
676439,"Feduccia, Hunter",180,0.9,134,"69.820053278",0.10555555555555557,0.2537313432835821,0.18888888888888888,0.08955223880597014,0.06666666666666667,"7.057904778",6,-11.592637890711337,46,0.25555555555555554,56,0.3111111111111111
695336,"Saggese, Thomas",519,0.9026086956521739,386,"69.810160019",0.059730250481695564,0.32642487046632124,0.24277456647398843,0.12953367875647667,0.09633911368015415,"6.914951118",13,-12.791079601001892,133,0.25626204238921,178,0.34296724470134876
669257,"Smith, Will",657,0.9012345679012346,522,"69.732036393",0.060882800608828,0.36590038314176243,0.2907153729071537,0.1685823754789272,0.1339421613394216,"7.252223805",20,2.9442231029957266,135,0.2054794520547945,256,0.3896499238964992
694359,"Kavadas, Niko",34,0.8947368421052632,24,"69.707511765",0.05882352941176472,0.25,0.17647058823529413,0.041666666666666664,0.029411764705882353,"7.202966176",1,-3.1056753911883583,10,0.29411764705882354,10,0.29411764705882354
664983,"McCarthy, Jake",348,0.9086161879895561,280,"69.68168931",0.07758620689655174,0.33214285714285713,0.2672413793103448,0.08928571428571429,0.07183908045977011,"6.995431868",3,-17.155231197384534,68,0.19540229885057472,146,0.41954022988505746
810938,"Williamson, Ben",512,0.9014084507042254,405,"69.676885684",0.07812499999999999,0.30864197530864196,0.244140625,0.14074074074074075,0.111328125,"6.882994902",13,-16.730170146975382,107,0.208984375,195,0.380859375
677060,"Stevens, Chad",25,0.8928571428571429,18,"69.6731196",0.08,0.16666666666666666,0.12,0,0,"7.1360964",0,-1.698172441985324,7,0.28,6,0.24
670097,"Short, Zack",86,0.9052631578947369,62,"69.668127674",0.03488372093023257,0.2903225806451613,0.20930232558139536,0.0967741935483871,0.06976744186046512,"6.982283605",2,-2.9678270591627496,24,0.27906976744186046,29,0.3372093023255814
605361,"Martini, Nick",172,0.8958333333333334,144,"69.66680343",0.034883720930232565,0.3541666666666667,0.29651162790697677,0.09027777777777778,0.0755813953488372,"6.703496221",5,-6.5867951189703655,28,0.16279069767441862,83,0.48255813953488375
664068,"Kingery, Scott",52,0.896551724137931,32,"69.655264231",0.019230769230769235,0.25,0.15384615384615385,0.09375,0.057692307692307696,"6.984329615",2,-3.302215545612219,20,0.38461538461538464,14,0.2692307692307692
596103,"Slater, Austin",286,0.9079365079365079,215,"69.653512483",0.06993006993006996,0.31627906976744186,0.23776223776223776,0.1813953488372093,0.13636363636363635,"6.776989336",9,-4.516475999003722,71,0.24825174825174826,94,0.32867132867132864
514888,"Altuve, Jose",971,0.9066293183940243,786,"69.651233409",0.10916580844490216,0.31679389312977096,0.2564366632337796,0.10178117048346055,0.082389289392379,"7.568660886",12,-12.806552887450945,185,0.19052523171987643,416,0.42842430484037075
686475,"Tolbert, Tyler",92,0.92,67,"69.622010435",0.05434782608695652,0.40298507462686567,0.29347826086956524,0.1044776119402985,0.07608695652173914,"6.851370217",0,-1.4522489753037935,25,0.2717391304347826,36,0.391304347826087
683737,"Busch, Michael",952,0.9023696682464455,719,"69.620373613",0.06932773109243695,0.39221140472878996,0.296218487394958,0.18497913769123783,0.13970588235294118,"7.022256555",18,7.1357098547109885,233,0.24474789915966386,351,0.36869747899159666
688363,"Pauley, Graham",284,0.9015873015873016,211,"69.617436268",0.059859154929577475,0.3459715639810427,0.25704225352112675,0.11374407582938388,0.08450704225352113,"7.083683239",13,-12.782446884569326,73,0.25704225352112675,116,0.4084507042253521
680574,"McLain, Matt",892,0.9102040816326531,651,"69.613203195",0.051569506726457395,0.3317972350230415,0.242152466367713,0.12903225806451613,0.09417040358744394,"6.845753408",30,-29.220435902519018,241,0.2701793721973094,310,0.3475336322869955
671083,"Kennedy, Buddy",49,0.9074074074074074,38,"69.601734082",0.02040816326530612,0.2894736842105263,0.22448979591836735,0.05263157894736842,0.04081632653061224,"6.663165714",1,-4.157271113754789,11,0.22448979591836735,18,0.3673469387755102
807713,"Shaw, Matt",714,0.9003783102143758,570,"69.579410406",0.11484593837535015,0.2824561403508772,0.22549019607843138,0.10175438596491228,0.08123249299719888,"6.955715294",18,-11.301735151597029,144,0.20168067226890757,275,0.3851540616246499
647351,"Toro, Abraham",485,0.9065420560747663,392,"69.538993216",0.05979381443298968,0.32908163265306123,0.26597938144329897,0.11479591836734694,0.09278350515463918,"7.624205773",6,-9.835014561046957,93,0.19175257731958764,205,0.422680412371134
666023,"Fermin, Freddy",627,0.9060693641618497,497,"69.535072057",0.05263157894736843,0.3319919517102616,0.2631578947368421,0.10865191146881288,0.0861244019138756,"7.285425758",21,-15.994291266354729,130,0.20733652312599682,230,0.3668261562998405
592696,"Rosario, Eddie",14,0.9333333333333333,9,"69.530124286",0,0.4444444444444444,0.2857142857142857,0.2222222222222222,0.14285714285714285,"7.076937143",0,-1.6374557389116835,5,0.35714285714285715,6,0.42857142857142855
666158,"Lux, Gavin",782,0.9050925925925926,633,"69.528860013",0.05115089514066497,0.344391785150079,0.27877237851662406,0.12006319115323855,0.09718670076726342,"7.363787251",32,-11.673043544024814,149,0.19053708439897699,317,0.4053708439897698
667452,"Julks, Corey",22,0.88,17,"69.509182727",0.04545454545454544,0.4117647058823529,0.3181818181818182,0.058823529411764705,0.045454545454545456,"7.022816818",0,0.18392533301517433,5,0.22727272727272727,10,0.45454545454545453
650859,"Rengifo, Luis",909,0.9026812313803376,714,"69.505862365",0.07260726072607261,0.34593837535014005,0.2717271727172717,0.1134453781512605,0.0891089108910891,"7.058871507",13,-32.28237834392775,195,0.2145214521452145,370,0.40704070407040704
686797,"Lee, Brooks",855,0.9009483667017913,676,"69.485051778",0.0935672514619883,0.36538461538461536,0.28888888888888886,0.09763313609467456,0.07719298245614035,"7.162356468",42,-30.744918780151245,179,0.20935672514619882,354,0.41403508771929826
621493,"Ward, Taylor",896,0.9014084507042254,694,"69.483565123",0.07142857142857144,0.3818443804034582,0.29575892857142855,0.15706051873198848,0.12165178571428571,"7.089867388",26,-0.009960682410665278,202,0.22544642857142858,361,0.4029017857142857
600869,"Candelario, Jeimer",163,0.8956043956043956,112,"69.482962515",0.10429447852760738,0.2857142857142857,0.19631901840490798,0.08035714285714286,0.05521472392638037,"8.081039141",7,-12.430972575854433,51,0.3128834355828221,51,0.3128834355828221
643376,"Jansen, Danny",510,0.8994708994708994,405,"69.471516098",0.05882352941176471,0.32839506172839505,0.2607843137254902,0.11358024691358025,0.09019607843137255,"6.856089863",24,-10.480313480673157,105,0.20588235294117646,188,0.3686274509803922
650968,"Pozo, Yohel",320,0.898876404494382,264,"69.455514094",0.09375,0.30303030303030304,0.25,0.11742424242424243,0.096875,"7.714032844",9,-6.3922446296459094,56,0.175,128,0.4
691019,"Teel, Kyle",482,0.8992537313432836,348,"69.434910622",0.10165975103734441,0.3275862068965517,0.23651452282157676,0.12643678160919541,0.0912863070539419,"6.738461971",8,-5.688517676709635,134,0.27800829875518673,166,0.34439834024896265
649966,"Urías, Luis",485,0.8998144712430427,432,"69.408950392",0.07835051546391752,0.3611111111111111,0.3216494845360825,0.09722222222222222,0.0865979381443299,"7.456409443",11,-13.195950969506862,53,0.10927835051546392,228,0.47010309278350515
685744,"Corona, Kenedy",6,0.8571428571428571,6,"69.406686667",0,0.16666666666666666,0.16666666666666666,0,0,"6.930608333",0,-0.493743089356804,0,0,1,0.16666666666666666
677008,"Kjerstad, Heston",310,0.9011627906976745,222,"69.377632774",0.06129032258064517,0.3333333333333333,0.23870967741935484,0.13513513513513514,0.0967741935483871,"6.956729935",2,-12.699323744954192,88,0.2838709677419355,101,0.3258064516129032
679845,"Loftin, Nick",275,0.8986928104575164,229,"69.354937855",0.06545454545454543,0.3624454148471616,0.3018181818181818,0.12663755458515283,0.10545454545454545,"7.118696764",5,-11.136744824263687,46,0.16727272727272727,127,0.4618181818181818
672012,"Black, Tyler",18,0.9,13,"69.350726667",0.11111111111111113,0.07692307692307693,0.05555555555555555,0.07692307692307693,0.05555555555555555,"7.058045",3,-1.2086927960720526,5,0.2777777777777778,6,0.3333333333333333
686823,"Brennan, Will",17,0.85,13,"69.345284118",0,0.38461538461538464,0.29411764705882354,0.07692307692307693,0.058823529411764705,"7.171894706",0,-2.34151667620917,4,0.23529411764705882,9,0.5294117647058824
681082,"Stott, Bryson",881,0.9054470709146968,752,"69.344000817",0.05675368898978435,0.33643617021276595,0.28717366628830876,0.10505319148936171,0.08967082860385925,"7.196904007",11,-17.552766659277616,129,0.14642451759364358,379,0.4301929625425653
681393,"Norby, Connor",587,0.8989280245022971,432,"69.332296729",0.06814310051107329,0.28935185185185186,0.21294718909710392,0.11574074074074074,0.08517887563884156,"6.95408477",26,-8.364264424458671,155,0.26405451448040884,199,0.3390119250425894
622569,"Reyes, Pablo",52,0.9285714285714286,38,"69.316990385",0.0576923076923077,0.2631578947368421,0.19230769230769232,0.07894736842105263,0.057692307692307696,"7.041815",0,-3.7263697310075306,14,0.2692307692307692,20,0.38461538461538464
680977,"Donovan, Brendan",732,0.9037037037037037,638,"69.302597568",0.04781420765027323,0.42476489028213166,0.3702185792349727,0.17711598746081506,0.15437158469945356,"6.802859713",8,-15.014674410178724,94,0.1284153005464481,366,0.5
665926,"Giménez, Andrés",650,0.9090909090909091,499,"69.299103323",0.07076923076923078,0.31462925851703405,0.24153846153846154,0.0841683366733467,0.06461538461538462,"7.047907231",5,-28.28342561743285,151,0.2323076923076923,236,0.3630769230769231
683083,"Nuñez, Nasim",160,0.9090909090909091,124,"69.288364688",0.07500000000000002,0.3387096774193548,0.2625,0.12903225806451613,0.1,"6.91522675",4,-5.247248984289085,36,0.225,57,0.35625
665828,"Cabrera, Oswaldo",191,0.9182692307692307,144,"69.239896649",0.015706806282722516,0.3958333333333333,0.29842931937172773,0.10416666666666667,0.07853403141361257,"7.303133613",0,-5.920141090747569,47,0.24607329842931938,76,0.39790575916230364
682515,"Porter, Logan",11,0.8461538461538461,9,"69.236596364",0,0.5555555555555556,0.45454545454545453,0,0,"6.936662727",0,-0.6672954099064534,2,0.18181818181818182,5,0.45454545454545453
628451,"Ibáñez, Andy",332,0.9171270718232044,273,"69.228058072",0.027108433734939753,0.37362637362637363,0.3072289156626506,0.13553113553113552,0.11144578313253012,"7.174690633",4,-15.27584972958484,59,0.17771084337349397,142,0.42771084337349397
668800,"Knizner, Andrew",135,0.9,112,"69.222260444",0.07407407407407408,0.26785714285714285,0.2222222222222222,0.05357142857142857,0.044444444444444446,"6.946619111",6,-2.74807188546222,23,0.17037037037037037,58,0.42962962962962964
666149,"Fitzgerald, Tyler",413,0.8997821350762527,286,"69.213213196",0.03874092009685231,0.2762237762237762,0.19128329297820823,0.07342657342657342,0.05084745762711865,"7.403802446",9,-16.378541835937675,127,0.3075060532687651,128,0.3099273607748184
681584,"Villar, David",34,0.918918918918919,22,"69.209375882",0.11764705882352941,0.2727272727272727,0.17647058823529413,0.13636363636363635,0.08823529411764706,"7.924522647",1,-2.1066597255312285,12,0.35294117647058826,12,0.35294117647058826
607680,"Pillar, Kevin",79,0.8977272727272727,66,"69.138335823",0.02531645569620253,0.3484848484848485,0.2911392405063291,0.07575757575757576,0.06329113924050633,"7.446556582",4,-4.077532110115799,13,0.16455696202531644,33,0.4177215189873418
695734,"Lile, Daylen",603,0.9095022624434389,495,"69.128250514",0.03150912106135986,0.3474747474747475,0.28524046434494194,0.11717171717171718,0.09618573797678276,"7.142899486",8,-2.825307895289586,108,0.1791044776119403,244,0.4046434494195688
682653,"Bernabel, Warming",257,0.9113475177304965,207,"69.111910039",0.050583657587548625,0.30917874396135264,0.2490272373540856,0.09178743961352658,0.07392996108949416,"7.578312412",2,-5.553328417645757,50,0.19455252918287938,105,0.4085603112840467
690022,"Ritter, Ryan",346,0.9010416666666666,226,"69.100220751",0.06647398843930635,0.2610619469026549,0.17052023121387283,0.07079646017699115,0.046242774566473986,"6.699208439",12,-9.490589729809283,120,0.3468208092485549,108,0.31213872832369943
672569,"Campero, Gustavo",112,0.9105691056910569,79,"69.091819107",0.08928571428571429,0.3291139240506329,0.23214285714285715,0.06329113924050633,0.044642857142857144,"6.886281161",2,-5.87147980844423,33,0.29464285714285715,36,0.32142857142857145
641313,"Anderson, Tim",164,0.8961748633879781,117,"69.081139634",0.024390243902439025,0.29914529914529914,0.21341463414634146,0.07692307692307693,0.054878048780487805,"7.046691402",9,-8.685822064994284,47,0.2865853658536585,54,0.32926829268292684
666182,"Bichette, Bo",1063,0.903143585386576,882,"69.075368175",0.09125117591721545,0.36167800453514737,0.30009407337723426,0.17233560090702948,0.14299153339604892,"7.256371637",21,-3.1467825805976863,181,0.1702728127939793,437,0.41110065851364064
676609,"Caballero, José",570,0.9033280507131537,422,"69.060717789",0.10526315789473688,0.2962085308056872,0.21929824561403508,0.0947867298578199,0.07017543859649122,"6.764494632",13,-10.718429571568505,148,0.2596491228070175,187,0.3280701754385965
691720,"Karros, Kyle",244,0.8937728937728938,184,"69.05321877",0.02459016393442623,0.2826086956521739,0.21311475409836064,0.07608695652173914,0.05737704918032787,"7.092606721",9,-11.81486150942155,60,0.2459016393442623,89,0.36475409836065575
672279,"Siani, Michael",28,0.9032258064516129,19,"69.049441429",0.10714285714285719,0.15789473684210525,0.10714285714285714,0.05263157894736842,0.03571428571428571,"7.081159643",0,-1.2949270692932005,9,0.32142857142857145,9,0.32142857142857145
643565,"Tauchman, Mike",662,0.9019073569482289,512,"69.048286873",0.05891238670694863,0.330078125,0.2552870090634441,0.126953125,0.09818731117824774,"7.170299819",16,-6.148733849417287,150,0.22658610271903323,235,0.3549848942598187
695238,"Wagner, Will",273,0.8980263157894737,212,"69.046124359",0.06227106227106229,0.2830188679245283,0.21978021978021978,0.09905660377358491,0.07692307692307693,"6.457662967",3,-12.662983419999856,61,0.22344322344322345,93,0.34065934065934067
669701,"Smith, Josh",910,0.9018830525272548,732,"69.01794567",0.03626373626373629,0.3442622950819672,0.27692307692307694,0.10792349726775956,0.08681318681318681,"6.730544802",13,-26.80194036969205,178,0.1956043956043956,360,0.3956043956043956
621512,"Nido, Tomás",62,0.8985507246376812,47,"68.989770806",0.016129032258064516,0.3191489361702128,0.24193548387096775,0.1276595744680851,0.0967741935483871,"7.676294677",0,-0.9760424123594982,15,0.24193548387096775,22,0.3548387096774194
641680,"Heim, Jonah",740,0.9002433090024331,573,"68.979309635",0.048648648648648665,0.3507853403141361,0.2716216216216216,0.1169284467713787,0.09054054054054055,"7.515776811",15,-28.19955913304918,167,0.22567567567567567,277,0.37432432432432433
687363,"Scott II, Victor",658,0.9013698630136986,481,"68.969854833",0.059270516717325236,0.32432432432432434,0.23708206686930092,0.08316008316008316,0.060790273556231005,"6.384375456",21,-33.67974373363702,177,0.2689969604863222,239,0.36322188449848025
670623,"Paredes, Isaac",655,0.9009628610729024,550,"68.957270214",0.09618320610687024,0.31636363636363635,0.26564885496183205,0.09636363636363636,0.08091603053435115,"8.029629679",8,-9.542027605412047,105,0.16030534351145037,254,0.38778625954198476
645277,"Albies, Ozzie",1126,0.9022435897435898,912,"68.953930684",0.07015985790408526,0.3519736842105263,0.28507992895204265,0.08333333333333333,0.0674955595026643,"7.216248721",17,-31.8150448091728,214,0.19005328596802842,457,0.4058614564831261
680577,"Keirsey Jr., DaShawn",157,0.9075144508670521,118,"68.941201274",0.06369426751592357,0.2711864406779661,0.20382165605095542,0.0847457627118644,0.06369426751592357,"6.672816815",6,-11.163392500849667,39,0.2484076433121019,49,0.31210191082802546
605141,"Betts, Mookie",869,0.9023883696780893,763,"68.938975708",0.07940161104718067,0.4692005242463958,0.41196777905638665,0.1349934469200524,0.11852704257767549,"7.023541807",30,-16.840896300505687,106,0.12197928653624857,476,0.5477560414269275
701675,"Church, Nathan",115,0.905511811023622,81,"68.91755913",0.060869565217391314,0.2839506172839506,0.2,0.07407407407407407,0.05217391304347826,"7.153280087",2,-5.933577268395853,34,0.2956521739130435,34,0.2956521739130435
669326,"Teodosio, Bryce",281,0.9035369774919614,179,"68.915696014",0.04270462633451958,0.2849162011173184,0.18149466192170818,0.08379888268156424,0.05338078291814947,"6.584837687",13,-10.576568094017984,102,0.36298932384341637,82,0.2918149466192171
670276,"Stevenson, Cal",10,0.9090909090909091,9,"68.854708",0,0.3333333333333333,0.3,0.1111111111111111,0.1,"7.091459",0,0.20148636199839415,1,0.1,5,0.5
578428,"Iglesias, Jose",532,0.897133220910624,445,"68.846501711",0.09210526315789477,0.3235955056179775,0.2706766917293233,0.07415730337078652,0.06203007518796992,"6.602054211",13,-13.644524980734253,87,0.16353383458646617,229,0.43045112781954886
682868,"Ramos, Bryan",20,0.9090909090909091,14,"68.835045",0.2,0.21428571428571427,0.15,0.07142857142857142,0.05,"8.158322",1,-1.1844521518904698,6,0.3,8,0.4
624431,"Trevino, Jose",435,0.9100418410041841,360,"68.833057034",0.02528735632183908,0.42777777777777776,0.35402298850574715,0.1527777777777778,0.12643678160919541,"7.199131908",12,-14.73514437370213,75,0.1724137931034483,223,0.5126436781609195
571912,"Maile, Luke",80,0.8791208791208791,59,"68.803469875",0.0375,0.3389830508474576,0.25,0.1864406779661017,0.1375,"6.610141625",4,-0.16722569350353506,21,0.2625,26,0.325
543592,"Nola, Austin",69,0.9857142857142858,57,"68.766785362",0.014492753623188411,0.3508771929824561,0.2898550724637681,0.05263157894736842,0.043478260869565216,"6.956260725",0,-5.01703812522601,12,0.17391304347826086,30,0.43478260869565216
670764,"Walls, Taylor",497,0.9102564102564102,389,"68.742484286",0.02213279678068411,0.3496143958868895,0.27364185110663986,0.07197943444730077,0.056338028169014086,"6.996431006",3,-24.977886160841535,108,0.21730382293762576,189,0.38028169014084506
666163,"Rortvedt, Ben",206,0.9155555555555556,149,"68.733233495",0.048543689320388356,0.22818791946308725,0.1650485436893204,0.08053691275167785,0.05825242718446602,"6.980447767",2,-11.917515280329681,57,0.2766990291262136,77,0.3737864077669903
643217,"Benintendi, Andrew",768,0.9014084507042254,591,"68.732955156",0.03125,0.38917089678510997,0.2994791666666667,0.1319796954314721,0.1015625,"7.080486758",14,-14.694084548450066,177,0.23046875,317,0.4127604166666667
669256,"Solak, Nick",17,0.8947368421052632,13,"68.725744118",0.11764705882352944,0.38461538461538464,0.29411764705882354,0.23076923076923078,0.17647058823529413,"7.442616471",1,-1.8700335282194915,4,0.23529411764705882,9,0.5294117647058824
669200,"McCoy, Mason",31,0.9117647058823529,21,"68.718120323",0.06451612903225806,0.23809523809523808,0.16129032258064516,0.047619047619047616,0.03225806451612903,"7.545061613",0,-2.566898602418041,10,0.3225806451612903,10,0.3225806451612903
666185,"Carlson, Dylan",401,0.9031531531531531,314,"68.696922743",0.044887780548628416,0.34394904458598724,0.26932668329177056,0.09554140127388536,0.07481296758104738,"6.88792404",8,-13.531070007068172,87,0.2169576059850374,144,0.35910224438902744
669392,"Taylor, Samad",10,0.8333333333333334,8,"68.64366",0,0.375,0.3,0.125,0.1,"7.421822",0,-1.3674025225569062,2,0.2,5,0.5
690987,"Hassell III, Robert",336,0.9081081081081082,241,"68.64226375",0.01785714285714286,0.33195020746887965,0.23809523809523808,0.11618257261410789,0.08333333333333333,"6.885490506",4,-14.633820245522443,95,0.28273809523809523,118,0.35119047619047616
669369,"Johnson, Bryce",109,0.9083333333333333,81,"68.613228165",0.10091743119266058,0.345679012345679,0.25688073394495414,0.12345679012345678,0.09174311926605505,"7.370983761",1,2.214731651437902,28,0.25688073394495414,43,0.3944954128440367
592192,"Canha, Mark",206,0.8995633187772926,160,"68.597147864",0.06796116504854367,0.35625,0.2766990291262136,0.11875,0.09223300970873786,"7.422815146",7,-11.584877929689377,46,0.22330097087378642,82,0.39805825242718446
680474,"Schuemann, Max",323,0.9047619047619048,245,"68.587202012",0.027863777089783288,0.37142857142857144,0.28173374613003094,0.10612244897959183,0.0804953560371517,"6.759444303",7,-16.120988976678692,78,0.24148606811145512,128,0.39628482972136225
570482,"Urshela, Gio",354,0.9053708439897699,250,"68.560641921",0.05367231638418078,0.364,0.2570621468926554,0.108,0.07627118644067797,"7.228671864",11,-11.736450113747587,104,0.2937853107344633,134,0.3785310734463277
605113,"Ahmed, Nick",17,0.9444444444444444,9,"68.504327059",0,0.4444444444444444,0.23529411764705882,0,0,"7.318749412",0,-1.4447858891741727,8,0.47058823529411764,6,0.35294117647058826
666150,"Fletcher, Dominic",61,0.9104477611940298,56,"68.499352131",0.03278688524590165,0.3392857142857143,0.3114754098360656,0.14285714285714285,0.13114754098360656,"6.780362623",0,-0.8583343655359864,5,0.08196721311475409,26,0.4262295081967213
691185,"Acosta, Maximo",84,0.9032258064516129,61,"68.482059762",0.03571428571428571,0.45901639344262296,0.3333333333333333,0.21311475409836064,0.15476190476190477,"7.33141",3,-1.6138366071465433,23,0.27380952380952384,35,0.4166666666666667
681962,"Capra, Vinny",142,0.9044585987261147,108,"68.472086338",0.014084507042253527,0.4351851851851852,0.33098591549295775,0.1111111111111111,0.08450704225352113,"7.248440352",4,-11.548816488474175,34,0.23943661971830985,68,0.4788732394366197
605353,"Machín, Vimael",20,0.8695652173913043,14,"68.468196",0.09999999999999999,0.35714285714285715,0.25,0.07142857142857142,0.05,"7.0376965",1,-1.4623413770666716,6,0.3,9,0.45
543760,"Semien, Marcus",868,0.8976215098241985,688,"68.450021555",0.052995391705069124,0.36773255813953487,0.29147465437788017,0.125,0.09907834101382489,"7.716632281",24,-32.44558073223372,180,0.2073732718894009,342,0.39400921658986177
663538,"Hoerner, Nico",992,0.9059360730593607,902,"68.427532177",0.026209677419354843,0.40022172949002216,0.3639112903225806,0.09645232815964523,0.08770161290322581,"7.187625806",16,-12.429030558784415,90,0.0907258064516129,514,0.5181451612903226
687462,"Horwitz, Spencer",684,0.9047619047619048,570,"68.427090424",0.07017543859649122,0.32105263157894737,0.2675438596491228,0.09298245614035087,0.07748538011695906,"6.944258348",13,-11.961066469410381,114,0.16666666666666666,255,0.37280701754385964
660644,"Bruján, Vidal",157,0.9075144508670521,122,"68.424291847",0.03821656050955414,0.3360655737704918,0.2611464968152866,0.07377049180327869,0.05732484076433121,"6.912942803",3,-8.34910085802044,35,0.2229299363057325,57,0.3630573248407643
669289,"Espinal, Santiago",504,0.9097472924187726,439,"68.420807282",0.01984126984126984,0.36674259681093396,0.3194444444444444,0.07289293849658314,0.06349206349206349,"7.407255278",7,-27.785201149366873,65,0.12896825396825398,236,0.46825396825396826
655316,"Monasterio, Andruw",233,0.9066147859922179,177,"68.351776352",0.021459227467811162,0.3502824858757062,0.26609442060085836,0.07909604519774012,0.060085836909871244,"6.949798927",5,-2.5629134961588904,56,0.24034334763948498,89,0.38197424892703863
676694,"Meyers, Jake",527,0.9008547008547009,429,"68.350581765",0.049335863377609104,0.351981351981352,0.286527514231499,0.12354312354312354,0.10056925996204934,"6.940508444",22,-7.283102703467323,98,0.1859582542694497,230,0.4364326375711575
691594,"Sanoja, Javier",472,0.8990476190476191,425,"68.333636695",0.038135593220339006,0.41411764705882353,0.3728813559322034,0.13411764705882354,0.12076271186440678,"7.339094661",8,-5.427901673301015,47,0.09957627118644068,245,0.5190677966101694
808982,"Lee, Jung Hoo",914,0.8996062992125984,801,"68.330734617",0.02735229759299781,0.3995006242197253,0.350109409190372,0.10986267166042447,0.0962800875273523,"7.529337691",6,-18.572920751114317,113,0.12363238512035012,443,0.48468271334792123
696285,"Young, Jacob",496,0.9018181818181819,419,"68.312609798",0.01612903225806452,0.4009546539379475,0.3387096774193548,0.11694510739856802,0.09879032258064516,"7.046797702",12,-21.28840690684039,77,0.15524193548387097,232,0.46774193548387094
668845,"Schunk, Aaron",61,0.8840579710144928,47,"68.307601148",0,0.2765957446808511,0.21311475409836064,0.10638297872340426,0.08196721311475409,"6.530517705",2,-3.4684705415134047,14,0.22950819672131148,22,0.36065573770491804
656896,"Rivera, Emmanuel",222,0.8987854251012146,159,"68.284801216",0.031531531531531536,0.3836477987421384,0.2747747747747748,0.08176100628930817,0.05855855855855856,"6.870989955",6,-10.19104333128921,63,0.28378378378378377,88,0.3963963963963964
675659,"Jones, Greg",6,1,2,"68.27423",0.16666666666666669,0,0,0,0,"6.560911667",0,-0.39798064692559365,4,0.6666666666666666,0,0
668885,"Martin, Austin",246,0.8978102189781022,209,"68.243464715",0.04878048780487806,0.3349282296650718,0.2845528455284553,0.11961722488038277,0.1016260162601626,"6.891095732",2,-10.465154845374194,37,0.15040650406504066,108,0.43902439024390244
672695,"Perdomo, Geraldo",1021,0.9035398230088496,914,"68.234754545",0.04603330068560236,0.36323851203501095,0.32517140058765914,0.10393873085339168,0.0930460333006856,"6.896917111",21,6.520306523199453,107,0.10479921645445642,473,0.4632713026444662
678489,"Barrosa, Jorge",137,0.9133333333333333,99,"68.226985255",0.02919708029197081,0.3333333333333333,0.24087591240875914,0.06060606060606061,0.043795620437956206,"7.822651168",1,-11.463644285396828,38,0.2773722627737226,46,0.3357664233576642
622268,"Walton, Donovan",13,0.9285714285714286,12,"68.186365385",0,0.5,0.46153846153846156,0.08333333333333333,0.07692307692307693,"6.614374615",0,-1.4538395837139872,1,0.07692307692307693,7,0.5384615384615384
687231,"Hernaiz, Darell",308,0.9005847953216374,251,"68.163175",0.022727272727272735,0.3426294820717131,0.2792207792207792,0.09163346613545817,0.07467532467532467,"7.054372662",5,-11.900647660501482,57,0.18506493506493507,134,0.43506493506493504
686217,"Frelick, Sal",882,0.9074074074074074,785,"68.148373639",0.05328798185941043,0.33885350318471336,0.30158730158730157,0.07898089171974522,0.07029478458049887,"7.107539093",13,-7.863243984709898,97,0.10997732426303855,404,0.4580498866213152
643289,"Dubón, Mauricio",628,0.9075144508670521,540,"68.117054729",0.027070063694267517,0.3277777777777778,0.2818471337579618,0.07777777777777778,0.06687898089171974,"7.448070318",10,-19.791588307110533,88,0.14012738853503184,296,0.4713375796178344
500743,"Rojas, Miguel",442,0.9057377049180327,371,"68.10314681",0.04298642533936651,0.40970350404312667,0.3438914027149321,0.1078167115902965,0.09049773755656108,"7.100455973",15,-3.7674205679859867,71,0.16063348416289594,216,0.48868778280542985
621028,"Newman, Kevin",192,0.909952606635071,162,"68.08317224",0.026041666666666668,0.36419753086419754,0.3072916666666667,0.06790123456790123,0.057291666666666664,"6.589840781",3,-7.466116273255797,30,0.15625,87,0.453125
624415,"Biggio, Cavan",111,0.888,84,"68.042444955",0.05405405405405405,0.40476190476190477,0.3063063063063063,0.08333333333333333,0.06306306306306306,"7.000502072",3,-6.5116424015918835,27,0.24324324324324326,44,0.3963963963963964
680700,"Palacios, Richie",65,0.9154929577464789,48,"68.035001538",0.03076923076923077,0.4166666666666667,0.3076923076923077,0.125,0.09230769230769231,"7.017342308",0,-1.643397968429182,17,0.26153846153846155,29,0.4461538461538462
608671,"Jankowski, Travis",71,0.8875,56,"68.017074789",0.014084507042253521,0.30357142857142855,0.23943661971830985,0.125,0.09859154929577464,"6.438987465",4,-2.5381312778846308,15,0.2112676056338028,28,0.39436619718309857
665877,"Fermín, José",86,0.8958333333333334,73,"68.012819302",0.04651162790697675,0.3972602739726027,0.3372093023255814,0.0821917808219178,0.06976744186046512,"7.20450093",2,0.08677819937693765,13,0.1511627906976744,40,0.46511627906976744
664770,"Lukes, Nathan",692,0.8952134540750324,599,"68.002938512",0.053468208092485564,0.35392320534223703,0.3063583815028902,0.11686143572621036,0.10115606936416185,"6.485278367",7,-3.0975245403538003,93,0.13439306358381503,299,0.4320809248554913
702332,"Durbin, Caleb",703,0.9047619047619048,634,"67.911098762",0.01849217638691323,0.3753943217665615,0.3385490753911807,0.08517350157728706,0.07681365576102418,"6.832407383",21,-14.16272663207214,69,0.09815078236130868,366,0.5206258890469416
671976,"Peters, Tristan",22,0.9565217391304348,12,"67.908487727",0,0.3333333333333333,0.18181818181818182,0.16666666666666666,0.09090909090909091,"7.144504545",0,-2.166886918168125,10,0.45454545454545453,4,0.18181818181818182
681146,"Bride, Jonah",155,0.9117647058823529,120,"67.906411032",0.03870967741935485,0.3416666666666667,0.2645161290322581,0.08333333333333333,0.06451612903225806,"7.263868516",8,-9.239851160765111,35,0.22580645161290322,60,0.3870967741935484
678225,"Bae, Jihwan",40,0.8888888888888888,22,"67.8941485",0.025000000000000012,0.3181818181818182,0.175,0.09090909090909091,0.05,"6.6356725",0,-4.847914585613279,18,0.45,9,0.225
689172,"Wisely, Brett",115,0.9274193548387096,91,"67.84010887",0.034782608695652174,0.27472527472527475,0.21739130434782608,0.054945054945054944,0.043478260869565216,"6.629700783",1,-3.3598899970911886,24,0.20869565217391303,40,0.34782608695652173
668942,"Rojas, Josh",318,0.9008498583569405,254,"67.787494371",0.02515723270440252,0.3937007874015748,0.31446540880503143,0.09448818897637795,0.07547169811320754,"7.199374623",7,-19.523072575935632,64,0.20125786163522014,131,0.4119496855345912
686765,"Sogard, Nick",150,0.9036144578313253,125,"67.7871206",0.013333333333333334,0.368,0.30666666666666664,0.088,0.07333333333333333,"7.074680933",4,-2.899517790204867,25,0.16666666666666666,66,0.44
642086,"Smith, Dominic",367,0.8864734299516909,291,"67.773309755",0.040871934604904625,0.37800687285223367,0.2997275204359673,0.12714776632302405,0.1008174386920981,"6.88319812",10,-5.52392263362625,76,0.20708446866485014,150,0.4087193460490463
805373,"Alvarez Jr., Nacho",292,0.8957055214723927,230,"67.751631918",0.03767123287671234,0.3173913043478261,0.25,0.06521739130434782,0.05136986301369863,"7.532274521",9,-7.6321310767231365,62,0.21232876712328766,119,0.4075342465753425
670032,"Lopez, Nicky",40,0.8888888888888888,36,"67.7394365",0.024999999999999998,0.3055555555555556,0.275,0.1111111111111111,0.1,"6.6323255",0,-4.825972724848207,4,0.1,18,0.45
676391,"Clement, Ernie",865,0.9038662486938349,766,"67.593091087",0.024277456647398846,0.42428198433420367,0.37572254335260113,0.09921671018276762,0.08786127167630058,"7.043221977",30,-19.044643922163047,99,0.11445086705202312,447,0.5167630057803468
518934,"LeMahieu, DJ",192,0.9014084507042254,156,"67.555492135",0.03645833333333334,0.41025641025641024,0.3333333333333333,0.16666666666666666,0.13541666666666666,"7.163191458",10,-5.328271011555733,36,0.1875,78,0.40625
700337,"Quero, Edgar",654,0.9008264462809917,522,"67.50617448",0.01376146788990826,0.44061302681992337,0.3516819571865443,0.15900383141762453,0.12691131498470948,"6.712419159",5,-19.50999101274624,132,0.2018348623853211,276,0.42201834862385323
656716,"McKinstry, Zach",853,0.916219119226638,666,"67.505684994",0.018757327080890975,0.3153153153153153,0.246189917936694,0.09309309309309309,0.07268464243845252,"6.793530891",9,-14.996691614587709,187,0.21922626025791325,317,0.3716295427901524
805367,"Meidroth, Chase",694,0.9024707412223667,619,"67.417728329",0.015850144092219024,0.4410339256865913,0.39337175792507206,0.11954765751211632,0.10662824207492795,"6.649917392",12,-21.55828764751677,75,0.10806916426512968,352,0.5072046109510087
670156,"Mastrobuoni, Miles",225,0.9221311475409836,186,"67.404066311",0.017777777777777774,0.3924731182795699,0.3244444444444444,0.0913978494623656,0.07555555555555556,"6.648260533",0,-11.691632130312037,39,0.17333333333333334,104,0.4622222222222222
668974,"Handley, Maverick",78,0.896551724137931,55,"67.391062179",0.012820512820512824,0.2545454545454545,0.1794871794871795,0.07272727272727272,0.05128205128205128,"6.500882179",6,-7.334137654270141,23,0.2948717948717949,23,0.2948717948717949
694384,"Schanuel, Nolan",824,0.9084895259095921,707,"67.373447646",0.05946601941747572,0.38472418670438474,0.3300970873786408,0.09335219236209336,0.08009708737864078,"6.68385699",13,-23.019368585369143,117,0.14199029126213591,366,0.4441747572815534
689414,"Hicks, Liam",505,0.9001782531194296,435,"67.366482416",0.025742574257425748,0.4160919540229885,0.3584158415841584,0.0896551724137931,0.07722772277227723,"6.698972772",11,-12.267789341640484,70,0.13861386138613863,256,0.5069306930693069
663967,"Salazar, César",21,0.875,16,"67.338380476",0,0.375,0.2857142857142857,0,0,"6.774550476",1,-1.6586633361153638,5,0.23809523809523808,9,0.42857142857142855
657077,"Verdugo, Alex",288,0.9056603773584906,249,"67.314701563",0.03819444444444444,0.42168674698795183,0.3645833333333333,0.14457831325301204,0.125,"6.198814792",3,-16.040935289987836,39,0.13541666666666666,141,0.4895833333333333
683227,"Freeman, Cody",200,0.9009009009009009,175,"67.3118115",0.015000000000000001,0.32571428571428573,0.285,0.09142857142857143,0.08,"6.6299576",5,-6.363964782857721,25,0.125,86,0.43
677941,"Adams, Jordyn",8,0.8888888888888888,4,"67.31037375",0,0.5,0.25,0.5,0.25,"7.11572625",2,-1.290242585555992,4,0.5,3,0.375
663968,"Mangum, Jake",766,0.9043683589138135,626,"67.2559597",0.05221932114882507,0.33386581469648563,0.27284595300261094,0.09904153354632587,0.08093994778067885,"6.532909099",8,-17.102700586427556,140,0.18276762402088773,295,0.38511749347258484
808975,"Kim, Hyeseong",296,0.9079754601226994,209,"67.220404932",0.023648648648648664,0.3492822966507177,0.24662162162162163,0.05741626794258373,0.04054054054054054,"7.054136318",8,-0.18059434225059218,87,0.2939189189189189,103,0.34797297297297297
607732,"Stallings, Jacob",235,0.8969465648854962,166,"67.137767915",0.00425531914893617,0.3253012048192771,0.2297872340425532,0.03614457831325301,0.02553191489361702,"7.212623787",11,-18.112691907218867,69,0.2936170212765957,75,0.3191489361702128
506702,"León, Sandy",19,0.8636363636363636,14,"67.10968",0,0.5,0.3684210526315789,0.14285714285714285,0.10526315789473684,"7.027894211",0,-0.6311091767916074,5,0.2631578947368421,8,0.42105263157894735
641658,"Hampson, Garrett",127,0.9136690647482014,101,"67.087882835",0,0.27722772277227725,0.2204724409448819,0.039603960396039604,0.031496062992125984,"6.726932441",2,-7.662926941080215,26,0.2047244094488189,43,0.33858267716535434
687957,"Harris, Dustin",82,0.9111111111111111,65,"67.077543537",0,0.26153846153846155,0.2073170731707317,0.046153846153846156,0.036585365853658534,"6.877799756",4,-3.979809483745041,17,0.2073170731707317,24,0.2926829268292683
807712,"Keaschall, Luke",272,0.8947368421052632,232,"67.055213051",0.022058823529411766,0.41810344827586204,0.35661764705882354,0.10775862068965517,0.09191176470588236,"6.369631985",17,3.7995803057878224,40,0.14705882352941177,133,0.4889705882352941
664702,"Straw, Myles",428,0.8991596638655462,361,"67.044576449",0.023364485981308414,0.39335180055401664,0.3317757009345794,0.0886426592797784,0.07476635514018691,"6.805949977",11,-4.534706005195514,67,0.15654205607476634,188,0.4392523364485981
683021,"Stefanic, Michael",29,0.90625,24,"67.001854138",0.06896551724137934,0.5416666666666666,0.4482758620689655,0.25,0.20689655172413793,"6.505273793",0,-2.0030766461132883,5,0.1724137931034483,16,0.5517241379310345
645302,"Robles, Victor",192,0.927536231884058,144,"66.984694583",0.015624999999999997,0.3125,0.234375,0.0625,0.046875,"6.763772865",6,-6.184978330901577,48,0.25,70,0.3645833333333333
543877,"Vázquez, Christian",315,0.9,273,"66.965710063",0.022222222222222227,0.36996336996337,0.32063492063492066,0.07692307692307693,0.06666666666666667,"6.757348286",7,-17.32731635056898,42,0.13333333333333333,150,0.47619047619047616
645444,"Herrera, Jose",280,0.9120521172638436,220,"66.943412786",0.014285714285714287,0.33636363636363636,0.2642857142857143,0.05454545454545454,0.04285714285714286,"7.187471964",5,-16.308719889097418,60,0.21428571428571427,115,0.4107142857142857
682183,"Avans, Drew",42,0.9130434782608695,36,"66.904472857",0,0.19444444444444445,0.16666666666666666,0.05555555555555555,0.047619047619047616,"6.130694762",1,-3.0829305568179866,6,0.14285714285714285,11,0.2619047619047619
670092,"Brooks, Trenton",82,0.9010989010989011,64,"66.888778293",0.024390243902439025,0.3125,0.24390243902439024,0.078125,0.06097560975609756,"7.206432073",3,-5.417452052146034,18,0.21951219512195122,26,0.3170731707317073
669364,"Edwards, Xavier",933,0.9014492753623189,823,"66.852160643",0.023579849946409433,0.362089914945322,0.31939978563772775,0.07411907654921021,0.06538049303322616,"6.388513923",11,-31.465200008501725,110,0.11789924973204716,417,0.44694533762057875
641645,"Guillorme, Luis",35,0.9722222222222222,24,"66.837049429",0.028571428571428564,0.20833333333333334,0.14285714285714285,0.041666666666666664,0.02857142857142857,"7.574057143",0,-2.8103304971797254,11,0.3142857142857143,10,0.2857142857142857
678011,"Seigler, Anthony",99,0.908256880733945,73,"66.83118",0,0.410958904109589,0.30303030303030304,0.1095890410958904,0.08080808080808081,"6.523856667",6,-7.076155491097329,26,0.26262626262626265,41,0.41414141414141414
686452,"Millas, Drew",83,0.9021739130434783,68,"66.789278193",0.04819277108433735,0.3382352941176471,0.27710843373493976,0.08823529411764706,0.07228915662650602,"6.708848795",2,1.2237354418738713,15,0.18072289156626506,37,0.4457831325301205
553882,"Narváez, Omar",17,0.8947368421052632,15,"66.745304118",0,0.26666666666666666,0.23529411764705882,0,0,"6.955706471",1,-0.1326022988117485,2,0.11764705882352941,7,0.4117647058823529
676070,"Amaya, Jacob",90,0.9,76,"66.726237556",0.022222222222222233,0.4868421052631579,0.4111111111111111,0.09210526315789473,0.07777777777777778,"7.051411556",3,-10.502056197577863,14,0.15555555555555556,45,0.5
642727,"Alcántara, Sergio",6,0.75,4,"66.724226667",0,0.25,0.16666666666666666,0,0,"6.897613333",0,-1.0203116825337337,2,0.3333333333333333,2,0.3333333333333333
605131,"Barnes, Austin",61,0.8840579710144928,44,"66.631453115",0.016393442622950824,0.36363636363636365,0.26229508196721313,0.11363636363636363,0.08196721311475409,"6.374678197",2,-2.427554023013989,17,0.2786885245901639,27,0.4426229508196721
571657,"Farmer, Kyle",476,0.9066666666666666,381,"66.574076092",0.012605042016806723,0.3805774278215223,0.30462184873949577,0.12073490813648294,0.09663865546218488,"6.816367521",10,-12.672175713748869,95,0.19957983193277312,197,0.41386554621848737
660844,"Rivas, Leo",150,0.9036144578313253,113,"66.569247667",0.02666666666666667,0.3893805309734513,0.29333333333333333,0.05309734513274336,0.04,"7.148960933",3,-7.7020784467611385,37,0.24666666666666667,55,0.36666666666666664
643396,"Kiner-Falefa, Isiah",689,0.9041994750656168,593,"66.543822032",0.01161103047895501,0.3456998313659359,0.29753265602322204,0.09274873524451939,0.07982583454281568,"6.891967112",11,-12.000920378359163,96,0.13933236574746008,321,0.46589259796806964
571466,"Barnhart, Tucker",22,0.9166666666666666,21,"66.458530909",0,0.23809523809523808,0.22727272727272727,0.047619047619047616,0.045454545454545456,"7.125488182",0,-0.6267116287316369,1,0.045454545454545456,7,0.3181818181818182
674441,"Hurtubise, Jacob",23,0.8846153846153846,18,"66.425513913",0,0.2777777777777778,0.21739130434782608,0.05555555555555555,0.043478260869565216,"6.989494348",1,-1.9953595572751883,5,0.21739130434782608,6,0.2608695652173913
457759,"Turner, Justin",334,0.9027027027027027,279,"66.241842246",0.01796407185628743,0.34767025089605735,0.2904191616766467,0.06093189964157706,0.05089820359281437,"6.396933353",7,-18.615050669122596,55,0.16467065868263472,121,0.36227544910179643
689041,"Thomas, Rhylan",19,0.95,18,"66.226537368",0,0.3333333333333333,0.3157894736842105,0.05555555555555555,0.05263157894736842,"6.699516842",0,-1.2177399218885436,1,0.05263157894736842,9,0.47368421052631576
663897,"Williams, Luke",48,0.9056603773584906,35,"66.221774375",0,0.37142857142857144,0.2708333333333333,0.11428571428571428,0.08333333333333333,"7.575430625",1,-4.06664569150003,13,0.2708333333333333,19,0.3958333333333333
623168,"Heineman, Tyler",276,0.9019607843137255,229,"66.095545",0.007246376811594205,0.29694323144104806,0.2463768115942029,0.06986899563318777,0.057971014492753624,"7.088109638",9,-5.546149984296165,47,0.17028985507246377,104,0.37681159420289856
669743,"Call, Alex",430,0.8958333333333334,355,"66.084438279",0.01627906976744187,0.4591549295774648,0.37906976744186044,0.11549295774647887,0.09534883720930233,"6.54830714",9,-7.587535460442017,75,0.1744186046511628,201,0.46744186046511627
660688,"Ruiz, Keibert",413,0.9017467248908297,367,"66.065218039",0.009685230024213077,0.44686648501362397,0.39709443099273606,0.08719346049046321,0.0774818401937046,"7.02888477",2,-15.216177189152935,46,0.11138014527845036,210,0.5084745762711864
456781,"Solano, Donovan",308,0.8979591836734694,226,"65.967093149",0.01298701298701299,0.3495575221238938,0.2564935064935065,0.08849557522123894,0.06493506493506493,"6.925578279",6,-11.70247770390605,82,0.2662337662337662,103,0.3344155844155844
676701,"Trejo, Alan",70,0.8974358974358975,54,"65.962562857",0,0.4074074074074074,0.3142857142857143,0.09259259259259259,0.07142857142857142,"6.968080286",1,-4.175527607935285,16,0.22857142857142856,28,0.4
665561,"Marchán, Rafael",180,0.9,143,"65.856419167",0,0.4405594405594406,0.35,0.06993006993006994,0.05555555555555555,"7.462373",6,-11.093658047981618,37,0.20555555555555555,83,0.46111111111111114
624428,"Frazier, Adam",815,0.9035476718403548,674,"65.841784994",0.015950920245398775,0.3293768545994065,0.2723926380368098,0.04302670623145401,0.03558282208588957,"6.90974827",16,-25.06504559431538,141,0.17300613496932515,310,0.3803680981595092
527038,"Flores, Wilmer",783,0.9052023121387284,631,"65.464557446",0.008939974457215834,0.3502377179080824,0.2822477650063857,0.06497622820919176,0.05236270753512133,"6.883959553",17,-21.768126158293295,152,0.194125159642401,290,0.37037037037037035
679631,"Vavra, Terrin",3,1,3,"65.246326667",0,0.3333333333333333,0.3333333333333333,0.3333333333333333,0.3333333333333333,"6.266733333",0,-0.2782394328404932,0,0,1,0.3333333333333333
691011,"Romo, Drew",7,1,0,"65.165045714",0,NaN,,NaN,,"7.556572857",0,-0.7853503674184155,7,,0,
681909,"Dean, Justin",4,0.8,2,"65.130565",0,0.5,0.25,0,0,"6.60435",0,-0.570433171472173,2,0.5,1,0.25
642180,"Wade, Tyler",174,0.9015544041450777,132,"64.945807414",0.01149425287356322,0.30303030303030304,0.22988505747126436,0.022727272727272728,0.017241379310344827,"6.666764943",5,-8.683978687646006,42,0.2413793103448276,66,0.3793103448275862
669397,"Allen, Nick",642,0.8991596638655462,517,"64.508296636",0.0015576323987538943,0.344294003868472,0.2772585669781931,0.04642166344294004,0.037383177570093455,"6.340352508",23,-31.859795424258653,125,0.19470404984423675,250,0.3894080996884735
802415,"Simpson, Chandler",623,0.9094890510948905,557,"64.098520738",0.0032102728731942215,0.4236983842010772,0.37881219903691815,0.026929982046678635,0.024077046548956663,"6.302663066",5,-16.581408909635737,66,0.10593900481540931,328,0.5264847512038523
805779,"Wilson, Jacob",732,0.8992628992628993,664,"63.843312609",0.0027322404371584695,0.4292168674698795,0.38934426229508196,0.043674698795180725,0.03961748633879782,"6.099090205",9,-6.1816483657140155,68,0.09289617486338798,391,0.5341530054644809
680757,"Kwan, Steven",978,0.9123134328358209,906,"63.526836544",0.0081799591002045,0.42935982339955847,0.39775051124744376,0.04304635761589404,0.03987730061349693,"6.315058384",16,-29.391480538597595,72,0.0736196319018405,483,0.4938650306748466
691907,"Cheng, Tsung-Che",12,0.8571428571428571,9,"63.306311667",0,0.4444444444444444,0.3333333333333333,0.1111111111111111,0.08333333333333333,"6.018208333",0,-1.130389366001452,3,0.25,4,0.3333333333333333
624513,"Nuñez, Dom",8,0.8888888888888888,3,"63.150185",0,0.6666666666666666,0.25,0,0,"7.3519075",1,-0.3832058740211444,5,0.625,2,0.25
650333,"Arraez, Luis",1039,0.9066317626527051,986,"62.537491405",0.003849855630413859,0.45740365111561865,0.4340712223291627,0.02231237322515213,0.021174205967276226,"5.848442464",8,-20.20985344616671,53,0.05101058710298364,533,0.5129932627526468
607067,"Rea, Colin",3,1,3,"60.01863",0,0,0,0,0,"6.63195",0,-0.04456636187981016,0,0,0,0
641302,"Alexander, Tyler",1,1,1,"59.78136",0,0,0,0,0,"5.67397",0,0,0,0,0,0
683004,"Leiter, Jack",1,1,0,"59.23822",0,NaN,,NaN,,"6.5616",0,-0.18545964572429113,1,,0,