"id","name","side","avg_bat_speed","swing_tilt","attack_angle","attack_direction","ideal_attack_angle_rate","avg_intercept_y_vs_plate","avg_intercept_y_vs_batter","avg_batter_y_position","avg_batter_x_position","competitive_swings"
691406,"Caminero, Junior","R","79.448458618",24.862104050701994,8.366710173392924,-6.574402522997753,0.6268796992481205,9.810608423738355,37.62348176493478,27.81287334119644,29.208880500166902,1064
519317,"Stanton, Giancarlo","R","79.372376948",27.28199033762186,11.671448894588387,-0.8828697831464862,0.7207792207792207,-1.5636436160901108,24.886973565853193,26.4506171819433,34.81187215710396,154
691023,"Walker, Jordan","R","79.262161836",28.861203582957234,6.316427239451478,-5.564272034584207,0.49363636363636376,5.115223528437467,31.53017514236304,26.41495161392557,32.31248432641212,1100
701762,"Kurtz, Nick","L","78.191794296",37.77313851854593,12.867278069865968,4.023239076935525,0.4955089820359282,0.9997011120222805,23.983808084060108,22.984106972037825,29.259055228204133,668
701358,"Smith, Cam","R","77.932441263",32.28983700144115,9.982659449085059,-7.384009181419439,0.47698334965719885,4.058111497687236,33.63548084213734,29.577369344450105,31.152992933518934,1021
665856,"Camargo, Jair","R","77.7574275",33.35878130050435,13.145524180524662,-15.5204381343362,1,5.8224973754714,37.684221127151055,31.86172375167966,26.415757874169348,4
665833,"Cruz, Oneil","L","77.703353115",33.32267151130641,7.724205890314877,-6.761936905276585,0.4106870229007634,6.94967034434679,35.09461331823058,28.144942973883772,26.35122535433269,655
669003,"Mitchell, Garrett","L","77.621793124",30.51705110933277,8.769067678241408,6.138974046809332,0.5741857659831123,-0.566625723759379,28.988740026230538,29.555365749989917,29.14955115689901,829
682989,"Mederos, Victor","R","77.55225",23.349018928623316,22.210625955214564,-19.134719080120554,0.5,27.613444298534205,46.84013119357865,19.226686895044445,23.85218666006088,2
695491,"Báez, Joshua","R","77.532896349",27.59075210782171,10.760177113179564,-7.041961578960427,0.5925925925925924,3.6129908519596117,29.56777479797128,25.954783946011666,28.87530060503801,189
666176,"Adell, Jo","R","77.42450955",35.47130500141815,10.013140008391703,-4.8430172941840794,0.48321048321048315,1.6010929006052261,27.158339317533702,25.55724641692848,27.53152801603828,1221
673357,"Robert Jr., Luis","R","77.25030411",35.124168934023544,10.474248879292093,-5.061192717241413,0.5413533834586467,1.0926434725429865,29.258808847594697,28.16616537505171,27.462477532361184,399
656941,"Schwarber, Kyle","L","77.11613549",29.382904118916112,14.624362329536368,-9.348051732632495,0.6726342710997442,14.8614432221696,34.856241538068765,19.99479831589917,25.189238935877444,1173
691277,"De Los Santos, Deyvison","R","77.09548137",26.70272479027817,8.0045726682214,-7.500716240957735,0.5205479452054795,8.685981307419777,32.325280446239184,23.63929913881941,33.141648284673686,73
682987,"Jones, Spencer","L","77.087067586",43.56595110752796,14.110804776384738,0.7974346340849741,0.43275862068965526,-0.36546325377430383,20.445714969021182,20.81117822279549,28.378978410171747,580
695506,"Caglianone, Jac","L","77.004386157",30.54728807422441,9.15910790736164,-1.4059908020255536,0.43801652892561976,7.381439576698952,29.87865617936867,22.497216602669706,30.02209141511909,968
575929,"Contreras, Willson","R","76.999712056",34.07026090637029,11.314264641431476,-7.721796989512732,0.5005586592178772,5.089222081069359,32.0466902554923,26.95746817442295,27.287994818982746,895
695578,"Wood, James","L","76.885823959",38.872618919785786,11.185028220361703,0.6610375756538697,0.4324942791762014,4.295345134031326,35.04486972799995,30.749524593968626,27.643105916611653,874
703607,"Bolte, Henry","R","76.791723597",32.74478594282377,6.782187144708965,4.974734088849989,0.43083003952569165,-1.4813051392604617,26.095505331892472,27.576810471152932,27.212949944168777,759
682634,"Alcántara, Kevin","R","76.790991395",32.56750873612821,10.56244676709687,-7.863954282273304,0.46511627906976744,4.578604312807706,34.11837512800108,29.539770815193375,29.443668004480404,43
672016,"Clarke, Denzel","R","76.752346136",30.640800477187735,3.1779237620200456,2.881530082792448,0.39393939393939387,1.7048818518996924,27.375798926642712,25.670917074743013,28.073751431720467,132
695657,"Montgomery, Colson","L","76.60619667",32.98404571643355,13.415314198315128,-9.762812489150251,0.5349867139061115,4.967214618659441,33.763742582146,28.796527963486554,27.28357878703827,1129
677594,"Rodríguez, Julio","R","76.570785971",30.999047681751534,8.188458000090238,-5.441375090013189,0.5022381378692928,12.415266635617925,33.40778723249018,20.992520596872257,29.548154022755078,1117
668723,"Vilade, Ryan","R","76.54111531",30.829052726109804,4.325969050719314,-2.691865214853429,0.3854389721627408,0.2752772709244081,30.89285244440918,30.617575173484774,27.369463795204823,467
641343,"Bauers, Jake","L","76.485956148",34.67183055271819,11.041578708677788,-1.433382261570155,0.48292108362779745,-4.146137552059471,28.714227893424095,32.86036544548359,27.94957838707296,849
666211,"Trammell, Taylor","L","76.484173361",29.081468793332245,9.706778744372345,-7.073802407485371,0.5260960334029228,1.485127931199621,31.649213601874052,30.164085670674442,25.937262216820972,479
805904,"Cole, Zach","L","76.376682381",32.91023345913119,11.85904859096048,-3.232117605308988,0.4999999999999999,2.190758163693575,24.635460207882463,22.444702044188883,31.191845695136614,84
642133,"Tellez, Rowdy","L","76.357261905",31.371859013567143,11.853468368562345,-12.60033414362715,0.6666666666666667,10.473944399990554,37.7126673480799,27.238722948089325,24.940779153033663,21
665487,"Tatis Jr., Fernando","R","76.33823593",29.287851322903443,7.271451834085323,2.276501342361182,0.5608040201005027,3.7280099478332556,30.572792575482836,26.84478262764958,29.52625478866571,995
621550,"Wisdom, Patrick","R","76.306840851",33.48812087185516,16.306849006963194,-8.947858725812534,0.6595744680851064,5.281430368505748,32.230649875772265,26.949219507266506,27.519399394451508,94
665489,"Guerrero Jr., Vladimir","R","76.289564143",28.367449553499302,1.0968376767205237,-3.737540790312671,0.30585683297180044,5.26861491079648,33.92258831425926,28.653973403462786,28.59439348252259,922
666624,"Morel, Christopher","R","76.265580353",24.950517399686913,12.83122272598723,-6.529054140657821,0.7470588235294118,8.721390374855739,34.83827659915968,26.11688622430393,27.63617793686575,170
682829,"De La Cruz, Elly","R","76.195359197",33.97605481166406,8.36584471863202,1.1382997015850278,0.5089757127771911,7.975083481170273,37.46741323730729,29.49232975613701,29.710258843408816,947
687605,"Pinckney, Andrew","R","76.191747297",31.234434505435146,9.7885242224275,3.8965781136960014,0.5405405405405406,-1.7734097514555351,29.988152404544664,31.7615621560002,28.590580327056937,37
670541,"Alvarez, Yordan","L","76.146319913",36.711700238445076,8.304372557266113,-5.150986612107187,0.43617021276595735,8.001591731579177,35.66734115724218,27.665749425662998,28.384522429389953,1034
691181,"Rodriguez, Emmanuel","L","76.144690429",30.205761256972874,8.280170824671028,-2.47751488008622,0.5428571428571429,3.5325849941076304,34.24669179638374,30.714106802276117,24.55061817039904,70
656305,"Chapman, Matt","R","76.129580707",25.56729756431103,3.7131397417775927,-1.7593853079169364,0.42934782608695654,-1.1042432964033235,26.19069493102393,27.294938227427252,28.48071630634909,552
687282,"Rincones Jr., Gabriel","L","76.086965562",27.73613981841251,5.302381040467155,-4.144916996869444,0.39325842696629215,7.948223361834308,31.522676275404,23.574452913569683,29.563176997206668,178
592450,"Judge, Aaron","R","76.077789226",38.50789565626581,12.465956646018764,-5.632327929761244,0.5096774193548386,4.046286348725735,29.392722810172486,25.346436461446746,33.84130923165992,465
671286,"Rodríguez, Johnathan","R","75.99450303",30.36388119350301,8.647397086430246,-4.942580088422346,0.3939393939393939,5.1247324838288035,35.86785997516576,30.743127491336956,29.77842658482898,33
682663,"Ramírez, Agustín","R","75.892403649",24.199876240088944,8.575776302176363,-6.421778960685122,0.5427927927927928,6.4432530426153525,33.79518188344316,27.351928840827807,32.71598376139684,444
676566,"Ross, Shawn","R","75.865873333",37.091997490982344,19.122681196055865,-11.579064679525844,0.44444444444444453,6.874003683522979,39.672133415133594,32.79812973161062,25.623397923704783,9
694673,"Ortiz, Abimelec","L","75.800140407",29.51695669015415,8.77560697636868,-11.270740436883967,0.5444444444444443,15.597954441734506,38.365313332825615,22.767358891091114,28.71930154870605,270
663586,"Riley, Austin","R","75.777854453",31.304912725056298,11.062928135320377,-4.651865299373662,0.4771897810218979,6.286275074633625,35.227231359360246,28.940956284726624,28.991091883275207,1096
669394,"Burger, Jake","R","75.724394981",25.8176457986173,9.462991984512962,-7.576882916912575,0.5957854406130271,9.925896826819745,32.11103051687644,22.185133690056702,31.783715319398837,1044
691723,"Mayo, Coby","R","75.709263965",38.58348714734129,14.381845244567144,-16.051595861210878,0.493279569892473,12.123812347706838,37.58438529853351,25.460572950826684,24.96021039597415,744
660670,"Acuña Jr., Ronald","R","75.672701272",36.86074157326158,11.133796479421893,4.1996109008329086,0.5469135802469136,0.17830329587042407,30.399815202452533,30.221511906582112,25.809762985059734,810
682985,"Greene, Riley","L","75.657860278",44.53155216251278,15.789848892383874,-0.9579960897110421,0.4244532803180914,2.7056587129769416,33.51096568813376,30.805306975156814,24.400989346041044,1006
682818,"Piñango, Yohendrick","L","75.595015804",29.761063724468897,0.832535807481226,-1.7891310696296563,0.2933753943217667,4.143778712411975,29.848538730039923,25.70476001762795,27.795337561525475,317
701350,"Anthony, Roman","L","75.55785406",34.15957128348541,12.296808557265765,-1.1041328343999028,0.47462686567164186,8.39706219108123,37.72621644665427,29.329154255573048,24.28678038337492,335
687515,"Thomas, Colby","R","75.495420569",29.779816127768008,9.562739870848816,-2.2834604750463017,0.4502369668246446,0.8092554674290753,28.25044062004475,27.441185152615674,29.0890571678977,211
682998,"Carroll, Corbin","L","75.468855589",26.16166029026496,10.587225399357166,0.9129948441134796,0.6531573986804903,4.379328787849119,34.358265198497264,29.978936410648128,30.883809301592223,1061
694025,"Reyes, Felix","R","75.458407903",28.24027360178032,7.053151327135139,-4.971397566841041,0.45161290322580644,3.993383611370301,29.70930059724457,25.715916985874266,29.888969007428233,62
694514,"Thompson, Sterlin","L","75.429328151",35.09433641880761,8.42107423984018,1.3319935916526517,0.3949579831932773,-0.3722766289474467,26.82744619879072,27.199722827738174,26.46779045704649,119
804606,"Griffin, Konnor","R","75.425221285",33.13345335448276,9.184149337839843,-0.6923496060366092,0.4624373956594324,2.2907828396926826,32.20390524452281,29.913122404830116,30.776050369283872,599
669065,"Stowers, Kyle","L","75.374370493",33.97966838093657,15.165986996434041,-2.760825605419064,0.549342105263158,4.649936083974328,34.567936775009706,29.918000691035385,29.279442095729106,912
686948,"Baldwin, Drake","L","75.351152103",34.35334141410953,12.090675769936093,4.388635360005773,0.46402214022140226,2.0326257648190595,29.606094635886482,27.57346887106742,28.840538446665796,1084
703155,"Montes, Lazaro","L","75.313041415",37.573063752333944,13.000838101209924,1.9555808597329047,0.509433962264151,3.2277472973868444,31.42910930529826,28.201362007911413,24.686373415441604,106
663698,"Bart, Joey","R","75.303235073",34.809027654936706,10.157714558074495,-5.762987699994485,0.4341463414634148,5.402559679661544,36.70021421499496,31.29765453533341,26.363181327335315,205
670042,"Raley, Luke","L","75.275832983",31.228921346046913,14.757725745065816,-3.445144244728095,0.5965583173996174,3.292386420514193,32.64888657262081,29.356500152106626,28.313484930484332,523
683146,"Baty, Brett","L","75.270221813",37.57592964939624,10.656538596011629,2.248554770597708,0.48139255702280903,1.125965848777532,29.287261709123978,28.161295860346456,29.830669208203197,833
670242,"Wallner, Matt","L","75.215032348",27.85165275547384,10.875408118960026,-4.983451606607047,0.5681818181818181,8.720156856199036,35.63664010302504,26.916483246826,31.92068640359163,264
678760,"Leonard, Eddys","R","75.212396",27.068792034846023,10.326015475976005,-14.349178377822179,0.5,7.800651920726389,35.60626186584839,27.805609945122008,26.094021612598414,20
701305,"Dezenzo, Zach","R","75.14651587",39.26506071874858,11.431231336540488,0.7364420703662525,0.391304347826087,2.564452117661696,29.684757973700744,27.12030585603906,26.801543468621315,138
669127,"Langeliers, Shea","R","75.140732315",31.242676937964436,12.258643121459684,-2.69786962536554,0.6190476190476191,6.619993853955282,35.087225890123534,28.467232036168266,30.984220157025057,756
668904,"Lewis, Royce","R","75.128781422",26.281473071321773,11.44436312720808,-9.865117118112337,0.7256438969764837,8.95986086998362,33.73665249710223,24.776791627118605,29.379153312011237,893
691718,"Crow-Armstrong, Pete","L","75.094496094",34.60535036180975,15.636837018800394,-6.84632826718287,0.5105882352941178,5.671470668901071,38.24535312759791,32.57388245869685,25.070504453884578,1275
683357,"Caissie, Owen","L","75.075924395",35.966276582896185,12.108591926804019,-2.890612524884135,0.39857651245551606,5.239173700408924,33.92890955705734,28.68973585664841,28.317645073809697,562
553869,"Díaz, Elias","R","75.058524235",29.102092933275625,8.446401415598672,-6.0650500704059,0.5543237250554324,13.071512234340783,38.173581411163724,25.102069176822944,26.91836239761993,451
678577,"Perez, Junior","R","75.053433281",27.519997971927175,10.85133336585414,-6.786494653836395,0.53125,4.33855580685155,31.93711567804133,27.59855987118978,28.024251487519596,64
699302,"Rodríguez, Héctor","L","75.046886367",34.01755183700602,11.722552695507098,-6.480866656172085,0.5719424460431657,4.819193972937269,35.0336090902,30.214415117262746,26.740957647070182,278
680776,"Duran, Jarren","L","75.037480348",28.09335283159952,5.852675273743883,-2.0834651623958482,0.43141153081510936,4.4780860941459695,33.52956648535619,29.05148039121022,29.532826737809305,1006
663728,"Raleigh, Cal","R","75.01712091",34.00516188955645,17.539101586111812,-6.619387434466446,0.4598825831702544,5.2540381845194135,34.58599737786612,29.33195919334672,24.760901592885585,1022
814430,"Callahan, Brett","L","74.977795594",35.968057407093156,7.824600667934294,-3.8357132400555263,0.29370629370629364,0.8015686157974617,30.211428110597573,29.409859494800127,27.977713074158885,143
696100,"Goodman, Hunter","R","74.964751429",24.38080127321309,14.181789552525975,-6.616577395119448,0.6702544031311153,10.512572624095913,38.897816737952986,28.38524411385707,30.062149431454934,1022
677595,"Mauricio, Ronny","R","74.960862542",27.802563498948178,9.450553843676602,-7.614722239382814,0.5677966101694915,8.250897240497457,36.87818415689307,28.62728691639562,25.897647167594478,118
624585,"Soler, Jorge","R","74.943144281",34.170520339178765,11.869686520351147,-7.725948408915244,0.5298869143780288,1.6603814996061312,29.079301054975478,27.418919555369342,29.59410667149132,619
671739,"Harris II, Michael","L","74.939953386",31.243478266548497,7.1994584508639194,-1.0635921266362238,0.4723247232472325,1.4747261394543498,31.259624416192338,29.784898276737987,28.410244766145578,1084
693306,"Sabato, Aaron","R","74.8355425",29.904174626516852,7.717998512652298,4.289576838092271,0.75,-0.5243196393429166,27.010628157163367,27.534947796506287,26.159594780745508,12
699013,"Valdez, Esmerlyn","R","74.805468152",34.49149773588578,15.717470442553134,1.49995968138896,0.5239130434782611,-1.8083986908758751,28.359475407139186,30.167874098015062,29.605203155836538,460
815873,"Keys, Sean","L","74.779902647",30.178691139116378,15.057636164620009,-10.667302541330853,0.5,14.095509612695642,39.83177973575116,25.736270123055537,30.05607406324471,136
621566,"Olson, Matt","L","74.778715423",33.70660559153325,10.057932736491976,-2.5810208187352757,0.49004975124378114,5.633331068100313,35.84560013862587,30.212269070525544,30.060944761749663,1206
606466,"Marte, Ketel","R","74.768723233",31.537609372699304,9.120471391616054,-8.386104643618301,0.5867768595041322,7.3123266576118136,37.28843089209157,29.97610423447974,21.322315501361274,968
808959,"Murakami, Munetaka","L","74.698400204",36.096248612209145,19.375671248967407,-0.7170056251970517,0.4457013574660634,4.5842194239029945,33.542835353130855,28.958615929227868,27.18278827409366,884
660271,"Ohtani, Shohei","L","74.692752876",37.76193142001165,13.460845433225082,0.4284822246433027,0.4949186991869919,-4.532026353582592,26.292941112620273,30.824967466202864,31.266802326418855,984
641857,"McMahon, Ryan","L","74.676685997",36.62522683287346,11.11397171130251,0.02468571567372895,0.5025125628140704,-0.48832452718941743,26.152140724913014,26.640465252102427,30.50371139209329,597
592518,"Machado, Manny","R","74.675880925",26.2010350238091,7.317749223369474,-2.1340263598795324,0.5678346810422285,3.3275203917562366,31.81758501422625,28.490064622470022,31.004694099141297,1113
545361,"Trout, Mike","R","74.672612305",35.79948455136456,6.467582913990371,-1.3241331886146057,0.4215991692627206,-2.037500005935137,25.64395338463181,27.68145339056694,24.5512905338448,963
624413,"Alonso, Pete","R","74.666029576",34.29796558642849,10.42802821540005,2.0062998781048647,0.549469964664311,3.7325945648739207,27.642089158253636,23.909494593379723,26.066951227199567,1132
666464,"Encarnacion, Jerar","R","74.662510267",37.807207751500506,4.6356486161311325,5.41012818834485,0.52,0.5949388297483382,28.24317423121624,27.648235401467886,29.059980057482907,75
676369,"Velázquez, Nelson","R","74.655315606",34.63235618950458,15.980699054085804,-3.6430678116157464,0.5505050505050505,3.990608981005938,33.05208751026699,29.061478529261056,28.115410163660194,198
681297,"Cowser, Colton","L","74.601943017",38.30735251048709,14.9300420912691,-4.370224794826815,0.40275650842266475,9.651803431527236,37.654911437184445,28.00310800565721,27.634108632930324,653
691785,"Mayer, Marcelo","L","74.564374167",30.932683109128174,9.08576478858786,-7.298640109780181,0.4267676767676768,4.016695233848132,31.95623195167789,27.93953671782975,26.26017023247812,396
641820,"Mancini, Trey","R","74.536593448",32.76436517604707,11.688080688076708,-0.5643371369108612,0.5862068965517243,-0.8054956279348945,28.47913440886493,29.28463003679983,28.010525955638883,29
691176,"Domínguez, Jasson","R","74.530686144",29.204654038549382,7.30482929132363,-6.823469504879936,0.521276595744681,8.549376955027054,29.14800264513246,20.59862569010542,24.99538220808154,376
545341,"Grichuk, Randal","R","74.529016394",27.313796583657226,8.850541719482628,-6.565286657505113,0.6142557651991616,7.364708749530873,32.38758385483184,25.02287510530097,29.349389957108826,477
682674,"Bericoto, Victor","R","74.524177991",34.48061041828832,13.33220716745909,0.9236728211618969,0.4910714285714287,2.139037930087998,31.69829915960481,29.559261229516814,24.79673443921063,224
672356,"Arias, Gabriel","R","74.514834508",32.24475189417788,9.458989481706254,4.168086494472792,0.46590909090909083,-1.3197732757809402,30.1458562281493,31.465629503930238,31.487351186388064,264
669911,"Toglia, Michael","R","74.495372195",34.608340269488906,10.377947722326459,-0.7879776536173559,0.4146341463414634,0.15498448576871726,27.734786392218517,27.579801906449795,28.792668042531364,41
691373,"Garcia, Jhostynxon","R","74.474399592",38.09709960431528,13.970539447108369,-0.28822604864057233,0.47959183673469385,-0.997477093455258,28.732636073879178,29.730113167334427,25.502455378893057,98
663993,"Lowe, Nathaniel","L","74.445604765",29.262522545203034,7.973305923343232,3.680731841835801,0.5512465373961218,1.4318471209100192,28.94792003821755,27.51607291730753,28.84843142666398,722
657757,"Sheets, Gavin","L","74.441256539",28.21768807761852,8.160867851093089,-6.525864433304162,0.5169366715758467,2.1537415782508855,31.90841679459,29.754675216339106,27.69581290275057,679
691016,"Soderstrom, Tyler","L","74.418929821",28.682138832210455,10.330917533800447,-1.7651193825719265,0.5343283582089554,0.9189342410299852,28.957111469862586,28.038177228832605,30.658896026011547,670
694192,"Chourio, Jackson","R","74.402120777",27.841920955099976,9.479199903960378,2.7621713279625832,0.667036625971143,3.8867293627658417,29.73025379650346,25.843524433737628,31.6142057852252,901
663624,"Mountcastle, Ryan","R","74.390176875",35.010662039781835,6.882389474988251,2.574308102342062,0.5625,-2.0512193567692667,25.711176504515983,27.762395861285253,30.238862538345458,32
694203,"Guzman, Denzer","R","74.352920469",32.3239749929627,6.148495025120033,-6.898066425282311,0.41088180112570355,0.6323574578174469,30.374407469219253,29.742050011401798,26.12212427233807,533
572233,"Walker, Christian","R","74.351830713",28.619251027153016,7.691951885904337,-5.245087553029506,0.47743682310469304,2.0759025471173653,31.1890148821162,29.11311233499884,26.868643224234635,1108
681715,"Hernández, Heriberto","R","74.324533325",26.719594028628563,13.586936934028957,-3.4210680219639205,0.6403940886699508,5.70755193607684,33.883814829177,28.176262893100155,28.28752279612391,812
666160,"Moniak, Mickey","L","74.301625714",33.48849003901753,13.769699596246195,-6.4539033973023185,0.5200501253132832,3.6669408837284294,29.860209378131696,26.193268494403274,30.103132547246346,798
671277,"García Jr., Luis","L","74.29472339",27.731811578181578,10.589639918423508,-2.5734275023241713,0.6385927505330492,4.377169270328028,34.101432077068445,29.72426280674042,27.240313844098665,938
680718,"Barger, Addison","L","74.294076304",27.187521857406136,5.025669525005088,1.8735012643205198,0.5217391304347826,-4.601650198321544,27.94781467052201,32.54946486884355,26.500848302616035,46
677592,"Pereira, Everson","R","74.292301204",29.766380133143908,12.993300359312492,1.6734547863635816,0.6753926701570679,-1.1681725216566754,27.57402278652272,28.742195308179394,29.513647285556942,191
686527,"Canzone, Dominic","L","74.282012509",32.07799245442078,13.216897984512675,-1.9545825262718342,0.5447154471544714,6.376621756533891,38.27182321343825,31.89520145690435,29.92648150482726,861
694212,"Basallo, Samuel","L","74.272168576",33.66008774883778,12.020902456854353,-3.881766212128861,0.5305232558139535,1.2131079311706103,34.51338882398028,33.30028089280969,24.839430299252918,688
670224,"Misner, Kameron","L","74.260397176",37.05295856218897,14.383273567806837,-10.63518932598396,0.4705882352941177,11.39852431993074,37.90528813579208,26.506763815861344,28.3536154369444,85
691788,"Mack, Joe","L","74.256687691",30.583170319101498,13.184939959316736,-3.4190142767000844,0.5698324022346367,2.872906193402028,31.69120902337673,28.8183028299747,26.7279236251318,537
700246,"Williams, Carson","R","74.207787887",33.46348972989398,13.891440966967183,-1.410613147417273,0.5492957746478873,-1.5013152919514112,28.1002975067271,29.6016127986785,29.463555201970628,71
680779,"Davis, Henry","R","74.205985753",28.221916342158824,11.791764631804497,-7.051552603003757,0.6105675146771037,-2.64845497972616,30.407791592971282,33.05624657269745,28.72384466354794,511
665953,"Chaparro, Andrés","R","74.205487565",30.43579987384237,11.63646630235684,-13.125750453136886,0.5183246073298431,8.951405758089736,35.046621908943486,26.095216150853748,27.2011879083919,382
682626,"Alvarez, Francisco","R","74.186920736",28.93567662509072,10.547792361917644,-0.24294177662398145,0.5940594059405943,0.9857831884146543,26.789066886740418,25.803283698325757,28.504564810803956,707
683002,"Henderson, Gunnar","L","74.132133427",31.89941434098308,9.976466780950238,-0.22555165712504643,0.4927905004240883,5.678436483275664,33.3445280895374,27.666091606261745,24.104232860440074,1179
547180,"Harper, Bryce","L","74.105661602",37.31921087699697,11.990155822284427,-0.6345226448798311,0.4322103533278554,7.599774049904658,32.14810230862511,24.548328258720446,29.410199423719103,1217
621439,"Buxton, Byron","R","74.089327424",34.464100402315026,14.12741055156533,-8.415179683633133,0.5716353111432705,4.540415185179896,28.581981088302012,24.041565903122123,27.263928613535327,691
665052,"Conine, Griffin","L","74.080855455",27.56001175787226,13.382949070493668,-1.2071437300759345,0.5176252319109464,2.3797763798669376,32.54095245024371,30.16117607037676,29.602118917882223,539
669004,"Melendez, MJ","L","74.067085547",30.004185648386628,13.305531523941253,-5.4095198613192235,0.5859374999999999,-1.1906185189778686,30.594661615630425,31.785280134608286,26.361142641674796,256
686554,"Dunn, Oliver","L","74.061013125",27.262710150956174,12.071506572410442,2.8919437364625304,0.8125,-1.3322796679064262,26.699454012250932,28.031733680157366,24.346521258617642,16
686611,"Crews, Dylan","R","74.055400975",28.45968912087426,9.283234899884965,-4.024618867966323,0.4753004005340455,-0.3676219545272327,30.85524514839739,31.222867102924617,27.435263168491666,749
691777,"Muncy, Max","R","74.053243541",31.272041510020337,10.11761342273435,-4.653579255212421,0.5364806866952789,7.616227751457887,32.02981381738947,24.41358606593159,28.51550701775634,466
642708,"Rosario, Amed","R","74.040256967",30.637546477874075,6.524839617171579,-3.645697964847069,0.5071090047393366,5.84511641149553,29.702114176392453,23.85699776489692,23.752549609088803,422
683748,"Mesa Jr., Victor","L","74.027124596",30.2247313407866,9.899768208587792,-2.031099765055926,0.6457399103139013,0.6082331312581928,29.190994506280074,28.582761375021864,27.563079806938145,446
667670,"Rooker, Brent","R","73.974290987",37.70583112456145,13.52775035286244,-6.865457487506995,0.4554140127388534,2.7611053625554853,33.82357257277875,31.062467210223264,26.29824844470325,314
699912,"Fernandez, Jose","R","73.960755766",32.71379177322509,8.006868657688887,-6.04512526373459,0.47447447447447433,3.1912302593379547,30.97813263073585,27.786902371397893,28.976369770722822,333
694374,"Tawa, Tim","R","73.958114491",30.049317545103438,10.337088954561606,-6.84853047908376,0.5837651122625215,3.5015681122150584,33.549469710022706,30.047901597807645,25.766099253513506,579
687394,"Brannigan, Jack","R","73.94991",30.430798239533484,6.8887336003096085,2.9586836626426267,1,-2.4198999711575406,28.811144334891807,31.231044306049345,25.125891809091566,3
683079,"Martinez, Omar","L","73.9474425",32.047079119297464,18.053565657192326,-4.50248346404384,0.25,4.751142610753961,31.6538737171169,26.90273110636294,27.147481177988052,4
677951,"Witt Jr., Bobby","R","73.946409459",28.035586954233253,5.1593244024104,-1.8400274289518057,0.4584584584584584,2.5001504312926475,28.891907374208202,26.391756942915553,25.600645494179584,999
677588,"Tena, José","L","73.945849718",34.73910824595845,7.645557278281702,-1.0064353366367218,0.4044265593561368,-0.22979887544495223,33.9155165369142,34.14531541235918,25.766055392775634,497
804668,"Flores Jr., Rafael","R","73.945149389",36.32629353963364,15.41840935457452,-0.5727151573330647,0.6068702290076337,4.077243230582835,33.2245615110701,29.147318280487276,29.392873019992667,262
668952,"Kreidler, Ryan","R","73.934778734",32.0753991162542,12.40223606953259,-1.719754019183611,0.6462882096069867,6.374407251369498,33.84222338484815,27.467816133478642,31.099479963872255,458
678246,"Vargas, Miguel","R","73.917648749",34.049355399776445,12.808758766677983,-3.711738765575309,0.6520547945205478,3.6921138479951603,35.54776349148163,31.855649643486476,26.84313383862799,1095
703197,"Arroyo, Michael","R","73.878726452",38.4565835875601,10.42191882017857,-3.0318183008584176,0.5967741935483872,4.1085876382374575,32.135928269433236,28.027340631195766,23.723995414254283,62
695600,"Jensen, Carter","L","73.870614081",26.99966793640121,6.80422970981785,-4.9121642593541,0.48787878787878786,10.611179188048055,36.64846442249504,26.037285234446987,25.92829811019169,990
683090,"Lugo, Matthew","R","73.869260357",32.712168419203316,11.066117800786115,-3.0646195590575434,0.5,0.8276125597600359,29.677828236649546,28.850215676889505,29.45865529211351,28
687597,"Beck, Jordan","R","73.865911013",32.06938362044172,13.602967284971736,-7.7406322502246265,0.5379746835443039,11.921330328709228,31.595446192092712,19.67411586338349,31.495690821602167,316
671155,"Johnson, Ivan","R","73.833288929",37.57668351852785,13.217451914728606,-10.532181328009658,0.32142857142857145,9.369794396547379,37.37235244233434,28.002558045786955,29.255852325563776,28
681047,"Franklin, Christian","R","73.827315172",34.752520046134485,10.162623550983477,4.509839789237284,0.3103448275862068,-0.4436050523797353,28.639171021672286,29.082776074052017,25.317705404440126,87
695020,"Murray, Tanner","R","73.817516905",25.687969988064793,11.948863466664642,-6.598576709143317,0.642857142857143,3.93972068814422,34.042941910620826,30.10322122247662,28.63062525521687,42
622761,"Mateo, Jorge","R","73.811936108",28.53813299313785,6.431401529658271,-7.571741460151574,0.460591133004926,-1.183015293742972,31.404011228741815,32.58702652248479,26.89908570835912,406
670231,"Rave, John","L","73.789221718",26.043729005178868,10.547904557454576,-3.8691935648679623,0.6651982378854626,8.196664122673804,34.63469292130142,26.43802879862763,28.597010744658743,227
677800,"Abreu, Wilyer","L","73.786995813",32.9508865443772,8.012692688388931,0.7099146540727912,0.511986301369863,-2.676018197485559,27.419148471154855,30.095166668640406,27.2452450922874,1168
676475,"Burleson, Alec","L","73.755163902",36.573245410250415,14.039805471870196,0.25642062938423416,0.5244932432432433,0.45917282352023187,32.44802929852658,31.988856475006344,21.570742682337187,1184
680869,"Gelof, Zack","R","73.752424033",31.782672560201725,14.551509706378152,0.9409440813793981,0.6240487062404869,7.551668932876726,26.597060904207297,19.045391971330577,30.766013029281456,657
678545,"Basabe, Osleivis","R","73.743567421",23.952755181814148,6.948085962366116,-1.6110029956125622,0.6108597285067875,-0.8377325453404427,27.548837749120253,28.386570294460707,29.579446996105336,221
807727,"McAdoo, Charles","R","73.735362156",31.652040404634857,6.440973173347473,0.6238716824648712,0.4071856287425149,4.052432401670552,27.97305189406895,23.92061949239839,27.920106501949334,167
668901,"Vientos, Mark","R","73.697424223",31.52681057360138,13.13933902341293,-0.1915538203088044,0.6180422264875239,2.664631906594332,29.858869542367028,27.1942376357727,27.60866346266741,521
805672,"Price, Collin","R","73.682672",33.127258463742926,15.903608148322737,-15.897704296050557,0.24000000000000002,11.7432524918802,35.458120853359475,23.714868361479283,28.234937919727326,25
703601,"Clark, Max","L","73.682517902",32.163292735165086,6.344506433544867,0.8258078677499963,0.42295081967213133,-0.28224783760855876,31.912691691484465,32.19493952909301,24.143266709985234,305
677943,"Banfield, Will","R","73.676887561",24.229191477682132,4.247156990371529,-12.039269991866808,0.41463414634146345,1.9955394531473283,32.19931091400913,30.20377146086181,28.238352383416807,41
701785,"Culpepper, Kaelen","R","73.673435265",31.130309133068746,12.123966761134279,-6.665427781607995,0.5929203539823006,5.907833004947181,34.951311896469306,29.04347889152212,26.21736207638728,226
663662,"Cameron, Daz","R","73.657902727",30.722901424113378,1.011427034438054,0.9582969598276077,0.31818181818181823,0.8597073681251615,28.085208582815696,27.22550121469053,30.79307000716166,44
605353,"Machín, Vimael","L","73.655256667",29.323465320934144,14.482038973367702,-15.19145020812863,0.7777777777777778,4.221101727212922,35.01897878042286,30.797877053209945,32.12349558128675,9
666139,"Lowe, Josh","L","73.636015197",37.82510861398418,11.640267526877944,-1.7609143365868343,0.446629213483146,5.959244606573376,31.04920326049865,25.08995865392527,30.100753855960974,712
671056,"Herrera, Iván","R","73.626948257",30.713185789786923,7.6830714935108215,-3.5661236869714896,0.45933869526362825,3.020583867127425,33.786638185953656,30.766054318826214,27.173392448125334,1119
699024,"Bernal, Leo","R","73.603066909",31.801708559392704,9.318184199360827,-5.152297452841965,0.5090909090909091,8.339430960511908,31.064913975127777,22.72548301461587,25.953503551378425,165
668709,"Bleday, JJ","L","73.600232882",32.44319359110527,14.136727434052139,-9.60206895438947,0.5353075170842823,5.722737350445164,33.06866005668267,27.345922706237502,31.270021127804057,878
671732,"Butler, Lawrence","L","73.592215613",31.42168039555107,5.754267714695774,3.8615999747765573,0.42182227221597307,1.527374129704774,26.976411596871078,25.449037467166306,30.32436210101087,889
669087,"Huff, Sam","R","73.556924394",32.004378276631556,12.794537580125821,-8.247214008724747,0.4545454545454545,8.06959727894064,33.48503640347802,25.415439124537386,29.46934001219923,66
660821,"Sánchez, Jesús","L","73.547313582",28.796257672284057,7.064548654791323,3.807706097411164,0.503731343283582,6.468111961725743,33.31391390479138,26.84580194306564,27.476529773437626,536
650490,"Díaz, Yandy","R","73.534317592",23.787359686515465,1.4981890268734066,7.722256455852519,0.27767527675276754,0.19109506083104186,28.622732485572847,28.43163742474179,30.279943731605403,1084
666181,"Benson, Will","L","73.531456685",36.92419674656043,14.323456443582574,-8.350300113354749,0.48618784530386744,2.9964109104765404,29.05040488983291,26.053993979356367,26.786740227603442,181
691781,"House, Brady","R","73.525433396",36.61873374671774,9.903327422565875,1.7978324757106352,0.4795221843003413,5.07842952354312,30.05000201906512,24.971572495521993,28.663837565542845,586
664040,"Lowe, Brandon","L","73.50498646",33.64070373811129,16.12411955483079,-3.6268842700739,0.466893039049236,7.504378342140196,34.917917575065,27.413539232924805,24.7993314124835,1178
828599,"Spence, Lucas","L","73.502930693",30.694310864705937,9.868303211491694,-3.6222876836831146,0.5148514851485148,6.210268906717119,32.90034922415535,26.690080317438234,23.64609984185531,101
700652,"Piper, Kenny","R","73.488599545",33.99365819420215,18.545857037410652,-4.467483807392371,0.6363636363636365,2.388073403061266,29.810258405271195,27.422185002209925,24.924261563000247,22
672279,"Siani, Michael","L","73.48681",34.63078757031527,14.403128801298132,1.0744539303226965,1,-3.4345210382705424,30.57507287642901,34.00959391469955,27.660909503250124,1
691002,"Morales, Yohandy","R","73.47194716",35.238471996455495,15.979782865386685,3.6044645441050736,0.567901234567901,4.180094418085211,33.07445777326803,28.8943633551828,28.248749162892242,81
661388,"Contreras, William","R","73.468729529",27.4753580485305,8.66520718737113,0.02275958897663808,0.5925133689839572,2.493228294970362,31.195319020851674,28.702090725881312,29.36648822217598,935
680777,"Jeffers, Ryan","R","73.466974489",29.193551761861148,8.748859623283023,-2.1336251387513423,0.5328467153284672,0.0036167863908911566,30.55213645597685,30.548519669585957,26.13358691088555,548
542303,"Ozuna, Marcell","R","73.463952013",36.53439698495022,15.931246166271272,-6.670397452616738,0.4851694915254238,-0.15500032514304213,34.4245097194415,34.579510044584545,25.852346855559606,472
687749,"Bowen, Jase","R","73.462015724",37.56727156746022,20.466961032684672,-4.44444095122009,0.3618421052631579,8.094267409529321,37.01807927637895,28.923811866849636,27.784159447610808,152
669288,"Johnson, Daniel","L","73.459043",29.44976290929345,10.508487966174107,-2.8058646932608746,0.5499999999999999,0.8856859133499305,31.625352543222967,30.73966662987304,28.643638651460172,20
686555,"Collins, Isaac","R","73.457695646",28.346355488193392,3.7426535700725667,-4.799036934466465,0.35439560439560436,3.7237911684081815,32.351395229582636,28.62760406117446,28.845117408620222,728
687952,"Encarnacion-Strand, Christian","R","73.446570827",33.97002116917479,14.197165214687175,-0.21578134977105412,0.5279805352798054,2.966592267799419,28.95565326479282,25.989060996993395,28.459420162811018,411
676356,"DeLuca, Jonny","R","73.421382174",23.740847520526234,7.208483105969787,-5.296317001241778,0.5974235104669886,3.380220929520032,31.426704557040697,28.04648362752067,27.67521397983546,621
805811,"Eldridge, Bryce","L","73.417615712",37.79795245499035,12.399104756496557,-4.844453572115367,0.4301369863013699,4.177047709761579,29.021008987647498,24.843961277885917,27.063365462442032,730
669357,"Gorman, Nolan","L","73.416507817",32.64899601686519,17.57543814590051,-6.6833206258657185,0.46605504587155966,6.241497724031132,34.724542680436414,28.483044956405273,27.882735501521257,545
621043,"Correa, Carlos","R","73.405211983",35.43923122928941,7.154961273860441,-1.0847724200511084,0.4008620689655172,1.538284774009927,27.924193105656187,26.38590833164627,29.626800369382757,232
642350,"Siri, Jose","R","73.391372733",33.431977530811366,12.088255822124722,-3.156178232370606,0.5125284738041004,3.7649236700137494,31.017500185853873,27.25257651584013,26.458309876386764,439
677956,"Hinds, Rece","R","73.379727313",38.96489338026897,10.502802824174266,-10.00837053038092,0.3507462686567164,6.650316067772561,34.09623225152264,27.44591618375006,28.424776849105033,134
701538,"Merrill, Jackson","L","73.377407044",38.34923587980173,9.732930449541021,0.2633018769186841,0.4744463373083476,3.3743544996157318,30.17230671084095,26.797952211225216,27.773720106498416,1174
663604,"Lockridge, Brandon","R","73.355398108",29.802000290580303,5.607057042238549,6.045105283189422,0.4594594594594596,-1.3884390870125622,28.065126039003214,29.453565126015775,31.33943477980387,185
595879,"Báez, Javier","R","73.348358576",28.608068643060726,8.953794148752062,-6.420355162941487,0.5290697674418604,3.8465467499579056,31.692827522464228,27.846280772506308,30.22252055699407,344
687401,"Ortiz, Joey","R","73.317382838",28.140247129214632,3.003449601007069,-1.0953054802384223,0.3637846655791191,-4.630346861443535,27.00613898354951,31.636485844993043,26.96303555930448,613
673548,"Suzuki, Seiya","R","73.306833615",32.50380250016443,8.493325878743635,-4.503578931686724,0.4796334012219958,6.383727261045967,34.66432685724308,28.28059959619712,27.558707628040136,982
663330,"Jones, Jahmai","R","73.282705661",30.27539665609924,14.70505384589521,-10.158753060985916,0.559322033898305,8.389862700928552,35.08363671587346,26.69377401494491,25.476467238967665,295
663457,"Nootbaar, Lars","L","73.252825909",29.804260577041532,8.909912902863955,0.13684645411661828,0.5324675324675326,4.312145144797622,32.234166876465004,27.92202173166738,28.238741216103506,462
664238,"Moore, Dylan","R","73.236560667",31.356134865016383,9.682732277008453,-9.063429629679979,0.4666666666666666,2.814049060025274,28.93346749228574,26.119418432260463,30.41958272356001,30
694249,"Carrigg, Cole","R","73.208990955",37.116693114005095,12.089389019113767,-2.2921038829949456,0.5086071987480435,2.8526604221073253,33.79602264033389,30.94336221822656,25.93995393866315,639
543807,"Springer, George","R","73.185777625",33.707404263301754,9.627084334857274,0.8753830805783658,0.5724217844727695,-4.807888866839125,21.878997323881688,26.6868861907208,26.79479327070847,863
592885,"Yelich, Christian","L","73.168284615",36.86596740622187,11.721590732461326,7.598087272799789,0.4577553593947036,-1.616984352591529,26.36050799462582,27.977492347217346,29.646113466010625,793
676724,"Young, Jared","L","73.138915732",27.695799044459655,7.842908318559406,-0.6000803761741481,0.5910714285714286,5.404987302447688,28.8839539681536,23.478966665705904,29.689851010052525,560
679529,"Torkelson, Spencer","R","73.12570706",37.386137634631886,14.79902907794545,-8.049422569795404,0.5086469989827062,-0.040074296977062426,30.576581287393466,30.616655584370523,28.628177200691674,983
695257,"Cook, Billy","R","73.122988835",28.8285869424076,11.711899011485594,-5.011319279160254,0.5728155339805825,3.614063238234752,30.765613924518036,27.151550686283283,29.29728410916301,103
642201,"White, Eli","R","73.120221978",33.92714010984737,9.227121199632272,-0.2756085111587271,0.5392953929539295,2.856076393653984,32.091915459524294,29.23583906587032,27.64641712747543,369
592663,"Realmuto, J.T.","R","73.116078832",32.83734449482536,12.285956107693178,0.10730065027361713,0.5557046979865772,-2.213952958449785,28.73763411720475,30.95158707565454,27.942968720481154,745
669236,"Jackson, Jeremiah","R","73.094542392",26.16774136764092,10.188216161702753,0.11696577145310841,0.6308851224105461,2.45032049213849,29.924105087386906,27.473784595248414,31.41394465671706,531
680664,"Valencia, Eduardo","R","73.067471693",32.81866168343818,13.55864681149699,0.43779897003746077,0.582677165354331,-0.9070269936243419,28.516615419657647,29.423642413281993,30.29435357540945,254
669360,"Cruz, Trei","R","73.05634375",28.798926478133044,9.558242013594937,-5.53763271147386,0.375,1.3541814892963933,30.255165268952087,28.900983779655697,29.567223035689594,8
672960,"Okamoto, Kazuma","R","73.051042923",31.896128578621582,15.670767095144678,-4.1749678033554,0.5809352517985614,3.019836090052123,30.160199201728965,27.140363111676837,27.86735351760479,1112
694728,"Matthews, Brice","R","73.005892778",31.855449671945355,13.783184879801338,1.2511581635398732,0.5264550264550262,4.029862506081985,31.265210866098005,27.235348360016015,24.540821364249798,378
665750,"Taveras, Leody","R","72.965645026",32.72621812308724,6.690997132745805,-3.9444439139331284,0.3984375,4.298333403007383,31.83999136162098,27.541657958613598,27.282887400313292,768
681624,"Pages, Andy","R","72.965365356",40.03826799081561,6.545130200592194,-2.699510023703488,0.4481707317073171,-1.4148826440787803,28.703270212059717,30.1181528561385,27.765592098056544,984
696135,"Watson, Kahlil","L","72.962146235",34.86473301366107,15.440399471508291,1.7932547810092603,0.49999999999999994,-2.1733520525409618,26.584233837342214,28.757585889883174,28.17143954025463,162
682928,"Abrams, CJ","L","72.953248284",28.969403819765017,14.28865208476981,-7.109751292715544,0.5775862068965518,4.669119149631818,33.40526251544788,28.73614336581607,29.20397636560707,1160
669720,"Hays, Austin","R","72.936765",31.501342411247883,15.810964272499392,-5.041763657147382,0.5913978494623657,20.41589792792009,34.49776061278687,14.081862684866781,29.891004616379274,186
662139,"Varsho, Daulton","L","72.925182575",27.976037626201087,10.135523501581956,-0.7737180422412853,0.5558011049723757,-2.08523657816371,26.31636682079787,28.401603398961583,27.863463227036846,905
656577,"Jackson, Alex","R","72.919503047",29.97361884077124,8.945788008098605,-2.33543197489155,0.5390624999999997,2.6258488079439206,32.741506670700964,30.115657862757057,29.076084303649512,128
596019,"Lindor, Francisco","R","72.9181205",33.700136633506176,14.183794526028016,-5.157261017232088,0.56,5.087230726416469,32.09551484459282,27.008284118176352,25.813457987183305,800
672284,"Kelenic, Jarred","L","72.905173333",31.53031624980707,13.059789578519178,0.816515938530031,0.5333333333333334,0.6881151301367596,31.083748056739392,30.395632926602623,32.21623785629527,135
664056,"Bader, Harrison","R","72.87897601",24.712323798954756,12.401442968234788,-6.393769519767231,0.49753694581280794,8.333315365684955,33.67890417131337,25.345588805628402,26.57549954683812,203
656582,"Joe, Connor","R","72.870881333",29.879742950513215,5.3340075944603615,-1.9787655787335263,0.4533333333333333,-3.3777326420452116,30.640761857763287,34.018494499808504,31.91268745218467,75
657136,"Wong, Connor","R","72.86609144",31.464659359952257,12.993035032977803,-7.216984896132798,0.4879999999999999,9.661721398174887,37.65347487691647,27.99175347874158,26.61753526309891,375
665862,"Chisholm Jr., Jazz","L","72.861864591",31.91137886010364,15.6524453537312,-7.894173021038937,0.5949367088607596,3.994714954908673,31.979604374324737,27.984889419416064,26.073960343745963,869
676551,"Hicklen, Brewer","R","72.852371579",28.339583637573966,13.45731070902788,-6.622673190740994,0.6184210526315791,2.3992751754478054,32.806239973091756,30.406964797643965,28.24227366342946,76
686780,"Pagés, Pedro","R","72.830603298",32.2184602411288,10.848372325509322,-6.204767068554243,0.44148936170212766,9.262211340781159,36.33715421873314,27.07494287795198,28.791443630837232,376
669134,"Campusano, Luis","R","72.828405361",25.832727208848524,10.97033907062733,-7.242092507705285,0.6469072164948452,6.6564581837679375,28.94280290775257,22.28634472398462,27.832527031356257,388
640459,"Navarreto, Brian","R","72.821075909",26.94060821226687,12.427148365076784,-13.75320194147972,0.5909090909090909,6.37762560715136,37.10480210357847,30.727176496427106,26.62367921223119,110
650489,"Castro, Willi","R","72.818255392",37.25010105532335,9.362334913663833,-3.938645489226602,0.4687144482366326,-0.43444089425244997,30.83210299640712,31.266543890659563,24.197849993757824,879
672275,"Bailey, Patrick","R","72.788356774",33.448534048442355,7.846551246354877,-2.7497987240394344,0.3955857385398982,0.18274253485501324,30.640869610781504,30.458127075926487,28.020772725214282,589
671218,"Ramos, Heliot","R","72.785652103",33.274990443490225,7.730038422902238,5.266201431411183,0.5076923076923077,-1.182842890972854,26.803377362631256,27.986220253604106,29.101058853120072,780
663609,"Baker, Luken","R","72.784992857",28.676692807946228,15.122127146781736,-16.524248770906276,0.4285714285714286,8.374502666256241,34.56163789634448,26.187135230088234,30.430595295282092,7
676572,"Wagaman, Eric","R","72.776942442",27.27868758977457,4.549863057973309,0.30078363767435806,0.4186046511627906,5.185679709550785,28.07982766303921,22.894147953488424,30.713309383065095,86
668804,"Reynolds, Bryan","R","72.772137868",37.52831113869998,10.985354266280007,1.4848388615187982,0.46607929515418495,-0.22082363324861942,26.344107787561626,26.564931420810247,26.915601143879556,1135
669224,"Wells, Austin","L","72.767037477",32.82027457790726,13.888447970640566,-6.070915030397517,0.5123076923076925,1.3499184346596855,30.102592076276412,28.75267364161672,23.608705774117176,650
694671,"Langford, Wyatt","R","72.766326156",30.91156494229811,13.795341924830435,-7.359578195613064,0.5325670498084292,7.571958470023551,34.09838764260172,26.526429172578187,26.51260396790588,783
657675,"Martin Jr., Rudy","L","72.73186",31.08967678569874,7.3707069710160225,2.643739846030975,0,10.07133930992633,31.079686386760773,21.00834707683444,27.290475228462217,3
681987,"Eaton, Nate","R","72.715957748",31.242620900727175,11.361992398189386,-13.661300865272315,0.5135135135135133,14.9612593815971,40.775366610380985,25.814107228783882,26.6360771782344,111
656484,"Gray, Tristan","L","72.707748277",29.266451104755884,7.073717951202765,-10.97451033946102,0.4039548022598871,3.881427534142363,33.53899716453145,29.657569630389077,29.167572746361557,354
691458,"Jordan, Blaze","R","72.705749259",30.794011517855843,5.879065729836021,-2.0649814693758497,0.4045584045584045,1.090094720718807,32.66748524965563,31.577390528936828,31.791343566013076,351
663743,"Fortes, Nick","R","72.684718656",19.67251672384481,3.498271671785705,-8.055184120669663,0.38339920948616607,-0.9037768163343568,29.233093529974703,30.136870346309056,28.64989475438603,506
667452,"Julks, Corey","R","72.677961",33.24391057230866,12.83450540617514,-12.508904411470821,0.8999999999999999,9.196952316353725,40.371532522652075,31.17458020629835,26.761567138417245,10
682848,"Rodríguez, Endy","R","72.67159082",35.79580754091348,10.119588441118129,-6.016682534155798,0.4713114754098361,-2.0462534927035314,30.17772345234595,32.22397694504946,25.243129566116483,244
516782,"Marte, Starling","R","72.642422525",35.70641035564429,8.252375225561305,0.29981639006559224,0.40655737704918027,3.952441214280359,23.73684437231059,19.78440315803023,28.113646633821986,305
660710,"Durán, Rodolfo","R","72.639820357",28.763815220605505,12.877665321539038,-7.964242203645681,0.5714285714285716,12.380585847015864,35.14865693127546,22.768071084259592,26.992000780944956,140
694377,"Yorke, Nick","R","72.639074109",35.319596143596364,3.8524218138292543,5.098566154257664,0.3613861386138614,-6.038658469536411,24.505654089987235,30.54431255952365,25.368648073992922,202
700250,"Rice, Ben","L","72.614837568",34.28495873780829,13.155464244636557,-4.206941134393343,0.5492277992277994,-5.022708683160346,27.509035852474163,32.53174453563453,27.98157300712012,1036
677649,"Duran, Ezequiel","R","72.608014302",29.008648057973083,7.007429413754365,2.5055200027497455,0.44245283018867937,0.6159607229685423,28.952466913979357,28.336506191010812,26.597871826613478,1060
678218,"Valenzuela, Brandon","R","72.604698703",32.849252493643895,8.907118381601922,-8.321597138284009,0.5188284518828453,7.342656044244261,32.71665357653169,25.373997532287426,28.788422909290542,478
657041,"Thomas, Lane","R","72.603425496",27.2565614715645,8.408819225732351,-2.683486413258898,0.5939716312056738,3.6524649311183057,27.733664590935813,24.08119965981751,28.91489716254853,564
673237,"Diaz, Yainer","R","72.602886409",28.067334641482795,7.803070212859227,2.5894126688098447,0.5637583892617448,2.5719333755572995,31.30501234515063,28.733078969593326,28.980482922323365,596
686668,"Doyle, Brenton","R","72.594632326",30.12668336099367,13.110817147574263,0.07318246856660526,0.5828877005347595,2.7221746663468416,27.76298524023173,25.040810573884894,30.012800112799884,374
650391,"Jiménez, Eloy","R","72.589113667",26.57360921743482,6.41708086853487,-7.084974867150438,0.43333333333333335,11.645271096104,30.649588683514533,19.00431758741054,33.08438953452158,60
678554,"Mead, Curtis","R","72.575305888",31.096928624693216,5.68518335956527,-5.105087135482006,0.46307385229540915,-2.5757533849126637,31.371786804891556,33.9475401898042,26.293142362836043,501
669221,"Murphy, Sean","R","72.55439559",29.715436591267448,12.738780364560178,-3.9890127455042967,0.5128205128205131,1.448490823776992,30.47978092547228,29.031290101695284,32.20596509431926,195
806068,"Emerson, Colt","L","72.545709847",30.327458835554236,10.100755515141575,1.8447176398816978,0.5533769063180828,0.001173655687339072,32.3970126078076,32.395838952120265,27.024883955605326,459
624641,"Sosa, Edmundo","R","72.544118347",33.990571026994324,10.942447837410489,-3.1420889569224184,0.5877551020408165,1.7171438701190378,30.578076842374323,28.860932972255284,27.000069399612833,490
672724,"Peraza, Oswald","R","72.52492524",28.17408112579654,5.765826252950951,-2.3476891668936375,0.4628820960698689,-0.31706588612554376,29.202770523053157,29.51983640917871,28.678211060744452,687
676480,"Barrero, José","R","72.519896667",32.28250699559796,13.483890466359076,-17.203757727410107,0.41666666666666663,11.859043412445196,36.70900637576045,24.849962963315246,26.960650530292988,12
606192,"Hernández, Teoscar","R","72.51910875",33.31880281534044,10.878752821823163,0.3675924998289936,0.5420673076923078,-1.1134379409167214,30.428186246961257,31.541624187877975,30.264488227716164,832
687637,"Beavers, Dylan","L","72.501097294",39.04716061682835,9.570550176500971,-3.383192718995722,0.46953405017921146,1.3276618701625194,32.239080660427724,30.91141879026519,25.903680935776464,558
641598,"Garver, Mitch","R","72.500435513",28.766846378427957,15.012074801876421,-8.250745986717698,0.6581196581196583,8.443053998716692,32.41639569757114,23.973341698854448,28.871747574805468,234
669477,"Schmitt, Casey","R","72.489216777",33.371859977366405,9.646993671370872,-7.083972121672854,0.48710601719197705,4.498368957502612,31.74706911418483,27.248700156682208,24.032799406970263,698
691728,"Veen, Zac","L","72.486585248",32.29296425681704,15.20232603447536,-3.8282805391032957,0.4113475177304964,7.32483264926579,36.072915229978065,28.748082580712243,29.0576847669849,141
665742,"Soto, Juan","L","72.478555008",28.179722536840117,12.644925286536738,0.29600422730838427,0.6747352496217852,1.9183233050713606,25.808552351977053,23.890229046905688,28.802873219419205,661
657656,"Laureano, Ramón","R","72.474939637",33.15638136387132,14.791381103503978,-1.7545991977867155,0.4692737430167599,5.694352211388598,33.93352144984092,28.239169238452316,32.018372708255725,358
624424,"Conforto, Michael","L","72.45795795",31.247924304873116,12.057189203985782,-6.120552527548607,0.5300207039337472,4.471634794643781,31.797826123633747,27.326191328989967,29.606061716215002,483
694197,"Genao, Angel","R","72.454313561",31.035761578542637,5.117088568737976,3.0478166753276716,0.4243902439024391,1.7933690542957716,29.41943221239738,27.626063158101612,26.519869809620275,205
680716,"Ornelas, Jonathan","R","72.424511522",26.387017633623092,6.485371239982345,-3.1008121311685977,0.5652173913043478,11.840089763558511,32.06226640007801,20.22217663651949,26.452897680518525,46
607043,"Nimmo, Brandon","L","72.415857093",29.411781089171935,7.469629449766126,2.2309564973180653,0.5223613595706623,2.957476019234922,29.610721906613584,26.653245887378656,29.499202888914443,1118
671083,"Kennedy, Buddy","R","72.406395169",34.41170462983318,9.401555259125601,-10.695790740242499,0.5505617977528091,1.1208889431223035,32.44462467973552,31.32373573661322,25.801137398694397,89
814439,"Waldschmidt, Ryan","R","72.405558333",35.86646449153984,10.714326093292426,-10.538236405755285,0.4272300469483569,5.960075694575621,28.03577773234709,22.07570203777147,25.169446049889412,426
687221,"Rushing, Dalton","L","72.393972188",35.10361235548932,12.78171056900515,-2.81697522757966,0.5480769230769232,0.40026122297794603,31.274202863735045,30.873941640757096,28.41307255160123,416
672820,"Sosa, Lenyn","R","72.368454055",34.83735509131755,12.353306726409064,-3.450527756157231,0.49769585253456244,4.0053068518765365,33.28228570620986,29.276978854333333,26.713635181362896,217
593428,"Bogaerts, Xander","R","72.343650487",32.27894903445537,10.65428124587524,-5.575811728036131,0.5428937259923177,9.201549973593238,33.71081326937239,24.50926329577915,28.455495395843723,781
665161,"Peña, Jeremy","R","72.337836811",31.182508689041143,13.191320998140997,-8.717065366832074,0.6116173120728928,4.601132797956958,32.70927267382635,28.108139875869398,27.352560394538248,878
806146,"Lombard Jr., George","R","72.331941767",34.426974896607355,10.193433035790564,3.85744023027564,0.5563909774436091,4.46326966598089,32.94484052232163,28.481570856340745,30.60144406112488,266
642715,"Adames, Willy","R","72.309419293",33.64426892967282,15.47645602454621,-3.821964926947361,0.5771495877502942,0.6023022480384627,30.653399055326165,30.051096807287696,29.16981123922331,849
502054,"Pham, Tommy","R","72.298988269",30.578398776020247,12.953253542360242,0.1835055528113757,0.6923076923076923,1.3611483805902038,32.32694366780087,30.965795287210668,28.322694732761384,52
641933,"O'Neill, Tyler","R","72.279969977",35.15106547193813,15.277267052657159,-7.338349656088396,0.5421412300683373,2.438646232259396,32.49212264204208,30.05347640978269,24.361935251252152,439
660162,"Moncada, Yoán","R","72.272188586",38.168046934523446,11.263702578928275,-3.565516795438459,0.3664921465968585,15.252309582590724,33.05259870437961,17.80028912178888,25.869194561131255,191
553993,"Suárez, Eugenio","R","72.260489628",39.05166311485882,18.038799658896224,-4.499013688752566,0.5023980815347722,13.482036854778386,34.452227076128345,20.97019022134994,24.4244565653293,834
681546,"Outman, James","L","72.255756849",34.63427644787141,15.098468277089125,-5.9310129745419795,0.48553054662379425,6.731858778587662,33.04583218410241,26.313973405514755,28.47020371537463,311
682622,"Marte, Noelvi","R","72.232909915",31.99503835390243,9.07896531064481,-4.155282173248527,0.5439093484419264,9.21946103269797,35.705528264480805,26.486067231782844,26.66433731717971,353
682668,"Acuña, Luisangel","R","72.232389708",25.68331394089907,8.596670771404167,0.6074551988315657,0.6520467836257311,0.8672141043074034,31.57818711187319,30.710973007565784,25.73796926084639,342
694208,"Ballesteros, Moisés","L","72.228768531",28.866263242897276,7.386822529914171,1.6793284430384776,0.5058430717863107,3.0120294315603537,34.40959647386528,31.39756704230494,29.044864925495624,599
592626,"Pederson, Joc","L","72.225011224",28.1469448900807,9.653984979236398,-3.0475117724408056,0.5639943741209565,-0.39479896128312864,29.40142717885041,29.796226140133538,23.257263312784506,711
695336,"Saggese, Thomas","R","72.210313547",36.45904808825132,7.855581486424399,3.736043095766852,0.41590214067278297,6.3894181966712695,27.932418284277983,21.54300008760671,27.797549520990568,327
663616,"Larnach, Trevor","L","72.193227339",33.175857298905065,8.558004416515478,-14.495822713644715,0.4434250764525994,8.745101267311323,38.36610018118967,29.62099891387834,25.232184221050687,654
677942,"Alexander, Blaze","R","72.18299026",36.260182435088545,8.194063717400988,5.148915567289415,0.50278293135436,-6.142463812564203,23.628400822180602,29.770864634744807,29.54833414254295,539
671655,"Valera, George","L","72.166478033",24.90220345750438,5.892706052583158,-8.1257812797163,0.49180327868852447,5.5056683199232115,37.26157088149165,31.755902561568437,28.231244108903294,61
605244,"Garcia, Aramis","R","72.157587097",32.64828369040518,15.100530101510348,-6.876108098689865,0.7741935483870966,6.573023344598628,33.137764760545494,26.56474141594687,27.542440915330147,31
678662,"Tovar, Ezequiel","R","72.14951276",35.23804590587862,11.086406864189978,-2.2405932005896387,0.49592668024439907,1.606773232432438,30.497535820928828,28.890762588496393,24.586282966504847,982
699393,"Ramírez, Pedro","R","72.127497269",24.638233398872984,4.971941254919903,-6.206399557797071,0.44469525959367945,2.760810701691664,34.21104759361451,31.450236891922852,24.33743209759191,443
680728,"Del Castillo, Adrian","L","72.105795579",34.15258591988181,13.16713499828242,0.1478593943267933,0.48170731707317077,6.668786875741893,35.011087667408034,28.342300791666144,27.985313995676304,328
701398,"Stewart, Sal","R","72.09882176",33.12434628166759,11.56240482499184,6.283662901188846,0.5549036043587594,7.222481819773996,28.503491449517313,21.281009629743313,29.754484457124565,1193
677060,"Stevens, Chad","R","72.088606897",34.7169666185962,5.862294921792841,1.02186687771587,0.37931034482758613,4.592728319651905,30.081786279005936,25.489057959354028,32.73529712587358,58
642215,"Wilson, Weston","R","72.073333155",34.094957185805704,13.940774042562305,-4.257811397604641,0.4826498422712933,6.352200630825674,31.37372721227357,25.021526581447898,28.889055986149604,317
691019,"Teel, Kyle","L","72.068489879",38.83518661520633,12.896090340354426,1.6656070581571008,0.4032258064516129,3.6243225913201202,30.482889243128003,26.858566651807877,29.044112986262878,248
665966,"Narváez, Carlos","R","72.065205435",31.400304709221906,11.449227672741571,1.4787704477179828,0.5048355899419726,6.5614691846512025,32.55969378192796,25.998224597276764,28.429002510072564,517
677347,"Paris, Kyren","R","72.046877813",38.96069233342828,11.040420194927322,2.370851907126436,0.3437499999999999,-11.292502876066044,23.090916892127915,34.38341976819396,27.14272109282464,32
807726,"Peck, John","R","72.031715833",29.84520406291606,9.544528545744887,6.639307765945288,0.6439393939393938,-5.777036200809601,29.14881351410084,34.92584971491045,30.072697843687966,132
681508,"Gasper, Mickey","R","72.020631186",28.988397350450473,12.59421310856815,-7.977450257942528,0.5898305084745762,12.224545861501468,34.5913034728057,22.36675761130424,27.284422865673722,295
664034,"France, Ty","R","72.008166987",34.182749024240046,11.357002656422068,4.276219112921118,0.4818376068376068,-1.1168050396235314,27.975337132743032,29.09214217236656,26.128514614347218,936
690993,"Keith, Colt","L","72.005186288",32.14792364328501,10.74250428192755,-2.232302091984997,0.48815165876777245,5.3299085765527705,29.742948820311213,24.41304024375845,27.90633871851767,633
690291,"Jung, Jace","L","72.003054211",37.036334923265315,14.075835609631032,-14.308956262863274,0.5263157894736843,5.673905269673337,37.44013127096888,31.76622600129554,26.351490763303858,19
694371,"Troy, Tommy","R","71.998537488",32.759326135315916,13.218534197013678,-2.8356203183625293,0.516279069767442,3.7925864980071506,32.13440400724378,28.341817509236627,28.90954438051365,215
690924,"Fulford, Braxton","R","71.996772615",30.467909502623783,10.438850990714302,-4.916068432280364,0.5230769230769229,7.650673832738683,34.15101323489338,26.500339402154697,25.780236740862698,130
543510,"McCann, James","R","71.990105348",36.483423625728726,10.545284577396595,-3.7147615995314305,0.45787545787545786,13.01224568132293,37.849755477446124,24.8375097961232,26.6402982529353,273
695681,"Moore, Christian","R","71.989653333",31.965694842162623,5.623844641191735,0.7454082605105864,0.41860465116279083,1.568632483833057,30.445571264120833,28.87693878028778,25.243227153962955,258
682988,"Locklear, Tyler","R","71.974727792",32.614135904260166,6.1998761680700785,5.900716349357159,0.4675324675324675,4.440042122215442,25.37983355762622,20.939791435410775,33.65043547483061,77
805805,"Jenkins, Walker","L","71.967270759",34.16189009703557,11.049641101364868,-3.91088644555048,0.5448275862068965,3.00227021794815,28.834161883277027,25.831891665328886,27.531623949688154,145
665019,"Clemens, Kody","L","71.961438177",28.38295514235735,11.784717803169217,-2.7614128171153562,0.6334340382678751,0.8078456669177336,33.491736024425876,32.683890357508126,26.270591617814464,993
682927,"Simon, Ronny","R","71.95194304",25.57995495320976,2.34808580384337,1.0605906084673276,0.3679999999999998,-2.927486010977918,28.060649691870292,30.988135702848215,23.846364027618105,125
608701,"Refsnyder, Rob","R","71.949695686",34.28894524795323,12.314527300001703,2.4371817018110304,0.5882352941176472,-3.7476849841423627,26.56910881127473,30.316793795417095,28.857621256375456,204
677870,"Jiménez, Leo","R","71.943167118",30.073744206369803,6.642708182092594,-1.3607632827421265,0.4583333333333333,4.560858646708415,31.499290281798235,26.93843163508982,28.691142862281698,288
656555,"Hoskins, Rhys","R","71.940482733",33.51251023138939,16.80136450699576,-6.34344749165706,0.5566801619433196,2.1102273434596173,33.199980121319925,31.089752777860312,28.260491386947056,494
605137,"Bell, Josh","R","71.933148037",33.68646469561748,9.49725826502939,-1.9456899427481893,0.5716894977168949,-2.0300436394517134,26.96459229232872,28.99463593178043,27.989855842121102,1095
681351,"O'Hoppe, Logan","R","71.920082612",30.63214553471796,12.732161257760003,-7.12261530822021,0.6071428571428573,7.86512260305292,34.85020192686664,26.98507932381372,26.386511612550365,448
691620,"Quero, Jeferson","R","71.907325",30.701761006106537,22.958536950111288,-29.630083035816455,0.5,21.346736109916183,47.66314683740636,26.316410727490187,30.182048779511454,2
688363,"Pauley, Graham","L","71.903850679",30.219352340312934,14.909336184957732,-8.166461714585742,0.539622641509434,8.773240696696659,35.30348661522752,26.530245918530866,24.78830199698927,265
699625,"Crooks, Jimmy","L","71.901643413",36.5264686513296,17.3157833502899,-1.4920885655273932,0.4047619047619048,11.59444691227466,38.9459572484511,27.351510336176435,28.22232118007853,252
672640,"Lopez, Otto","R","71.878488428",29.446257202774227,5.074612951626756,-3.0457721261549056,0.4577114427860696,4.07207271816842,32.06011693971497,27.988044221546556,27.807327158516248,1005
693307,"Dingler, Dillon","R","71.869669861",39.556428432689934,13.404194445646553,-3.973826160628289,0.5554455445544555,3.489906545525975,31.039470428518392,27.549563882992413,27.94082111872374,1010
646240,"Devers, Rafael","L","71.867350357",30.684364809061012,9.730748981102526,4.814378957789025,0.5857011915673692,4.041877175003801,29.44396320737886,25.402086032375056,25.549368747522767,1091
686681,"Massey, Michael","L","71.863696931",33.71236646356138,15.635395739107237,-1.1297848972621236,0.5968790637191156,6.255808334033307,30.315364352632084,24.059556018598773,29.70265529614864,769
802139,"Wetherholt, JJ","L","71.856683254",32.53315518508089,11.663112644483702,6.22434868089574,0.6376496191512514,-4.20492336160422,28.91193881765207,33.11686217925628,27.6716503421377,919
823550,"Song, Sung-Mun","L","71.856036409",23.266691911723907,7.583297912498248,-2.083233704639372,0.6181818181818182,-2.08780177351835,29.27888340104778,31.36668517456613,25.88969597711377,220
663853,"Gonzalez, Romy","R","71.847356889",28.73594797766051,7.030074753116014,2.3531455260168137,0.42962962962962953,-2.3898166574338724,27.116250152799086,29.50606681023296,28.08934556555621,135
694362,"Dunn, Blake","R","71.821855253",33.15813681515406,3.842406226969166,-0.1661708574154458,0.3870967741935484,5.045733078251838,33.790100281896876,28.744367203645044,29.070380020597916,217
666310,"Naylor, Bo","L","71.819644059",31.03336509574448,10.290524967011734,-6.257045120796476,0.5000000000000001,4.564831905275406,32.92122662181799,28.356394716542574,31.298785429530998,170
681481,"Carpenter, Kerry","L","71.770553385",35.35035016666619,17.911882869408487,-1.1577977481495698,0.4857142857142856,-4.359246252711049,27.56449051415582,31.923736766866877,30.46033596646923,455
664023,"Happ, Ian","R","71.769101962",34.189971449877575,11.151975245626693,-5.237410353224482,0.4610328638497652,3.42992365329114,33.99184183096723,30.561918177676095,25.955048481907735,1065
673490,"Kim, Ha-Seong","R","71.760738675",25.268243308328962,5.094982440411765,-2.582912322990254,0.5128205128205128,0.7849220841823319,32.580764958575976,31.795842874393642,25.367968195279804,234
800543,"De Paula, Josue","L","71.750285179",38.74104847282564,8.873608092313074,-3.2194644431833903,0.48214285714285715,-1.172788723181315,31.250322130795038,32.423110853976354,26.74371228658284,56
675448,"Hunt, Blake","R","71.749111667",36.81733711769827,18.522751030957338,-6.020501356486672,0.5,16.5872743625233,34.00882503622372,17.42155067370042,32.299429933767314,6
694388,"Loperfido, Joey","L","71.745073103",39.177527629093966,15.624012841904161,7.859907565362527,0.39901477832512317,-1.6513731314508282,26.657453480808865,28.3088266122597,31.339055491418314,203
672515,"Moreno, Gabriel","R","71.727011733",34.4585504651883,8.598445268912421,1.7424758888329486,0.41505131128848355,5.979475824797101,35.426330489765334,29.446854664968246,25.490007163959188,877
596146,"Kepler, Max","L","71.70510504",32.114967817355904,7.711571211471998,-9.5226991634318,0.47983870967741965,3.4561223950369118,35.878191368051155,32.42206897301424,29.176056584540994,248
696030,"Osuna, Alejandro","L","71.69546683",28.49586777994633,1.864256666921259,7.08562050173823,0.3227665706051874,-4.787364816299681,25.163490252495954,29.950855068795644,25.379576147747155,347
666969,"García, Adolis","R","71.66664",29.077146284565064,9.672253277556331,-1.8398405642462023,0.5837104072398189,2.4771970036120847,32.41553525111391,29.93833824750184,26.83695012119767,442
621438,"Taylor, Tyrone","R","71.648124058",34.67388718345535,11.570057789400382,-5.651163915166452,0.5785340314136127,0.24646053756477984,29.083011293630516,28.836550756065726,27.460828299930327,382
521692,"Perez, Salvador","R","71.634190161",34.609738192268495,11.380805786296131,-3.5606384310396617,0.5709430756159729,0.2355336726918612,29.492643405073427,29.25710973238156,27.439284943112856,1177
641584,"Fraley, Jake","L","71.623627484",36.13478730366444,10.317472891104387,-8.055593277169772,0.45806451612903226,-3.3517169329962946,28.014227068602835,31.365944001599125,25.28955917942883,155
467793,"Santana, Carlos","R","71.612416875",29.018257040286418,15.419328222621738,-7.264080760190639,0.5833333333333334,8.194702273192787,34.183340683314576,25.988638410121798,27.16844219429314,48
669016,"Marsh, Brandon","L","71.603893665",37.39413682932745,9.926262858017928,-1.2108489670690883,0.4316770186335405,0.8225746118597276,28.23682914206152,27.4142545302018,31.185603514679915,966
669899,"Ward, Ryan","L","71.596718235",27.9308688498171,8.695260680439691,2.4394464906044195,0.6134453781512605,-2.833438241981107,26.391521607123416,29.224959849104522,28.54905354402422,119
672012,"Black, Tyler","L","71.589413913",34.78482178299184,4.842990120170422,12.393713266756539,0.4347826086956521,-5.521367260958794,20.778835902519265,26.300203163478063,27.493669342914462,46
694497,"Carter, Evan","L","71.58871205",31.381889060873625,8.486295213347491,-6.723355574180908,0.46666666666666673,7.016628970622596,33.798320854784336,26.781691884161727,25.155155492593664,600
607208,"Turner, Trea","R","71.578043053",25.3686432542984,8.606314723044505,-4.751702170179388,0.6369047619047621,3.4925041656783122,30.27966615626443,26.787161990586114,30.485017877218212,1176
606992,"Haase, Eric","R","71.57627037",30.807312956438608,12.770588702062598,-4.310642593756781,0.6148148148148149,7.059684286294948,29.16401047743712,22.104326191142167,28.77531100441064,135
663584,"Senger, Hayden","R","71.571551111",27.72830019744714,10.82359913895828,5.272129082978059,0.6666666666666666,-1.734868790250812,26.457698412646263,28.192567202897074,30.442302196184794,27
672386,"Kirk, Alejandro","R","71.565756047",22.582971283933468,5.551215508220012,6.936352894164826,0.5106837606837606,10.141700240441606,29.38169763853868,19.23999739809706,32.10559447003742,468
672580,"Garcia, Maikel","R","71.551928527",28.46308600940958,3.8028320070219443,0.3284031710255438,0.4197802197802199,3.842242754001886,33.04854442466258,29.206301670660697,25.584447929172306,455
702284,"Young, Cole","L","71.54771513",28.325777673910785,5.93442030264305,-1.6082716520495932,0.4792270531400967,-0.46841201085278855,29.579850674564508,30.048262685417296,22.146954187459702,1035
815589,"Davidson, Bo","L","71.540820789",32.23552533559778,14.102515904719764,3.2526716464673173,0.5,3.271055495650746,31.013746613322287,27.74269111767154,31.474118318620224,38
687529,"McCray, Grant","L","71.531269353",32.29293096351606,8.18578040733959,-4.223424123491404,0.4100719424460432,7.96533338482601,31.64987331437726,23.684539929551246,27.60134853107624,139
687263,"Neto, Zach","R","71.524635773",39.67756004434818,20.42627949562012,-8.233179830534864,0.39433198380566803,22.469421311686382,38.83444720256242,16.36502589087604,20.74695436267102,1235
621020,"Swanson, Dansby","R","71.5223901",34.826744313386975,15.761277103998717,-4.4334776951624075,0.5381727158948688,2.104140963277659,33.99968430289139,31.895543339613727,27.334144101891482,799
656537,"Hill, Derek","R","71.517442936",37.29924108084526,15.034600510954013,5.372699829992231,0.479224376731302,-0.6996155383473199,28.970647028929157,29.670262567276485,27.657610545106248,361
807799,"Yoshida, Masataka","L","71.517172927",33.08379472200189,8.06027683218553,-0.9461342224346736,0.4829268292682926,1.4814645897071543,31.877158102114677,30.395693512407536,24.460302037609498,410
680574,"McLain, Matt","R","71.51421129",31.219815004851338,11.550815511649516,-0.0578638419003433,0.590967741935484,5.904776494644184,31.448179633346403,25.543403138702214,26.839268859510472,775
800050,"DeLauter, Chase","L","71.505236395",29.14221648681116,4.4466248587425925,0.7196314498646816,0.4432098765432098,3.096355059346209,28.993505691533787,25.897150632187582,28.82382962287919,810
608369,"Seager, Corey","L","71.483766341",33.63718882129842,15.062422894878068,2.3496432128742955,0.5667107001321005,6.441472762567652,33.044781629299784,26.603308866732142,29.19485345265793,757
666397,"Julien, Edouard","L","71.477923873",42.72091198326972,11.789292885972241,7.416195797839679,0.3897058823529412,-4.363369519313252,26.264089098787313,30.627458618100576,29.719153555763892,408
664983,"McCarthy, Jake","L","71.462535295",32.51552455899005,8.566337420959423,-2.1281820739284543,0.5031645569620252,-1.6479956778016989,29.257731962621587,30.905727640423294,30.46845949590064,948
695734,"Lile, Daylen","L","71.462143181",38.702969741481745,12.453114123404887,-1.3944331129141352,0.5462256149279049,-0.24871275641683996,29.88267160318597,30.131384359602794,25.24160078392323,1179
518595,"d'Arnaud, Travis","R","71.441437324",30.972471094286945,11.580039091717206,-0.40256389388029884,0.6056338028169013,2.1537576443435653,32.18392719639244,30.030169552048868,29.460501370569595,142
630105,"Cronenworth, Jake","L","71.441025377",30.04685278643216,7.986158819945123,-2.0137897644733753,0.4111445783132531,1.9111001011642716,31.525887462628923,29.614787361464657,28.878264564706573,664
682657,"Martínez, Angel","R","71.426448898",34.34716255429093,11.536352331750075,-6.887344713835615,0.5078683834048641,5.903884493494463,37.55178904404415,31.647904550549697,24.28601645912008,699
664774,"Wade Jr., LaMonte","L","71.423856983",30.29264720234141,9.376652903835776,-3.7554155050672273,0.5732758620689655,1.7043486002203343,34.20926099334669,32.50491239312633,22.247271294109613,232
805249,"Kemp, Otto","R","71.423190196",34.98882444948333,10.109541670832254,-5.979482993175397,0.41176470588235287,4.162837891149354,33.72741019509776,29.564572303948403,23.897663937988842,51
649966,"Urías, Luis","R","71.417568173",24.409802691485076,9.400246022029092,-9.022972524549658,0.6346153846153847,6.590240248009722,34.914860553575465,28.32462030556573,27.215302290016417,104
663656,"Tucker, Kyle","L","71.414969251",36.38648609142562,10.024135858867034,-6.396935251677885,0.4530805687203791,-1.4783297758967673,28.333927266976232,29.812257042872993,27.061565789756425,1055
800325,"Lara, Luis","R","71.402210031",27.89668885216222,1.1242958340399076,3.3798607600200046,0.2857142857142857,-2.3762198708979536,27.177075243930798,29.55329511482876,26.842697210201866,322
650859,"Rengifo, Luis","R","71.399255378",33.9241010415885,7.451803402393363,1.265040751568462,0.46221441124780316,7.854175946808166,28.60878087304731,20.75460492623915,26.56702460537746,569
693459,"Fedko, Kyler","R","71.382807368",31.14593705434263,10.757901390037592,-2.6265240881089245,0.4999999999999999,4.043230097655917,33.10965674192208,29.06642664426615,30.05741207919648,38
672761,"Pérez, Wenceel","R","71.354880614",28.154035295871967,7.641446336642694,-6.2776947120239,0.4981949458483754,2.130032347631864,29.327671612776978,27.19763926514512,25.06692062521157,277
596142,"Sánchez, Gary","R","71.352935915",29.978315471558865,11.079397599796799,-3.692274635338344,0.6112676056338027,2.1826868017751004,36.387573474293774,34.20488667251868,27.042661273356533,355
571448,"Arenado, Nolan","R","71.350440207",32.37347803855917,12.890787596993912,-12.857180463072725,0.5958549222797925,5.218750965297898,36.95649365309594,31.73774268779804,29.61827678669276,965
691858,"Serna, Jared","R","71.346096667",21.14458786208844,10.154173797981663,4.058445152907153,0.7894736842105262,1.0039314956719279,29.379837402397985,28.375905906726054,27.52772650606757,57
701678,"Lee, Hao-Yu","R","71.340515289",24.364410683474233,7.3183069707088535,5.145673353406859,0.5236427320490367,-1.154467269074961,27.420231603397752,28.57469887247271,26.174247655476904,571
571970,"Muncy, Max","L","71.338993715",34.29233007651142,17.265881203702165,-6.5777944584845915,0.4960362400906003,10.170175102063187,38.74300132639725,28.572826224334055,28.66753549115406,883
664728,"Isbel, Kyle","L","71.337065433",25.47959167612477,2.966685504686949,-4.241382788185551,0.3961038961038962,2.5408194403933857,29.85607895328292,27.315259512889533,27.313614481896042,462
573262,"Yastrzemski, Mike","L","71.318551227",31.51168290571446,11.452311747687649,-3.1822526751468114,0.637878787878788,1.6360598936113202,32.8702793346384,31.234219441027076,24.085649278996126,660
502671,"Goldschmidt, Paul","R","71.313982915",32.55377404125599,11.671289178536645,2.9679707138892506,0.4945736434108528,-0.1287773652594698,20.093468926793957,20.222246292053427,34.56326794658343,645
686894,"Wiemer, Joey","R","71.311724397",23.785689156382126,5.11187986692318,3.693730272074052,0.4224137931034483,5.4771400422365035,28.247857927501443,22.770717885264936,28.658689043227806,116
681807,"Fry, David","R","71.308275405",31.259167401534544,15.761198326629565,-6.381665403718607,0.6069364161849711,-0.5695046641743733,26.344453931883535,26.913958596057917,33.25839498999222,346
665923,"Ruiz, Esteury","R","71.2966239",36.32873299524629,15.751800205087642,-7.844614842574752,0.389952153110048,3.2514802326071877,31.487276793960365,28.235796561353176,27.719827078549738,418
691026,"Winn, Masyn","R","71.295843363",28.43697869890512,5.7863640975598125,-0.5627149944926044,0.43003851091142486,0.5187501072289805,33.555685736862806,33.03693562963382,24.43456891949012,779
641487,"Crawford, J.P.","L","71.287449364",33.21368727329707,7.029993336214051,-1.9965193489223243,0.4580924855491329,4.610715986713749,38.47151780604228,33.86080181932854,27.135634109984192,692
805808,"McGonigle, Kevin","L","71.232725334",36.45118100537869,15.362687387042586,1.1654454938068117,0.5018552875695732,5.739303556901474,34.90453944445929,29.165235887557802,28.256517331321152,1078
682177,"Schneemann, Daniel","L","71.212802187",33.12172978791459,14.374611698670277,-0.5785426894501193,0.566600397614314,3.1228652916203132,35.10409656189255,31.981231270272232,24.254987039273942,503
609280,"Andujar, Miguel","R","71.18961455",26.01530449481112,7.255079271651079,-3.8934568676364347,0.5819861431870668,5.2314691930027335,33.34384208874684,28.1123728957441,30.602655478720877,433
668715,"Steer, Spencer","R","71.171335254",28.881519732959642,13.336065056013625,-0.33897123720316613,0.5891980360065467,1.9493056030892437,30.095320532205175,28.14601492911594,25.799161609467443,611
694378,"Gonzalez, Jacob","L","71.164276204",28.7551432994677,8.6488206022415,-1.1433827695259342,0.5625000000000001,3.326618422238305,31.520418012913474,28.19379959067517,27.140628919642694,432
667472,"Myers, Dane","R","71.154848309",29.54414413510407,8.398114761527905,7.273284155334906,0.5195876288659793,-7.356075230291789,26.49416364629444,33.85023887658622,29.206688591413794,485
682641,"Matos, Luis","R","71.108372821",24.97933561303634,7.412511990703618,-7.274240026664896,0.5897435897435896,8.690642509863222,32.15392439008459,23.463281880221366,25.57564605352549,39
664761,"Bohm, Alec","R","71.107049841",29.980758939249124,5.081051126787885,4.543718358773624,0.45908607863974493,0.1525369516813611,25.62572039728807,25.47318344560672,29.782064446805258,941
681230,"Murray Jr., BJ","R","71.086169545",39.41281616610795,12.410186654689756,-1.3648377865061008,0.5454545454545453,-3.0488828431663193,30.720005631147032,33.76888847431334,28.270901729421183,22
694376,"Whitcomb, Shay","R","71.08524788",28.414575945591046,10.715542627222533,-0.8098631110648853,0.6684782608695653,-2.4502173481515244,27.90326095951336,30.353478307664894,28.830542136808894,184
596103,"Slater, Austin","R","71.077563136",34.899835098812495,12.347756743477788,2.474278150636913,0.576271186440678,0.24893896223831755,30.74306621789835,30.494127255660032,26.080995233036294,118
676439,"Feduccia, Hunter","L","71.071591789",33.54209221072357,11.218364446274276,-3.146017070797767,0.5257452574525746,7.576534263919418,32.352354586605735,24.775820322686318,25.791691076225504,369
694410,"Groover, LuJames","R","71.061923377",33.405135272721616,8.869299467403518,-5.9137709860245575,0.5194805194805197,5.8588172762676,33.00990325298991,27.151085976722307,29.435372139385027,77
656976,"Smith, Pavin","L","71.025111443",29.61367810014117,10.22163563522398,-3.0017089229619645,0.5670103092783505,-1.5006109894821638,28.096749190401184,29.597360179883353,29.951800054951644,194
675659,"Jones, Greg","R","71.007872903",32.63786334899268,6.262869252312688,11.059701011850011,0.4516129032258065,1.5835955232719048,24.57820114404561,22.9946056207737,27.20858176958792,31
600869,"Candelario, Jeimer","R","71.005341",33.72512152319696,14.58560587097429,-5.959973680164923,0.5000000000000001,3.2876253259872894,30.675991568458866,27.388366242471573,26.99854676572515,40
670770,"Friedl, TJ","L","71.003461376",28.463192235157784,9.762898396328694,-6.336908241963381,0.6348314606741573,8.195527422709436,39.129995441054874,30.934468018345427,23.894477647494224,356
663697,"India, Jonathan","R","71.00319939",32.52415153565655,9.706636232399534,-6.4594306946111475,0.5609756097560976,-0.43904577469724937,30.97712897185862,31.41617474655588,27.26676484838288,82
701807,"Benge, Carson","L","70.99817334",34.32070373549649,6.714582713522041,2.4429488257500296,0.414656771799629,6.182400549250538,34.337924676120544,28.155524126870013,25.941138686584615,1078
805347,"Jarvis, Jim","L","70.967601214",28.220511726743702,4.282561815954885,-1.4426254436182924,0.4508670520231216,0.0641076902746533,28.721870646267234,28.657762955992585,25.571111599017073,173
656413,"Fairchild, Stuart","R","70.967086389",35.95201143151268,19.698628367631706,-11.864738924304207,0.5277777777777778,8.799245959187528,38.469834667003134,29.670588707815607,23.91517177150408,36
543309,"Higashioka, Kyle","R","70.964737816",32.99430099363192,12.701705777894576,-9.385477513243094,0.4914675767918088,0.08474076302158892,30.628592166236242,30.54385140321464,23.302773472987983,293
656775,"Mullins, Cedric","L","70.951719391",29.920945542214277,11.839895227249478,-5.090152252648707,0.6367980884109917,-2.2341100660400475,28.155977432698492,30.39008749873855,25.125762009417286,837
596115,"Story, Trevor","R","70.945426598",29.65877124761474,10.752708058799003,-2.642454472338641,0.47745901639344274,9.47213846884857,34.86867520933234,25.396536740483747,30.01497344552293,488
605170,"Caratini, Victor","R","70.903120473",34.79090483932302,11.778943949247868,-1.5832458652957757,0.5345454545454549,6.052634242447491,36.064771289789796,30.012137047342307,23.627256451276004,550
677008,"Kjerstad, Heston","L","70.902080313",36.81971847487874,13.799875786287396,-0.14076446399116405,0.4375,-1.5227603460337784,29.46636800635235,30.98912835238613,27.828446813206074,32
545121,"Vargas, Ildemaro","R","70.90029249",22.86807732565167,5.715120074804929,-4.935697204176804,0.5239398084815321,12.858125699817133,27.942170082692734,15.084044382875604,24.902991227725817,731
666931,"Oliva, Jared","R","70.8888775",33.914237667862686,10.300794482976317,-3.3492112711628708,0.49999999999999994,-0.8221907225684566,29.037430473502752,29.859621196071206,30.894341320507525,12
683011,"Volpe, Anthony","R","70.884776523",32.51555659420629,9.723089202107664,4.812275060874726,0.5634517766497463,-3.5817241680024874,24.99306529859971,28.5747894666022,28.262147931164748,394
679822,"Foscue, Justin","R","70.875692588",29.192592318180136,11.999281801512817,-2.7451815926535343,0.5628140703517587,3.0362160061414825,32.69726936728546,29.661053361143974,28.649949271907005,398
663837,"Vierling, Matt","R","70.867111477",31.42357973708653,8.759082241189198,-1.3701052025394802,0.5822784810126582,-4.660832926367416,31.854953209497996,36.515786135865405,26.570179609016286,474
668227,"Arozarena, Randy","R","70.866468997",26.688257655776766,7.858317161903033,3.1599319319863985,0.5897903372835007,8.20363761050482,29.733131281174316,21.52949367066949,24.255116534212277,1097
661531,"Serven, Brian","R","70.859749085",31.88568090788335,11.90449585798647,1.2961148286039932,0.5845070422535212,7.510371901656887,29.051648629730266,21.541276728073388,26.197020934131384,142
687093,"Grissom, Vaughn","R","70.846660802",34.748359087918516,8.993889248063232,-1.0044376484192714,0.4586070959264127,3.592990480409847,29.88576101376314,26.292770533353295,27.39449260091935,761
693304,"Gonzales, Nick","R","70.83291532",36.53258328180667,8.870313582570773,2.190651247487702,0.47492625368731556,-5.839495597925886,26.353585660144965,32.193081258070855,27.19792311294642,1017
690976,"Freeland, Alex","R","70.828658977",29.973341726144014,8.892746634772672,3.9188089151514127,0.5166240409207159,-0.3259642189267439,30.258284021276783,30.58424824020353,28.476328603775023,391
666971,"Gurriel Jr., Lourdes","R","70.822242796",37.914268763637295,10.70602004199674,-6.969442487374409,0.5106382978723403,2.6434772624861957,31.887510376263435,29.244033113777245,27.822037177015236,329
669242,"Edman, Tommy","R","70.804713447",26.68516802688991,9.679807785512534,-2.755778879069183,0.5871743486973947,-0.6806031203606406,29.7994138689388,30.480016989299443,27.872875681715737,499
676914,"Schneider, Davis","R","70.800639043",32.3009118441983,17.911606097129212,-5.019315648962289,0.47826086956521735,3.358987001727437,34.83999023800645,31.481003236279015,23.952876099994043,230
669256,"Solak, Nick","R","70.790491",25.550396586414557,9.742599344763986,5.380296553988773,0.5,-1.3114980819241202,27.75928777893051,29.070785860854627,27.294556347669605,10
640902,"Pereda, Jhonny","R","70.786849944",29.888479446731434,6.530754864502801,0.8218083787800015,0.4581005586592177,0.15994445701529464,27.31254742510783,27.152602968092527,27.42915090266335,179
805346,"Ross, Ben","R","70.783590513",35.899488342627,13.357490559130014,-4.8781253181869575,0.4358974358974358,0.11597453858274318,30.67749475863209,30.561520220049342,27.12912010677411,39
673995,"Wendzel, Davis","R","70.761064615",26.984278058453263,10.1493048013506,-3.534083967840718,0.6923076923076923,8.387972294213718,32.52716782545924,24.13919553124552,25.08826482648923,13
669384,"Delgado, Raynel","L","70.737501967",33.01869727132317,9.687086077504846,1.0040767594039888,0.49180327868852447,-0.98885772935588,25.830911474374574,26.81976920373045,27.362665993466926,61
656811,"O'Hearn, Ryan","L","70.714998418",31.884294013109493,11.694479403505452,-0.3602752990112017,0.4580467675378267,2.3944552794900864,27.22329541374108,24.828840134251,30.652460519576287,727
663757,"Grisham, Trent","L","70.708871814",28.49487857242963,13.435764064293297,-0.9471795558041352,0.6268436578171088,-7.088051263605733,26.195135107315377,33.28318637092112,31.39156965540371,678
681393,"Norby, Connor","R","70.707256136",38.98233668665486,16.55538251512042,3.8255613926765233,0.41818181818181827,2.7309790658441044,30.820836035971784,28.08985697012768,25.89363276731716,660
663647,"Hayes, Ke'Bryan","R","70.696101433",26.54381279385937,5.510986215835909,-1.4846545055407498,0.5454545454545453,4.443158803621606,36.456567970927935,32.013409167306335,27.1294726840333,363
695391,"Harris, Brett","R","70.693689296",28.574600498552627,6.396915985216729,-0.07122845060782244,0.4788732394366198,0.31825964387287126,22.830763849027424,22.512504205154546,24.5308746687474,71
669398,"Workman, Gage","L","70.682596951",42.09807309987349,13.17900692492137,0.7896431130742748,0.4024390243902438,-1.0542032843440945,24.358812869515326,25.413016153859424,27.33527276030413,82
571771,"Hernández, Enrique","R","70.673338188",29.493452601608308,9.164244191949733,0.16605824889320436,0.5249999999999999,2.3924399357382886,30.57822845083753,28.185788515099244,31.965950486145555,160
686469,"Pasquantino, Vinnie","L","70.631307157",29.491292020917463,11.775873259295608,-10.091949234642339,0.5861635220125786,2.8183598174542714,32.1641606392201,29.345800821765827,31.503676461485163,795
668670,"Rogers, Jake","R","70.626618189",30.35419408572288,16.417233582808304,-3.306825287760247,0.6496062992125985,2.9138051996844534,32.98237831118401,30.068573111499568,27.075866817689725,254
606115,"Arcia, Orlando","R","70.623119867",24.63278142982862,6.4751427104787975,-1.0172145752175679,0.5599999999999999,0.6460406147417561,29.91581890389781,29.269778289156054,25.761701208424373,75
664068,"Kingery, Scott","R","70.614314286",37.810168199684846,18.576300812609166,-10.884164592259543,0.7142857142857143,3.7856264787850606,35.73801898023873,31.952392501453676,29.158750472756797,7
668939,"Rutschman, Adley","R","70.609685297",33.4171878982218,7.387271855485752,-2.835005957354976,0.4554455445544555,-0.6463577289272483,27.138435233125886,27.784792962053128,26.097668509762965,606
703492,"Morabito, Nick","R","70.6062385",33.91303519102261,6.459678813206471,7.046742970119919,0.31666666666666665,-7.715503073757372,21.629102828222667,29.344605901980042,27.275538084983822,60
663886,"Stephenson, Tyler","R","70.595530199",37.611496495542205,12.661793126423273,0.1500127755469938,0.5452127659574469,2.8283535475640846,30.58170284430766,27.753349296743586,28.452299374456672,752
608348,"Kelly, Carson","R","70.588238914",32.950602269672096,10.275361174668504,-4.626413047863618,0.4796380090497737,-0.5326118053085475,30.255885857296832,30.788497662605373,29.292970454328376,663
666126,"Cortes, Carlos","L","70.58118005",26.11535874402807,6.973269107973743,-1.0647757418196895,0.4344941956882255,9.190356153254076,28.99755861909421,19.80720246584012,31.37516624355625,603
702616,"Holliday, Jackson","L","70.558466861",32.46030830096569,9.409673528730357,-0.27059007443487576,0.5375939849624062,3.22483141243746,29.20628119640042,25.981449783962944,24.760244242468648,532
671289,"Freeman, Tyler","R","70.539777524",33.92691762111989,2.716084410956602,0.22346809590054909,0.30896226415094347,0.04538092407742223,29.460055216739136,29.414674292661722,29.366105622208917,424
457705,"McCutchen, Andrew","R","70.534003972",36.004727730021884,13.830614549147175,1.9157556553346125,0.5390070921985817,-4.814898981811457,25.804566932320686,30.61946591413214,28.95816166650183,141
628451,"Ibáñez, Andy","R","70.511407447",29.869372287954135,10.01485523575253,-10.168039382387512,0.5319148936170213,4.8219955645882155,33.082872827261546,28.260877262673326,25.34186011109474,47
650559,"De La Cruz, Bryan","R","70.505267432",38.5754824113855,9.901618278835745,2.575663842474357,0.4324324324324324,0.2857073714880514,26.766047149240396,26.480339777752334,27.25091456804824,148
642851,"Wynns, Austin","R","70.490578333",34.842428366436764,12.206813910939479,-4.854171013252329,0.4807692307692309,6.701224957844771,33.720483885558004,27.019258927713228,28.446534517740464,156
673962,"Jung, Josh","R","70.460891485",36.860660365765746,12.145380332319052,0.6875985700055073,0.5691176470588235,9.93450842664949,31.331576269905447,21.397067843255957,25.29701547401999,680
683734,"Vaughn, Andrew","R","70.442986049",29.378752265294295,7.749474978597746,-1.968392530560174,0.5044642857142858,-2.0474228053200965,29.65988911210177,31.70731191742187,28.824864190107522,448
669707,"Triolo, Jared","R","70.432052633",37.744104516669374,7.426777597779701,-0.1819008779363427,0.47348484848484845,-5.328765289893066,26.14297729662498,31.471742586518037,26.454998413226125,528
663368,"Perkins, Blake","R","70.430577133",29.700073123253304,9.32853677860708,0.8307186635629956,0.6466666666666667,-1.3348600778928317,25.760262435749194,27.095122513642025,29.764500395037654,150
602104,"Urías, Ramón","R","70.427999808",27.21883736054097,12.203972037357417,5.314255190537268,0.7756410256410255,-1.331379026464764,28.39503108113258,29.72641010759734,28.292891882930352,156
805999,"Ewing, A.J.","L","70.411192523",36.62263295920824,9.511554913322126,-2.027496826268529,0.40797940797940796,8.552499052157502,33.21768097326944,24.66518192111194,22.965178883373596,777
680474,"Schuemann, Max","R","70.402333333",30.90426214861648,12.392610330157957,-5.4958093883367,0.5396825396825399,-0.8315042598504918,29.48000807208955,30.31151233194005,30.64051710976918,126
644433,"Tromp, Chadwick","R","70.352167765",27.862079764714075,12.295792904995034,-10.315546920145625,0.5647058823529412,3.306286721379479,31.919887035246532,28.613600313867053,28.30802552951656,85
670097,"Short, Zack","R","70.328213925",34.18248293380719,14.0407040229382,-3.695028906094271,0.616822429906542,-0.7189821206469021,35.2478002078235,35.966782328470394,26.598094109341368,107
666018,"Aranda, Jonathan","L","70.281641439",34.92629526311906,8.339548653698909,5.027489342464338,0.5300546448087431,-0.015668248052711033,26.39396423819678,26.409632486249485,29.75916518553472,1098
665804,"Amaya, Miguel","R","70.235776586",34.44485785648729,12.440016547725389,-7.030232476169428,0.5690072639225182,-0.14337723813501832,27.205224387443653,27.34860162557867,28.553239906013935,413
682997,"Callihan, Tyler","L","70.233019409",34.17503439234245,12.526942382646045,-6.793416283391169,0.3990147783251233,3.3204864466854884,31.45112150617692,28.13063505949144,28.305558691615026,203
665506,"Pache, Cristian","R","70.227948889",25.63275660001084,2.5671258230028995,8.815544701149761,0.27777777777777773,-8.356868974882246,22.634249810685038,30.991118785567284,30.166152251529695,18
664059,"Haggerty, Sam","R","70.225228267",31.222979799727987,6.377227364574127,-5.346554021867529,0.49333333333333323,7.8243944079478975,29.163514503430047,21.339120095482144,29.620143212889104,75
645305,"Sánchez, Ali","R","70.208982794",32.431355905225566,10.958688735391876,2.529005467171321,0.6102941176470589,2.977239183771797,30.781340457450295,27.804101273678494,28.536002342890566,136
692216,"Kayfus, CJ","L","70.208144314",36.416183393506095,13.059088273577494,-5.927191344875984,0.37254901960784315,2.3467184555865157,32.37122558235387,30.02450712676735,21.446291063241397,51
668800,"Knizner, Andrew","R","70.19603536",24.35944733088772,9.436654981531154,-4.893196762524558,0.616,8.112006492565307,35.423098641667664,27.31109214910236,26.239518770378805,125
620443,"Torrens, Luis","R","70.190299013",30.605300310429044,7.2265751861039025,7.622155279197844,0.5147058823529411,-2.8107055961154486,24.950825000578906,27.761530596694342,30.19423692997127,476
686797,"Lee, Brooks","R","70.181328374",30.93578630338372,11.80040584790456,-6.357457513497807,0.5707762557077626,5.47704850701518,31.031766628107384,25.554718121092197,28.585024145797103,1095
690022,"Ritter, Ryan","R","70.180056364",36.695937326858285,11.37806041909227,4.050589739785523,0.393939393939394,-2.2602008868534416,25.807710667642848,28.067911554496288,27.159773231938104,33
641680,"Heim, Jonah","R","70.178102764",27.248597833367104,9.216937958362317,0.07367282375776112,0.5414634146341463,0.20274456097988594,29.54207112642332,29.33932656544343,30.58936807597156,615
608070,"Ramírez, José","R","70.174930319",31.18943131092442,9.289385917679507,-9.049660749095779,0.5820045558086561,2.371191365738926,32.71650308221788,30.34531171647896,22.427549510828552,878
608841,"Meneses, Joey","R","70.169522069",32.065731208593334,9.39316751687196,-4.973305346862041,0.41379310344827586,-2.626098009797374,29.890809520086506,32.516907529883866,27.89326380673869,29
691720,"Karros, Kyle","R","70.167013152",38.060604361718426,7.62217661409469,-7.246672782749619,0.4281729428172944,4.703537210704343,27.692520162801678,22.98898295209734,27.346420099174797,717
805300,"Marsee, Jakob","L","70.154974246",32.286363726932336,6.8299645962017435,-5.190420281602449,0.4571773220747889,2.5251253438278902,33.31488791045105,30.789762566623153,27.87024226731212,829
687859,"Johnston, Troy","L","70.145908762",34.401805246265546,10.507757648396252,-1.6955585927794294,0.4387617765814266,0.12753509251641898,34.13231001217939,34.00477491966297,25.669952875453184,743
668930,"Turang, Brice","L","70.106165146",35.61665766673326,8.56812711219784,9.38762530906347,0.4892018779342724,-0.08920194655045881,31.29063554481912,31.379837491369567,25.15395922980258,1065
518692,"Freeman, Freddie","L","70.102391326",42.51415057154277,7.667048382195422,2.7408004741977,0.4296235679214402,-3.942301165840172,25.796769903441373,29.739071069281543,31.064188448065863,1222
680737,"Helman, Michael","R","70.082507736",29.237480792133542,12.164726804237553,-2.7659056577280756,0.5849056603773585,-2.0351759737147095,31.374417585618527,33.409593559333246,23.62924531289245,53
647304,"Naylor, Josh","L","70.070891741",29.486030800368273,7.144754566563455,-6.336144931851139,0.4419551934826883,-1.5087455260373113,25.5003020396854,27.009047565722714,25.05091279599716,982
678009,"Meadows, Parker","L","70.06977697",29.992939454933932,6.59576969048865,-2.6005246402392093,0.4545454545454546,3.281887685832846,33.18687279708567,29.90498511125283,27.737260623678733,66
623205,"Velazquez, Andrew","R","70.055122105",33.43499138511093,13.838536012410364,0.6666128101340836,0.47368421052631576,-4.948257557207867,25.747416869564347,30.69567442677222,28.589740470406884,19
643217,"Benintendi, Andrew","L","70.031175809",30.88305014929637,16.602466844372934,-6.889645530835048,0.5330882352941175,7.615310208910774,36.48591845176322,28.870608242852427,23.214863961026776,816
643376,"Jansen, Danny","R","69.98586349",29.357969586595175,14.84785662041782,-6.893272857789811,0.6070381231671554,13.368647242754516,35.98091449734599,22.612267254591476,29.5811154907011,341
680577,"Keirsey Jr., DaShawn","L","69.985771",33.08109594427396,4.01923972522145,9.21737298872931,0.5,-7.647303364898131,25.224570312435223,32.871873677333355,26.974825524329187,10
665861,"Rivero, Sebastián","R","69.974327143",33.61736088735167,7.558126756355019,-2.178801906897548,0.4537815126050419,1.484190805058592,29.419152754936473,27.934961949877877,26.71944407158891,119
806956,"Salas, Ethan","L","69.895915873",30.674673727953902,8.28956024115855,3.7327462102968916,0.6031746031746031,1.9054633595371955,31.808789884182797,29.9033265246456,29.830815511039557,63
681082,"Stott, Bryson","L","69.887887049",30.92432277061152,9.86543039004688,-0.6667128400271254,0.5589189189189191,6.374503337628996,32.83169148698375,26.45718814935476,24.395722681319373,925
695238,"Wagner, Will","L","69.886913226",33.41584237596367,2.482314409847182,0.855012126064438,0.35483870967741943,-2.2166704762992473,26.940078666595152,29.1567491428944,27.705861542818162,62
677950,"Thomas, Alek","L","69.880905319",28.12817951392435,7.922866267480692,3.0485893920548945,0.5851063829787233,8.252694607666978,29.461243822802142,21.20854921513516,27.77887163254333,188
806198,"Pratt, Cooper","R","69.880572979",36.57661224840989,6.694863780606482,0.7376523874665899,0.4018912529550826,-1.6848966873357405,30.140065014906533,31.824961702242266,22.61696756601273,423
691011,"Romo, Drew","R","69.869240511",33.89767379332266,13.19498927181624,-11.388709004918592,0.4894894894894895,9.986196700409119,36.09886184585651,26.112665145447398,25.354362919947825,333
641355,"Bellinger, Cody","L","69.864341797",34.234985119029766,13.800601390882138,-1.6005218677023794,0.6154721274175201,-3.522906434600383,29.88366329905282,33.406569733653214,21.529227764796424,879
669257,"Smith, Will","R","69.856649155",33.92334252650054,12.35701518079804,2.263353000327303,0.6575342465753424,-2.7813987325528675,29.651249756363217,32.43264848891607,28.35468776742569,438
666023,"Fermin, Freddy","R","69.840348929",34.13540197102883,13.513875616009411,-4.608935683362768,0.5398633257403189,4.533614804210536,31.451868162846583,26.91825335863604,25.81962997035487,439
700932,"Manzardo, Kyle","L","69.822623161",37.58260294595517,17.946456715609592,-0.3341487563075905,0.49584026622296185,11.786489139948124,34.933098864105055,23.146609724156917,31.44380667864667,601
666182,"Bichette, Bo","R","69.815160157",38.13178779328818,2.6277107535063977,2.6056209657139724,0.2907742998352553,-1.9266775215461303,25.62257163755103,27.549249159097165,25.416929967022,1214
690984,"Halpin, Petey","L","69.805362275",34.2421839549128,9.066903110126546,-0.14041057286305736,0.5000000000000003,-2.0724865819122806,30.669048511950596,32.74153509386287,23.32315831714707,334
695508,"Cauley, Cam","R","69.804384045",30.896254075055772,11.009885758462012,6.390345215885552,0.6179775280898878,-0.723420759742762,29.815322056909523,30.538742816652288,29.847843144644937,89
677587,"Rocchio, Brayan","R","69.771189848",28.869586653794627,9.248689387366868,-5.887907847829094,0.5060606060606061,5.850465469744602,32.33891420642641,26.4884487366818,23.42537535239063,990
669208,"Bliss, Ryan","R","69.768816316",30.067582512528844,8.213759797432745,6.408671380495822,0.5263157894736842,0.8425348255650245,23.268033463008866,22.425498637443848,26.23038377951923,19
608324,"Bregman, Alex","R","69.766622298",28.080850863293374,14.024357146889372,-5.500908631470101,0.6640701071080818,1.9773735410562006,32.25885365830243,30.281480117246232,24.901677479282455,1027
814154,"Bandura, Scott","L","69.761452034",33.102535235267446,6.236004377592865,-1.663762127787963,0.5084745762711865,4.9343004551774845,31.973041797854776,27.038741342677298,28.449074362507027,59
571912,"Maile, Luke","R","69.76017194",31.592271038331095,11.976112742015612,-3.5401740001596522,0.5373134328358209,6.906135966801198,33.38980381503735,26.483667848236134,25.109027584131724,67
687551,"Gilbert, Drew","L","69.734891296",28.092539932094926,5.121329975758255,-3.7464886308615735,0.4220665499124344,-2.4927255319049775,28.116772542263444,30.609498074168414,29.962291293763332,571
671976,"Peters, Tristan","L","69.72718581",29.967947888716463,13.69745277315379,-3.9372151608927624,0.5611866501854141,4.615776496640395,30.736562639950904,26.1207861433105,29.654446067757906,809
702176,"Roden, Alan","L","69.723283182",30.222344209370007,7.701335832377104,-0.9516898231813774,0.4848484848484848,1.3597452706828324,31.64713858100517,30.28739331032233,28.635813010056673,132
642020,"Robinson, Chuckie","R","69.706600976",30.4067073011675,8.591440062433813,8.397007127782153,0.5365853658536587,-8.695445848777808,21.564411501254344,30.259857350032153,29.331109543054154,41
683953,"Bazzana, Travis","L","69.704731681",33.95938017403014,10.479289447691306,-1.8291226020214482,0.5018270401948843,3.3907690408617492,33.94659443302424,30.555825392162483,26.76753370148681,821
695731,"Montgomery, Braden","R","69.679811367",32.070661244925205,7.952261055658436,5.075301573809823,0.49517684887459806,5.672612740169622,28.79468626683677,23.122073526667158,26.756483731443694,622
807713,"Shaw, Matt","R","69.666303269",28.2813937750996,10.568366269882294,1.1074466118382384,0.6153846153846153,-1.2530350094240323,30.012567348428153,31.26560235785219,27.662181291675935,312
592206,"Castellanos, Nick","R","69.661222983",40.6906260884967,15.647541635077399,-7.666726003039314,0.46218487394957974,3.159044776393084,32.305509325176295,29.146464548783214,28.70766929614103,238
605141,"Betts, Mookie","R","69.658476188",33.45810573446728,8.34459553634969,-6.089892591493762,0.5782608695652174,6.874318770972849,33.43565495639853,26.561336185425688,29.867487973983973,690
682877,"Brito, Juan","R","69.651062477",31.828836030534703,13.100554918649406,-6.650597501932373,0.6146788990825685,3.7735129706426274,33.40895367669274,29.635440706050115,26.93614352307451,218
803011,"Antonacci, Sam","L","69.640086106",38.744641022024695,7.702199583453562,7.381526458890851,0.4729729729729731,0.8244015414453898,31.178209036340338,30.35380749489495,24.281720479362352,814
701675,"Church, Nathan","L","69.62399496",32.45995763778611,5.749294183163157,0.6173249993922173,0.3999999999999999,0.5333891581873705,29.976649535511243,29.443260377323867,28.204986182564884,875
696285,"Young, Jacob","R","69.613620891",30.496416432436305,12.246575116891513,0.16403650093519212,0.6148036253776434,-2.21913949896938,28.135364490128836,30.354503989098216,30.80301491092382,662
641555,"Escarra, J.C.","L","69.6112055",28.25643334640862,10.087622773761217,-7.2334595969541935,0.6,-1.868525986833097,31.603011259277377,33.47153724611048,30.27977051393924,140
655316,"Monasterio, Andruw","R","69.593845872",33.753708921169675,11.004140065961316,-4.26045172974525,0.5647999999999999,5.10591336096314,34.26528897834425,29.1593756173811,24.937805104385497,625
669699,"Shewmake, Braden","L","69.580613899",26.99985459335701,11.057588283104444,-0.14476617346985882,0.6981132075471698,-0.3532638076081885,28.837791731444412,29.191055539052602,31.51843427446762,159
691783,"Lawlar, Jordan","R","69.542762714",34.99575313542108,15.70687419954005,-4.568158752436916,0.5904761904761904,6.012553222075937,31.38998854822982,25.377435326153886,26.893339334676057,210
593871,"Polanco, Jorge","R","69.529663333",30.57237510366271,7.259687564451469,-8.725826305117394,0.5244444444444444,5.314987228113738,29.220451227409526,23.905463999295783,28.166053001642993,225
678882,"Rafaela, Ceddanne","R","69.513704007",32.357768087201606,8.66859871837794,-0.3666562905874027,0.50749063670412,0.40800455049720313,30.203060285299344,29.795055734802144,25.53678269387082,1068
693409,"Prieto, César","L","69.428361176",30.161092282739357,9.188039938147266,0.6887450172866615,0.6078431372549017,0.10598156987641119,28.754576682169038,28.648595112292625,25.931950191727243,51
810938,"Williamson, Ben","R","69.42561806",28.970756823197043,2.7225465504112853,4.660575640604396,0.355721393034826,-1.1545722639984537,27.903333953734904,29.057906217733358,31.294175198500053,402
683679,"Rodriguez, Jesus","R","69.369200521",34.78825495735713,7.101133141774928,2.3109739030663037,0.44791666666666674,-4.5876619945532475,28.403469248478366,32.991131243031624,26.0632781303215,96
672569,"Campero, Gustavo","R","69.358936538",31.802121482168058,12.06564106494799,0.19106323985303497,0.46153846153846156,1.2804627412949536,30.228872739724785,28.94840999842983,23.34855176454177,26
694224,"Gonzalez, Gabriel","R","69.357491429",31.776317632097832,2.714425821511016,6.722676985712315,0.1904761904761905,-4.770909417035616,22.944509682648143,27.715419099683757,27.775016419839858,21
669326,"Teodosio, Bryce","R","69.354099835",32.29552384917091,7.301757014260543,0.7419228139497647,0.42148760330578516,3.6539878816308193,29.357720878129623,25.70373299649879,27.767638707660005,121
650968,"Pozo, Yohel","R","69.348463675",28.467103399875977,7.230081316817102,-2.237222037393355,0.47008547008547014,6.1199669328947826,29.13218790595732,23.012220973062544,28.964101563187374,117
683766,"Koss, Christian","R","69.337597614",27.02451713254869,10.377353054887086,2.6820650992479593,0.5795454545454546,-0.6254883107819438,26.414551388774335,27.040039699556274,29.10432588163746,352
691594,"Sanoja, Javier","R","69.329764834",22.64584341919767,5.069030063187788,-6.901104873431474,0.5193075898801597,9.637727285403518,30.847237810760298,21.209510525356773,26.01215042611386,751
687231,"Hernaiz, Darell","R","69.302668603",33.31391922943347,6.412853007042592,-1.1597162403023438,0.4301470588235294,-1.956602081035548,28.170192895406302,30.126794976441854,27.2696229512966,272
695720,"White, Tommy","R","69.279853739",32.3975106309557,8.738162023282324,3.79501019301937,0.6057971014492756,5.306644605787122,28.152857814918452,22.84621320913133,22.77084762144901,345
666152,"Hamilton, David","L","69.277881648",32.69179424222196,6.153317901673185,-1.6184462140476634,0.401098901098901,6.08481495047772,28.62783947826175,22.543024527784038,29.855558768569562,546
678391,"Vivas, Jorbit","L","69.271480555",32.28636473065434,6.229688322988648,-3.4138719887730313,0.4246100519930676,-3.61874105478656,29.83292023948746,33.45166129427402,25.45082830947736,577
680700,"Palacios, Richie","L","69.266578203",26.223870064456484,7.579447970078918,-5.181500642026973,0.5294117647058822,0.30355867086565247,32.11293105773938,31.809372386873736,25.474295103594727,629
624512,"McGuire, Reese","L","69.261563125",31.006689225191636,10.537396324910286,-4.154988337156619,0.4166666666666667,-1.6853340877231,29.585523245232345,31.27085733295545,26.632678161895868,48
702222,"Crawford, Justin","L","69.246350882",29.007216582660465,3.3257228847770013,10.386435927004172,0.390402075226978,-4.665613939539793,21.697716030177762,26.363329969717558,33.91361687365705,771
695490,"Arroyo, Edwin","R","69.231928057",35.796298246341024,14.049131695555644,-4.89414481250031,0.4487632508833923,-2.2354604120724266,29.52767663769013,31.763137049762552,26.31315587801408,283
702332,"Durbin, Caleb","R","69.230617189",29.46353068399332,9.89434366607631,-1.3833654189245213,0.6209677419354839,-1.4189272287761485,29.354335460899993,30.773262689676137,26.039523382984868,868
701649,"Triantos, James","R","69.199753",33.58277014128074,6.0836758406359595,8.07219797757193,0.5,-8.482833786724719,20.381462452907886,28.864296239632605,28.872629496132852,10
640492,"Azócar, José","R","69.187593438",35.55227857148053,5.790990304821019,-4.213998058558612,0.3125000000000001,1.654427002199164,29.979522371138277,28.325095368939117,28.10617432709485,32
695670,"Ford, Harry","R","69.178240564",36.009695177491245,14.27220877989244,1.3109347759503225,0.5128205128205129,9.64611907201486,37.514134229300446,27.868015157285576,23.358356024929193,195
807712,"Keaschall, Luke","R","69.172420808",37.408786667978596,10.707644739322912,-4.867740892140693,0.5079559363525094,7.960943252583261,33.632431306320555,25.671488053737274,26.642456516046437,817
686475,"Tolbert, Tyler","R","69.168805789",28.315273329989274,6.566522077367087,-4.81852883072379,0.4306220095693779,0.9557285663099052,32.90480890461673,31.949080338306814,25.017704741965478,209
686765,"Sogard, Nick","R","69.155162182",32.9757501439007,12.838828727561628,-3.495659146362614,0.5116883116883114,19.743368901032756,38.152831339054536,18.40946243802177,26.563103678447455,385
643289,"Dubón, Mauricio","R","69.143342262",30.516781373948454,3.8873768347699866,1.0403329302583666,0.38504672897196257,-3.5459280079125373,27.656013055099194,31.20194106301173,27.84939501766291,1070
675961,"Williams, Alika","R","69.127779261",36.20657006789454,7.149466994576641,-6.378061080883121,0.44886363636363646,-1.0601647980467412,31.406471971650213,32.466636769696976,26.266932915312196,352
668885,"Martin, Austin","R","69.121257552",38.66950449671789,10.729270010300242,-2.2408566922413717,0.5186721991701243,0.2704882948792221,31.700607273571425,31.43011897869221,26.13667246259033,482
669392,"Taylor, Samad","R","69.120172913",36.14078590718126,14.94541747670111,0.030406737987917928,0.5478260869565219,7.100525567039835,30.381789298554484,23.28126373151465,22.712221377253453,230
595978,"Hedges, Austin","R","69.101750253",26.106572357915752,9.403997129580944,-7.013400331903917,0.6207865168539326,3.9261606433399647,35.662263093117275,31.736102449777302,28.55995108506917,356
701852,"Cavanaugh, Drew","L","69.088636174",41.28687613861032,6.361436947072133,3.153196336084158,0.3901515151515152,-0.6801970326175875,26.12424995265344,26.804446985271035,25.874547068963818,264
500743,"Rojas, Miguel","R","69.067209321",29.6644413773828,7.027762118323569,-6.724965081785321,0.4483695652173913,7.677182763399257,36.56834041842666,28.89115765502741,27.8037382856765,368
685133,"Meckler, Wade","L","69.029246774",40.51993981078196,11.982521108899986,3.2676040894461456,0.4623655913978495,17.538363952708025,30.586645623935695,13.04828167122768,24.78406686138128,465
678489,"Barrosa, Jorge","R","69.024311027",26.18877062814165,14.332041086056458,-4.676399552597835,0.5475285171102661,3.7374393402913486,30.731994568148203,26.994555227856846,27.05168172961597,263
801126,"Rodden, Brock","R","69.021760342",31.21702383590324,16.03892802155245,-3.8099231499189146,0.358974358974359,1.4453317479822763,32.71712177586251,31.271790027880243,27.48327891139299,117
700337,"Quero, Edgar","R","68.948030634",28.732254867153543,4.871508325723995,5.550942948399659,0.5013774104683194,-4.48302247321554,26.095324142269693,30.578346615485223,29.494021521805532,363
669397,"Allen, Nick","R","68.93769607",26.31676244249477,7.161004978028061,-5.614460871085142,0.6069868995633187,6.887868763433524,34.262123086135006,27.37425432270147,26.86379351485677,229
660644,"Bruján, Vidal","R","68.930750556",27.660239201146922,10.8018121540485,0.7630791958097445,0.6666666666666669,0.5922709307287384,30.41091820993406,29.818647279205326,27.833438229778608,18
664954,"Sullivan, Brett","L","68.870336527",29.82346196018621,8.204232048089532,-7.437113641288627,0.5798319327731092,0.6821074608010713,31.864645410988565,31.18253795018749,28.503734858181495,357
642086,"Smith, Dominic","L","68.85842626",31.103610607155883,8.447857707267513,-4.638939036260569,0.4898373983739836,3.225948406478525,35.82136276874423,32.59541436226572,26.383360949606896,492
679845,"Loftin, Nick","R","68.815908032",31.001035060457937,8.798580154607219,-6.8355242204672155,0.5265957446808509,3.92425421122651,32.51375500358985,28.58950079236334,29.04042620192797,564
676609,"Caballero, José","R","68.815348719",31.00606419234656,10.062026036821354,-0.35133000410557996,0.5199004975124378,15.572249803655204,33.11742081325481,17.54517100959961,23.866256012687362,804
691182,"Amador, Adael","R","68.812631402",28.20879225361724,2.4433053782244802,-1.0660178795523974,0.39024390243902435,4.286712241669693,32.07050748850538,27.78379524683568,24.634320877125315,164
645277,"Albies, Ozzie","R","68.800024798",34.8689020405255,12.467738883914143,-5.579481962985725,0.5725806451612903,3.527330781532192,38.01635935923228,34.4890285777001,20.723283252272733,1240
668942,"Rojas, Josh","L","68.743917065",31.278494602775556,10.038532072517786,-5.24563403990784,0.5380434782608697,0.4916880060042441,28.938247912545627,28.44655990654138,29.05448661202197,184
643446,"McNeil, Jeff","L","68.740541853",35.15734256155065,6.763795316297411,-2.73006855238273,0.3900862068965518,-2.8285503598888773,28.319413964589916,31.147964324478785,25.113460135830405,928
691740,"Susac, Daniel","R","68.727809679",38.794514571599045,12.891530004037305,-3.5352132738017468,0.5,6.78364787300738,35.0166074739886,28.232959600981218,29.61603810143625,280
669701,"Smith, Josh","L","68.716994005",34.9922760883622,12.689587321572091,-6.866177035886251,0.43980343980343983,3.0039686202909492,34.185373061852026,31.181404441561067,26.165161915473167,407
813841,"Cox, Jonah","R","68.714380365",35.81085431138019,9.079469671899789,9.943177915192221,0.4927007299270073,1.0641609464770811,26.96484396892785,25.900683022450757,23.644580325280135,274
687462,"Horwitz, Spencer","L","68.698806958",34.62231670294735,9.147128352945572,-1.6300811373597772,0.5023400936037442,-1.9917891334005535,30.291594634895652,32.283383768296204,24.196132141107846,641
672613,"Alfonzo, Eliezer","R","68.689715455",31.950948467497597,7.570668681193837,3.3177984884121736,0.45454545454545453,-8.341074549654568,21.30592308919142,29.64699763884599,28.698217446707815,44
683737,"Busch, Michael","L","68.669724332",34.11331470726704,15.229276380350129,-2.949140843221628,0.49450549450549464,3.5617172750810377,33.37721775512871,29.81550048004768,27.368091275564193,1092
701162,"Malgeri, Ben","R","68.659519905",35.288063699996485,7.175163744907837,5.043256590255424,0.3571428571428572,1.4409170837117016,28.12217073935496,26.681253655643257,25.91002396794947,210
664702,"Straw, Myles","R","68.613543782",33.57100431294425,7.109200010389102,-2.7497053982532553,0.5197215777262181,1.523170278362563,29.60083363913541,28.077663360772846,25.125216381595415,431
514888,"Altuve, Jose","R","68.608864061",27.895360607252307,13.780878402982932,-1.6534827179450662,0.5466351829988193,15.252929628008237,27.697082864778636,12.444153236770397,32.614240607776445,847
699115,"Jorge, Carlos","L","68.556759195",32.48859920951251,16.036082335014164,-2.218297855259388,0.4827586206896552,1.7426507594282707,30.602167076869282,28.859516317441013,28.544071051452892,87
543760,"Semien, Marcus","R","68.55486817",33.85992366526692,15.088124773845733,-3.194024444432035,0.5843439911797133,2.0307733885386607,29.787762024792926,27.756988636254274,23.048389873502856,907
621493,"Ward, Taylor","R","68.543955654",31.253438417494397,6.669517386072575,-0.36002622092775627,0.47424042272126815,-0.39766354483742883,31.8070058874571,32.20466943229452,26.26023634277871,757
687363,"Scott II, Victor","L","68.543708302",31.01795649996535,7.554342748013139,1.106232599796917,0.44150943396226416,3.3394604924433917,28.786424885739912,25.44696439329652,25.208523398820624,265
665828,"Cabrera, Oswaldo","R","68.530256744",32.14517826272047,8.206262101616227,1.586887096549955,0.4883720930232558,-0.05529942330834281,28.76031046172234,28.815609885030682,27.69265129696181,43
672642,"Berroa, Steward","R","68.507935455",38.088326543364126,7.681015592544683,-3.855841403605114,0.3636363636363636,1.9566866664256677,28.649501404376338,26.692814737950673,27.10780760836428,11
808982,"Lee, Jung Hoo","L","68.450164267",38.81278094559173,4.748735401286689,-4.333349564860913,0.4042553191489361,1.0670500770226856,29.487924100887,28.42087402386431,20.26202420510616,893
624431,"Trevino, Jose","R","68.434703534",23.56685399909566,7.831374828357486,-0.47235004314846846,0.6508620689655172,9.03577948878535,28.603504680299146,19.567725191513798,32.65395680707819,232
643396,"Kiner-Falefa, Isiah","R","68.421865531",30.192747843091766,5.139335935800241,-1.6348657084812404,0.40659340659340665,3.8179268930209105,31.303669134859767,27.48574224183885,26.36760334499205,273
682515,"Porter, Logan","R","68.403365",33.51671319133435,11.16545181567884,-0.5456005648771345,0.5,1.5447512779970323,31.568188380228417,30.023437102231384,26.550535948181153,8
681198,"Rumfield, TJ","L","68.397795269",36.515246810868106,8.893834141955734,-2.1426044041199845,0.44411177644710575,2.5380464395954467,31.676024016986606,29.137977577391162,24.40844701117581,1002
686823,"Brennan, Will","L","68.361984286",29.75641744931308,-2.3547273711602212,3.064618612713521,0.23809523809523805,-0.1203064202889211,27.42458750354189,27.544893923830816,28.29585006931577,42
694876,"Ingle, Cooper","L","68.3435145",34.79325251257269,13.910754605741213,3.4163110057641686,0.37499999999999994,-1.098662816043696,27.893026278012407,28.9916890940561,27.6125453190763,40
669364,"Edwards, Xavier","R","68.342284018",29.656812030877944,5.684828510237951,-0.6372564794213984,0.4515011547344111,8.29172929463817,31.70015152767256,23.4084222330344,23.53907184573828,866
683083,"Nuñez, Nasim","R","68.33172951",31.807017209965128,5.115129992275758,6.101113694543277,0.420854271356784,0.4983935407923124,28.686475871424733,28.18808233063242,29.026250722610964,796
663538,"Hoerner, Nico","R","68.320739971",32.622950727331116,5.612048664071947,-1.2081981764231278,0.4555125725338492,-2.6408401466142646,25.679736742924216,28.320576889538486,28.952115607736875,1034
686217,"Frelick, Sal","L","68.318307752",27.6044769316825,5.47931001746542,0.8319950940767008,0.4651162790697675,-7.9317857254214665,24.381635503801828,32.31342122922329,28.208814803530885,516
689414,"Hicks, Liam","L","68.316025965",32.080214022069114,7.588237334501243,-6.352312106985286,0.48927613941018766,1.9208389240174144,30.55489181627312,28.63405289225571,24.14163785796242,746
669289,"Espinal, Santiago","R","68.304278298",34.432930453296464,9.744945682678107,-0.7262797140473759,0.6276595744680851,-2.5557878887263747,32.17153792785346,34.727325816579814,27.93182043623386,94
680977,"Donovan, Brendan","L","68.282186907",29.4173296758558,8.5716541686328,-0.5714248025026942,0.5889830508474574,-1.567285715000273,24.896909646156573,26.46419536115684,28.615926356742055,236
665926,"Giménez, Andrés","L","68.253531865",32.27528666009917,9.929195553940572,1.603464305687091,0.5094339622641508,3.807489083002597,29.81852819373456,26.011039110731975,28.140480975482753,901
670764,"Walls, Taylor","R","68.193616922",32.75978056760502,12.972114917510906,0.017304584629592334,0.6156405990016639,-0.04473100572056558,28.76842078075879,28.813151786479352,26.575150738150683,601
650402,"Torres, Gleyber","R","68.141449431",34.734297716205326,8.407903957626717,6.850752539453822,0.5389221556886228,-2.949633214140343,28.713306783133888,31.662939997274226,26.75843607195646,668
686452,"Millas, Drew","R","68.141360946",32.035075022170254,8.02015705847936,-4.657872782993939,0.41441441441441434,-2.50400006186393,27.970012593122224,30.474012654986158,25.39935821981637,222
694384,"Schanuel, Nolan","L","68.140249378",35.35168385895128,7.676433500815626,-4.179808448289811,0.5023328149300155,4.773145172212393,33.85610203704657,29.082956864834177,23.80341779002363,643
645302,"Robles, Victor","R","68.128593361",34.120971110267824,11.315815501334088,-3.2961058914639323,0.5588235294117649,11.504837586772897,23.9054444322711,12.400606845498215,32.95216278397731,238
811965,"Kuroda-Grauer, Joshua","R","68.089479593",30.402586811850185,5.20193481535598,1.2259578873605537,0.43902439024390244,5.344645280086181,35.15629876372219,29.811653483636,24.707392430312822,123
670156,"Mastrobuoni, Miles","L","68.024396316",32.564047667056144,6.033140836023933,2.6432675337764766,0.44736842105263147,3.9769380698534293,31.858447989724088,27.881509919870656,28.062260343513987,38
656716,"McKinstry, Zach","L","67.984519387",38.06987059470777,7.898092819675121,0.4476303571652978,0.40508221225710017,-1.1959126470007138,27.86401841192258,29.0599310589233,25.078369378497207,669
663968,"Mangum, Jake","R","67.963050553",31.500734990153468,4.637667392158849,9.597779386142413,0.35829493087557607,-8.34311492905477,21.240136294969453,29.583251224024234,29.065039357416648,868
665877,"Fermín, José","R","67.958241495",30.562479594985984,7.483050157775891,-5.2109181990947935,0.6317757009345792,-4.50604696386647,26.755484840617466,31.261531804483944,28.454365687028524,535
682729,"Clase, Jonatan","R","67.949527619",38.01131012995412,4.954547409572333,1.615137377325215,0.5476190476190474,0.5220911500681618,29.554055540181178,29.031964390113014,24.92595476000241,42
666163,"Rortvedt, Ben","L","67.934992564",27.622582145062697,7.812725264053246,1.4230144109326166,0.5384615384615384,-2.367425502074969,29.88051911381179,32.247944615886766,27.068008556425387,39
622268,"Walton, Donovan","L","67.892494989",33.23168742647976,13.466365163649952,-6.025463787973071,0.5099337748344369,5.833785741843658,35.95968208631129,30.125896344467627,26.97315650460426,453
703520,"Bateman, Brett","L","67.875456154",35.30868672778591,6.183408199306064,8.035759345627866,0.41923076923076924,-0.8815863742043015,25.613732001254576,26.495318375458883,29.188549855062444,260
668974,"Handley, Maverick","R","67.778986667",36.13973071993013,22.562185558475544,-15.671455408983807,0.33333333333333337,8.122605608986374,42.13719356393194,34.01458795494556,26.93677953417778,3
660688,"Ruiz, Keibert","R","67.680515496",32.354345901938686,9.865595797461287,-10.497402545446073,0.5725190839694657,4.561813878488526,38.88636465585063,34.3245507773621,25.675167483492608,524
669369,"Johnson, Bryce","R","67.628901806",38.69752671593604,11.044052990862669,-0.7497216851383539,0.3611111111111111,-0.07376422639478579,30.58369576961677,30.65745999601156,25.770475811577235,72
676694,"Meyers, Jake","R","67.506161784",32.4416936262778,8.539994582924939,-4.618386482192316,0.5145228215767635,1.8757624159173802,30.840064636816983,28.964302220899604,30.397153438195666,241
676391,"Clement, Ernie","R","67.303373504",30.1271808322478,11.665379349270045,-5.042735015323924,0.6173096976016685,9.800748735887211,32.85956855083385,23.05881981494664,27.4124381252166,959
672695,"Perdomo, Geraldo","R","67.302043466",38.10130860296395,8.335389158163908,-0.46762807820666713,0.5068062827225132,5.311839609467591,25.441474344173088,20.129634734705498,25.39052034841693,955
683227,"Freeman, Cody","R","67.2286484",24.692534316866446,10.46316862162476,-3.5395044778172378,0.7133333333333334,8.575086542006986,34.996289821922495,26.421203279915535,25.346576386430936,150
670623,"Paredes, Isaac","R","67.165880123",34.28960748992902,14.955733839764434,-12.564944433815464,0.5287464655984918,5.11220985536095,35.94870234096171,30.836492485600765,24.69287398135957,1061
664770,"Lukes, Nathan","L","66.97990748",30.278480423518772,5.86018767153902,9.241575052929386,0.4379947229551451,-1.2365996387681808,26.158643241549544,27.395242880317735,30.08745933955531,758
506702,"León, Sandy","R","66.97671625",36.01927624425979,14.888835237013902,-4.765013880112722,0.5113636363636361,1.188879523949652,33.89774336983679,32.708863845887144,27.495276851352347,88
805367,"Meidroth, Chase","R","66.954146176",30.552425039595818,12.264145617899699,2.4184461135596975,0.5987460815047022,0.9407075905914517,30.58174727110044,29.641039680508992,28.819592023941297,957
678011,"Seigler, Anthony","R","66.912329278",35.48355258212997,10.691531651445738,5.922623107644301,0.585551330798479,-1.7189871670802437,31.088442409176814,32.80742957625707,26.570475719892805,263
687957,"Harris, Dustin","L","66.891426081",38.80325080422643,14.020384029318448,-9.603339820205424,0.4189189189189189,19.43330906199787,36.00537567354984,16.572066611551968,23.823424733142467,222
663967,"Salazar, César","L","66.796591351",32.624098483337534,14.210610835315311,-4.676618540590422,0.5405405405405406,4.1747583801237,32.09004666246266,27.91528828233896,25.347766692113105,37
664731,"Higgins, P.J.","R","66.754575952",30.424907639752043,11.439747938024485,-9.130653269091185,0.5,7.454761172916222,34.92809880489113,27.473337631974903,29.922986301076076,42
596117,"Stubbs, Garrett","L","66.673039808",27.02117571870082,9.431266411157642,-3.94367401190192,0.4807692307692307,-3.9452771212477455,27.936154826981554,31.881431948229306,25.547839938298736,104
808975,"Kim, Hyeseong","L","66.669647581",39.86699220692696,8.08959131830621,1.64904328692557,0.386046511627907,-11.829299935479613,24.188815211725814,36.018115147205414,25.512590526210573,215
681909,"Dean, Justin","R","66.628457368",32.13465378439235,17.04719891020847,1.1674968711991194,0.4736842105263158,1.9948775131191447,33.53289064870943,31.538013135590305,28.183897544348365,19
669743,"Call, Alex","R","66.620713968",32.001500702357156,8.152670981471799,-0.054130251523355495,0.43492063492063504,0.5006131238717842,31.14700274940437,30.646389625532585,27.96522649120685,315
691907,"Cheng, Tsung-Che","L","66.527600299",32.576598747563,13.896110366105876,0.7702917846641726,0.7014925373134329,0.6011254120165552,29.921704464963724,29.320579052947174,27.02108952119486,67
681146,"Bride, Jonah","R","66.462113333",28.42331094178592,-0.7429006407324596,22.4614769680725,0.3333333333333333,-11.390295213773683,18.720629551703496,30.110924765477183,29.51205148460388,3
670032,"Lopez, Nicky","L","66.445716328",26.21836957269584,7.954259188088769,9.162988081450955,0.5912240184757502,8.253834474972681,23.612809770422544,15.358975295449854,30.566400053553508,433
571657,"Farmer, Kyle","R","66.392774848",31.807322373571953,10.405241841087461,-2.45151485911709,0.30303030303030315,4.0623683806558635,33.337038779854396,29.274670399198534,25.688843119400197,33
801501,"Furman, Nate","L","66.210719828",40.105211701005366,12.866038443015592,-1.0497773233108292,0.44827586206896547,0.25841946755332107,31.771200323222722,31.512780855669405,24.723427400305027,58
681190,"Vásquez, Randy","R","66.15199",29.193528967296903,24.172047149498496,-2.3821905782430983,0,9.361450212305613,39.70012182967527,30.338671617369652,22.233063979158402,1
665561,"Marchán, Rafael","R","66.094399202",34.9289603660495,12.649705594421418,-5.578658095735439,0.50920245398773,4.518205361645667,31.710851779856917,27.192646418211254,25.675583572410336,163
663611,"Madrigal, Nick","R","66.036609388",29.60849271171846,3.758445275990948,3.6851680204953987,0.42857142857142855,5.520353605288487,26.239530800918544,20.71917719563006,22.459420862120126,98
663494,"Torres, Bryan","L","65.826798601",32.726468012649484,8.351848009061744,1.068062952763929,0.5384615384615384,-1.5995272244342402,30.355575707919577,31.95510293235382,28.070665545902617,286
669717,"Wilson, Will","R","65.659586667",27.059115512346665,12.14813146663662,-1.3436786459508387,0.5833333333333335,1.227787839652264,27.879191836880413,26.651403997228144,29.494577428128718,12
660844,"Rivas, Leo","R","65.585119608",35.9620061670328,15.844756257600471,-4.238346506958498,0.5343137254901958,3.250450325626169,32.37851079600575,29.12806047037959,23.670563700346662,204
543877,"Vázquez, Christian","R","65.557141051",27.786382226481802,9.66103166102367,1.5695266971684363,0.5957943925233645,3.7252990236348587,32.9079270842331,29.182628060598258,28.023183718803168,428
806367,"Hill, Turner","L","65.267632398",35.91466658466901,9.514109368479176,0.5553909273955029,0.5906432748538011,2.9109055844247895,32.21512559720536,29.304220012780576,27.563899256138043,171
666185,"Carlson, Dylan","R","65.193974",37.97248285623797,10.349310647554509,3.4257979825426466,0.2,1.245802922470385,26.40364005816012,25.157837135689736,26.781316222906113,5
624428,"Frazier, Adam","L","65.170317305",39.47426961296977,11.617050992775894,3.159116552744923,0.46484374999999994,3.648777200974557,24.659899638935553,21.011122437961,22.681862493961383,256
802415,"Simpson, Chandler","L","65.096449784",29.301709196765096,2.9248859069233855,4.617457347507,0.3600508905852417,-4.786991934228904,21.517849980123756,26.304841914352664,30.816285854825935,786
623168,"Heineman, Tyler","R","65.014435639",30.16136417444572,6.5189594950437755,-8.356718746090596,0.45171339563862944,4.9055260272905485,33.85773496993289,28.952208942642347,27.07979908334055,321
683021,"Stefanic, Michael","R","64.767859808",29.41644355010108,1.7497846629746228,8.558114396761532,0.30769230769230765,0.5499979463432169,25.05211442337526,24.502116477032047,27.778276819886617,52
805779,"Wilson, Jacob","R","64.685836853",34.73471020788036,4.582148715403157,-1.4614416503740149,0.3836126629422719,5.051164848042903,33.75816751613293,28.707002668090016,23.82506723189551,537
650333,"Arraez, Luis","L","63.112816358",36.861464577476475,8.601182322273788,2.6851741345680287,0.524829600778968,-1.7330264706337977,33.233463040579636,34.96648951121344,26.09517894281927,1027
680757,"Kwan, Steven","L","62.400990363",36.71082243808251,1.632816045794697,0.526650645000724,0.32040050062578224,-3.5437111128090915,28.10655378527978,31.650264898088878,22.737422203213665,799
807747,"Nishida, Rikuu","L","61.724923714",31.911016089422017,5.597561442157628,12.39218716689497,0.3428571428571428,-5.120786089813261,27.284231627835652,32.40501771764892,27.632869774460662,35
678225,"Bae, Jihwan","L","58.981056667",30.627122727974147,4.416008034453403,15.371971386187997,0,-3.036048290666792,26.25322094479635,29.28926923546314,26.586691407222748,3