"id","name","side","avg_bat_speed","swing_tilt","attack_angle","attack_direction","ideal_attack_angle_rate","avg_intercept_y_vs_plate","avg_intercept_y_vs_batter","avg_batter_y_position","avg_batter_x_position","competitive_swings"
519317,"Stanton, Giancarlo","R","80.605989933",27.933159151255094,10.473117887496025,-4.239624183920455,0.6213808463251667,-0.9861145828943872,25.852147174252988,26.838261757147375,33.790950985378956,449
665833,"Cruz, Oneil","L","78.760265457",33.43894537911421,9.144722881430393,-7.22110122445792,0.4774665042630939,7.502941732817482,35.3297180784092,27.826776345591718,26.72257331859305,821
691406,"Caminero, Junior","R","78.493226724",26.200247924739205,7.986755993892943,-5.301374927990511,0.593978102189781,7.676461870070107,35.90674710656792,28.2302852364978,28.638201642265454,1096
656180,"Adams, Riley","R","78.32054503",34.65160605750735,8.45608695649515,-1.0126566700350008,0.40280561122244485,2.107179471768169,30.63716068815709,28.52998121638892,29.03921036568156,499
691023,"Walker, Jordan","R","78.069257522",31.41535929585457,6.17558193697364,-5.3248204428916095,0.4766763848396502,6.2695041028458265,30.06573997023947,23.796235867393637,31.757730041018494,686
678877,"Noel, Jhonkensy","R","77.800601359",29.12453238799915,6.680551589856095,-5.025818752123012,0.43042071197411,6.728870865832866,35.674992637598606,28.946121771765746,33.49231615312697,309
666176,"Adell, Jo","R","77.605402004",33.82280167591466,8.001014542473161,-5.887228671246095,0.49564375605033884,0.05979581325360475,26.142724573441363,26.082928760187755,28.09564325251182,1033
695506,"Caglianone, Jac","L","77.409733367",28.474347965386777,8.531603092810686,-4.05157584810765,0.4948979591836736,10.972573797632135,32.86034695729795,21.88777315966581,28.979239029995565,392
656941,"Schwarber, Kyle","L","77.325878962",30.31464891739891,14.56177230039101,-5.757232322401757,0.6437994722955147,12.329529627295113,33.40136657927864,21.071836951983517,25.300020349794373,1137
671286,"Rodríguez, Johnathan","R","77.272999919",31.589910548577624,7.34617602711506,-2.5985974402848435,0.2926829268292683,5.147732473881789,34.823201183645715,29.67546870976393,29.067648756292215,123
701762,"Kurtz, Nick","L","77.175980766",39.0786660175408,14.176163171930336,1.9045071603687738,0.4801641586867305,1.2733725277528178,24.69950713837779,23.426134610624967,27.74112856051512,731
695657,"Montgomery, Colson","L","77.0448783",32.84445104779426,11.501777223987776,-8.66432709613967,0.5242914979757084,2.615782130391853,34.857540920187354,32.2417587897955,28.116495956535687,494
592450,"Judge, Aaron","R","76.940545587",38.416502013820576,14.029172817438585,-5.9635967227073206,0.5058708414872798,4.273292184721838,30.50662024000075,26.233328055278903,33.09786822878858,1022
665489,"Guerrero Jr., Vladimir","R","76.651474812",27.402664805858,1.1927359376507662,-4.347967369290676,0.3043944265809217,6.532923367315401,34.37142286556413,27.838499498248723,28.988053871773296,933
670242,"Wallner, Matt","L","76.555872709",28.210451478976868,12.53197290822812,-6.232013382378905,0.5662824207492796,10.592590764806118,37.35617598751355,26.763585222707434,31.358009050023636,694
641343,"Bauers, Jake","L","76.452483468",34.46441684631697,12.056851472652902,-2.9682292075854892,0.5,-0.25991153253989147,29.405992137601423,29.665903670141315,26.45737299152266,346
660670,"Acuña Jr., Ronald","R","76.441096128",38.718252863532676,11.919818575426444,6.12043825121884,0.5106382978723405,-1.0432078683385742,30.227164083376366,31.270371951714935,25.486455551725953,705
677594,"Rodríguez, Julio","R","76.418126848",31.724464810642477,6.900860767748337,-1.406527868638765,0.4641975308641975,11.934353503721587,32.26746940858348,20.3331159048619,29.703434595413636,1215
669003,"Mitchell, Garrett","L","76.117896017",31.703118394189563,9.975928342194294,7.294486657433072,0.6440677966101694,-4.218188965829455,27.66118397688031,31.87937294270976,28.027923046974326,118
656577,"Jackson, Alex","R","76.106544651",30.83296121700409,11.663602325483678,-8.658998713000539,0.5116279069767441,4.706719973070745,35.450039973972906,30.743320000902173,27.30414027496737,172
670541,"Alvarez, Yordan","L","76.051490375",36.612948632359156,10.06400261540126,-4.750663614316331,0.40625,10.25925674390571,35.953169286627876,25.693912542722167,28.17005924446851,320
695578,"Wood, James","L","76.007720164",39.6679021984103,11.085674114724332,1.9342485805914955,0.41739130434782595,1.6924596717489515,32.66196380059788,30.96950412884893,30.1337157533333,1035
663609,"Baker, Luken","R","75.965784615",28.958886781153744,10.079584781837672,-4.969543068514594,0.6769230769230771,4.721599758723102,31.359949574165594,26.638349815442492,28.84073471033273,65
575929,"Contreras, Willson","R","75.960782602",32.768437724391,9.407338848794069,-1.7188099494272473,0.47311827956989233,5.3010990148667645,27.913554598432718,22.61245558356595,30.317217103740184,930
666624,"Morel, Christopher","R","75.95364528",27.268877725184286,14.93537560459373,-9.261455948728669,0.685352622061483,7.033466988361046,34.47210046088996,27.438633472528913,26.383154785411868,553
672744,"Canario, Alexander","R","75.937622331",35.15981100784519,13.544960982409991,1.9642464663889168,0.4801864801864802,0.6083743600737186,28.912787704237328,28.304413344163613,27.53859074827,429
680718,"Barger, Addison","L","75.898402576",28.8264606667059,9.102563186145966,-5.069415889020299,0.5093240093240092,-1.650510132901287,31.552315844063717,33.20282597696501,25.47392469958567,858
595751,"Alfaro, Jorge","R","75.876752955",35.52687827867842,3.684986787354368,6.852939162264869,0.36363636363636365,-3.921997243939502,24.48856484541573,28.410562089355228,26.494553339772224,88
663586,"Riley, Austin","R","75.858912363",32.16773156751586,10.848761881011034,-4.559024408352793,0.45273631840796014,6.728503848699395,35.56537871150041,28.836874862801015,28.167493151785727,804
660271,"Ohtani, Shohei","L","75.840889652",36.93463857148013,15.041881638605222,-2.0221025236612813,0.5334491746307559,-1.3874994160736023,27.60029345967306,28.987792875746663,31.9344747407952,1151
660821,"Sánchez, Jesús","L","75.82462573",27.838590525893505,7.074799495843049,-1.710206838029426,0.48009650180940894,8.66020479703652,34.98562595354322,26.32542115650669,28.417635989888552,829
669432,"Rogers, Trevor","L","75.81402",37.34545786061474,11.347829700058389,-16.397222937696487,1,4.534557147721369,29.9769903968397,25.442433249118327,26.354368608045576,1
669194,"Nelson, Ryne","R","75.77985",23.020819229452933,11.958824111380784,8.728894433487648,1,11.322647666532866,30.14297210957395,18.820324443041088,27.746003349628452,1
677956,"Hinds, Rece","R","75.735458659",37.29856841726847,13.423054843541314,-16.269050346027974,0.36585365853658536,9.398738397395187,38.43839314020002,29.039654742804824,27.630381181117844,82
673357,"Robert Jr., Luis","R","75.613043555",36.518064796470014,12.167208968773298,-5.173875267912887,0.5394190871369295,-0.8051525489196157,30.483674700649267,31.288827249568886,27.195697144361734,723
662139,"Varsho, Daulton","L","75.60905042",29.77806208032493,12.89392186672609,-3.7781966978716506,0.6238938053097345,-0.8196580863280447,28.052364186022718,28.87202227235077,25.995640636787485,452
682985,"Greene, Riley","L","75.590234226",44.61680215577836,13.854285371623904,1.236956667493119,0.4352660841938047,2.155702306131069,32.029492054299965,29.873789748168896,24.65387806510131,1259
676812,"McCusker, Carson","R","75.533286078",39.261963100019905,15.854198169740755,-3.722629822509098,0.392156862745098,3.6812710927351313,28.53798811053068,24.85671701779555,32.64861823945438,51
694212,"Basallo, Samuel","L","75.468733674",29.915933781855504,9.71367121726314,-1.579159716704039,0.5860465116279069,2.3500183982679763,34.12945398264954,31.77943558438154,24.593918206465396,215
683002,"Henderson, Gunnar","L","75.340720999",29.02286441369047,8.48463614846846,0.9927136907514289,0.5108388312912349,6.750812129244638,33.41835339001457,26.667541260769948,25.816405320983908,1061
656541,"Hilliard, Sam","L","75.310905288",25.45670575341286,9.032010464755357,-3.1069267324674903,0.4999999999999999,8.76708343954497,34.43173318113761,25.664649741592637,28.621906231580006,104
686948,"Baldwin, Drake","L","75.276223846",31.698987385013524,9.297614214280667,3.2106682696277313,0.47948717948717945,2.108613375676013,28.689689047912953,26.581075672236945,28.212124283328684,780
663662,"Cameron, Daz","R","75.245281429",32.808123132934355,4.775139276923984,-6.963549412490118,0.36363636363636365,4.728101525357766,31.01633788027625,26.288236354918492,27.24034962432614,77
624413,"Alonso, Pete","R","75.23885212",33.81286466578543,10.092156626479655,1.1302186933059637,0.5980650835532104,3.827624469270225,28.227357445372323,24.399732976102108,27.14595074822627,1137
663728,"Raleigh, Cal","R","75.238294969",34.31774448647627,17.86371081473982,-8.238565926781371,0.45241809672386907,7.495866150236751,35.95699804553767,28.46113189530093,24.491277358729956,1282
682663,"Ramírez, Agustín","R","75.197865719",25.184896574088217,7.2595409996874425,-2.8461652915922047,0.5299055613850997,2.0584157895497888,30.320651636779,28.2622358472292,30.154868830884908,953
663624,"Mountcastle, Ryan","R","75.175191873",35.99945323068448,7.282654327178778,-0.9707058352315956,0.40201729106628253,1.9475436413446139,27.524403620702856,25.576859979358236,31.11753781216603,694
672356,"Arias, Gabriel","R","75.076267785",29.081068245935214,9.715411747811485,1.2156989070208484,0.5361842105263159,5.262830056101729,34.4060991649908,29.143269108889065,35.60710949219726,912
621439,"Buxton, Byron","R","75.042908574",34.026861390876775,14.128621150412656,-6.250288408329696,0.5798499464094318,4.685391383166923,28.251312096442874,23.565920713275958,27.765513399569116,933
701350,"Anthony, Roman","L","75.034136595",30.1432961827043,10.628919761907353,-1.269871140319343,0.5238095238095238,7.048731356878485,36.02588840415452,28.97715704727604,25.3869449307533,420
671213,"Casas, Triston","L","75.030939583",36.021099277603184,14.881168715685002,-4.964559985363133,0.43750000000000006,0.41726161896700353,32.748977038802714,32.33171541983571,29.49522690953553,192
669065,"Stowers, Kyle","L","75.014252718",33.87014016756339,11.65442789526593,0.27647894253112704,0.5252152521525215,1.9109794974321719,31.523830266661648,29.61285076922947,29.306756023765953,813
691373,"Garcia, Jhostynxon","R","74.966657143",38.35663990301706,12.63086765320088,2.1693021361601477,0.2142857142857143,0.8680892883292586,28.048616369697058,27.180527081367796,25.194343343063768,14
656305,"Chapman, Matt","R","74.921735272",25.332689524378985,5.589356794809704,-3.771727685595979,0.532043530834341,-0.9817645006796878,27.40419524231029,28.38595974298998,29.81388949428868,827
680769,"Alexander, CJ","L","74.881265313",36.54697401342002,12.72002268599325,-9.381428456149024,0.5624999999999999,1.830714521670184,35.290556952886874,33.45984243121668,28.103959172613624,32
805904,"Cole, Zach","L","74.878926076",31.579046381072704,9.72836751692365,-0.5701239734785589,0.4430379746835443,2.7978728978303415,24.133035762662175,21.33516286483183,29.137079234527036,79
695600,"Jensen, Carter","L","74.833791825",26.626436563927168,3.6259707562269887,1.3720330926141713,0.4126984126984126,11.186677981078347,36.33168874816915,25.145010767090806,27.057185595132054,126
687515,"Thomas, Colby","R","74.815456818",28.859922112733166,11.638337640075697,-5.030466282806099,0.5578512396694215,-1.2580264759114863,28.455832121175426,29.713858597086904,27.355161374585446,242
685301,"Gorski, Matt","R","74.7819525",31.457555799300653,16.48881464973945,-4.392190292735654,0.46249999999999997,7.817759157319603,37.16367609264087,29.345916935321263,27.718085348579528,80
683146,"Baty, Brett","L","74.781916843",35.461843736165115,8.413088225193993,3.7978148584279086,0.47426981919332417,-3.4276759658665967,26.611154710703122,30.03883067656972,30.267431685220895,719
657757,"Sheets, Gavin","L","74.771770687",27.530909792878816,8.404223945933667,-7.478656190684472,0.5398037077426392,4.837797855148063,34.094597786455594,29.256799931307537,29.154631433263166,917
680776,"Duran, Jarren","L","74.744475151",26.51587529796345,5.549089677442002,0.274955296752354,0.4429223744292238,3.1049252875797384,31.6529809102885,28.548055622708773,30.49426338468439,1095
691723,"Mayo, Coby","R","74.707329067",35.56818680426891,10.77716555198084,-16.535860463016824,0.451111111111111,10.93018452207157,35.64809071058345,24.717906188511893,27.552468586639204,450
642133,"Tellez, Rowdy","L","74.654140549",29.704246962469092,7.942538010534209,-7.384297624542631,0.5431372549019609,7.62891950581158,35.08563504697216,27.45671554116059,25.946674529282937,510
683357,"Caissie, Owen","L","74.627529107",34.989964078660066,8.136420725949256,-0.26941988448921195,0.44642857142857156,1.8667084143448405,31.894057427701156,30.02734901335631,28.7331261112237,56
682998,"Carroll, Corbin","L","74.621494596",25.743111878141228,10.991658212473443,-3.3172779969277713,0.6838235294117648,5.947579386521702,36.608436665177315,30.660857278655616,29.914410791547347,1088
606466,"Marte, Ketel","R","74.604650942",32.0326349984778,10.186182175583188,-7.19839586436134,0.618374558303887,6.677170821950249,36.7793801514375,30.102209329487255,22.857204784154813,849
669394,"Burger, Jake","R","74.592175865",24.941462017428485,7.535677744257794,-3.982160813306435,0.5298621745788666,7.799829475853466,31.48561880964261,23.685789333789153,31.76028977272208,653
666211,"Trammell, Taylor","L","74.565880688",29.996630436261952,11.462800626369438,-4.263178249047314,0.47706422018348627,0.41514509103463837,30.063980418802025,29.648835327767397,26.38564269424863,218
692585,"Fernández, Yanquiel","L","74.534854241",28.60222541116829,10.566054097108832,-11.419695779257255,0.5551724137931037,9.196154198751568,36.38487821431397,27.188724015562393,27.687854962767172,290
666464,"Encarnacion, Jerar","R","74.525672857",38.39498681087751,10.920344105479563,1.041291028622977,0.5000000000000001,4.247235193313272,32.076656895867835,27.829421702554566,29.087710204162597,84
701358,"Smith, Cam","R","74.498750667",38.09379114299078,7.510809831162322,-1.1970335251879918,0.3932203389830509,4.032137283018135,29.394083260082304,25.361945977064167,30.346725112388306,885
676044,"Seymour, Bob","L","74.468547293",35.568372021960286,13.327175996069862,-1.251525071065622,0.5714285714285714,5.103546615419838,34.17817792787429,29.07463131245444,27.200969652523103,133
592518,"Machado, Manny","R","74.456093288",26.502943625951684,7.575590887836006,-0.31663819437796753,0.5458368376787215,6.119536696101176,30.79157014659747,24.672033450496297,31.086083841664177,1189
682829,"De La Cruz, Elly","R","74.437002191",33.65262345664644,8.188731495602415,-0.11803641020565508,0.4922089825847847,7.923220528369878,36.87477846752317,28.95155793915329,29.93512475221955,1091
592669,"Renfroe, Hunter","R","74.430640261",25.594464887192387,9.033533042652394,-6.471200954437598,0.6405228758169935,8.066373284198495,36.91279680088977,28.846423516691285,29.136900862928652,153
665052,"Conine, Griffin","L","74.353790863",28.22263364226474,11.86612183602587,0.9546183575269739,0.4676258992805756,-2.23370131720382,28.89119751710201,31.12489883430583,30.48185838812533,139
671056,"Herrera, Iván","R","74.344213695",32.007730014387306,8.683994467838833,-0.49759833618783456,0.4781382228490832,-0.37094191041329505,31.505154521244283,31.876096431657576,27.452928683947157,709
683770,"Robertson, Will","L","74.33359184",28.734571451880495,10.144230186711619,-5.5248558266308905,0.576,2.7730497040957522,30.926966885542132,28.15391718144638,26.277587347718892,125
668723,"Vilade, Ryan","R","74.326002667",34.151182225910325,-1.4796247313819584,5.459159167469046,0.03333333333333334,-4.002812588549147,28.556916286496634,32.55972887504578,29.06931677338982,30
696100,"Goodman, Hunter","R","74.323727522",25.212879731874633,13.36697189164202,-7.208260470550176,0.6114832535885166,10.065677869822014,38.74050847169429,28.67483060187227,29.52643372168055,1045
667690,"Stubbs, C.J.","R","74.316933333",33.53706605033036,10.4750681360664,-3.444331128151857,0.6666666666666666,8.980987183241702,37.235072912995676,28.254085729753974,29.116213271360397,6
677951,"Witt Jr., Bobby","R","74.314318175",28.589110441314265,5.073469607538113,-0.1923883451936259,0.47137745974955275,0.3016658909553961,27.764991961060947,27.463326070105555,25.226304969975875,1118
656484,"Gray, Tristan","L","74.305222378",31.22742295236089,8.015542138785326,-10.813897194297443,0.46853146853146865,2.9526572271302265,33.22360090678275,30.27094367965253,29.490181656546156,143
672016,"Clarke, Denzel","R","74.2957655",31.1104594549965,4.247257356481257,2.0571864992706916,0.44615384615384623,4.2927012671145,27.88813455560174,23.595433288487243,27.398511869682892,260
671739,"Harris II, Michael","L","74.280053191",30.74480466523932,6.862664671490747,-0.8898340151220542,0.5032377428307123,-0.2694989455119562,30.74027065743397,31.00976960294592,28.52749081444286,1081
663853,"Gonzalez, Romy","R","74.223815758",27.613731219317625,5.836403217774393,3.7983019234164717,0.4528619528619529,-2.0231648333913235,26.271751501048698,28.29491633444002,28.461895385526784,594
671284,"Elko, Tim","R","74.192130234",34.42529328488625,10.291644605548607,2.991004997053737,0.4218750000000001,-1.5750100284119122,28.14592743739098,29.720937465802894,32.61036771507099,128
663698,"Bart, Joey","R","74.190782627",34.06983349886131,8.748943328702758,-1.239983392964531,0.43855932203389825,2.9063796464070895,33.65988178986561,30.7535021434585,28.641428100021955,472
677592,"Pereira, Everson","R","74.160720732",30.713757543065668,16.015446848728512,1.8297392864768875,0.5853658536585366,-0.5758362901420714,28.334241657701966,28.910077947844037,28.38938502919895,123
547180,"Harper, Bryce","L","74.148533359",35.539809696283115,11.541055858946931,-2.1595051278897563,0.4619826756496631,9.605697151236532,33.16679180196673,23.561094650730197,29.45356788899883,1039
677800,"Abreu, Wilyer","L","74.112041957",31.20290873533817,9.478676588629035,-1.2544855967734267,0.576407506702413,1.543893098504454,31.371005128512078,29.827112030007626,26.568133147139996,746
572233,"Walker, Christian","R","74.110321353",29.40324540646613,9.097021514995351,-4.648589284484453,0.5146551724137932,2.8441834319652397,31.452925546782826,28.60874211481759,26.29582671578073,1160
691176,"Domínguez, Jasson","R","74.032050699",31.352572731537222,6.464493750006378,-3.5508185259690364,0.46243523316062174,2.1489576420344227,30.131762831068052,27.982805189033616,23.99932373117786,772
624585,"Soler, Jorge","R","74.031576512",33.56255625878835,8.381705750389074,-7.669882550904941,0.5271317829457366,-0.5113769422429364,28.10172329401067,28.61310023625361,29.01612284239514,516
691785,"Mayer, Marcelo","L","74.020073463",31.981791101167055,7.276879252203175,-2.6133653918947553,0.42857142857142866,-0.8512374779989144,29.535678104231085,30.386915582229996,27.475318254610404,231
676724,"Young, Jared","L","74.0180245",28.736936960824774,9.7942939433455,-2.9632996228002244,0.6374999999999998,6.956503854548478,30.701337077163352,23.74483322261487,28.53172098342788,80
545361,"Trout, Mike","R","74.009059791",36.394218073669876,7.537887033348938,0.2147266981957931,0.44663573085846864,-5.701296589727576,24.246798938712736,29.94809552844031,25.30238898333621,862
641857,"McMahon, Ryan","L","74.006936753",38.81984442410218,13.093913518942987,0.8947324684869665,0.4750996015936256,2.717240089522966,26.719814030507074,24.002573940984107,32.031167971553145,1004
663898,"Rodgers, Brendan","R","73.974793902",31.56878263240072,9.777299718306107,-8.056356811139311,0.5609756097560976,10.826565479436411,35.94170420490163,25.11513872546523,28.6369448762153,205
641933,"O'Neill, Tyler","R","73.952959564",35.825311608777675,19.082479930208933,-7.28881217174559,0.47093023255813954,8.490891449999241,33.700974658910546,25.210083208911307,24.871612703473062,344
642215,"Wilson, Weston","R","73.949942126",34.47270579789035,14.99263155804059,-4.372297482631048,0.5845410628019324,5.6912591116077165,31.762348176850708,26.071089065242983,28.18641758113985,207
682626,"Alvarez, Francisco","R","73.93728219",29.89226277691474,7.717847594996622,3.0680457257577505,0.49999999999999983,1.1704977257534905,27.06367177785994,25.893174052106456,27.67669592953074,452
680779,"Davis, Henry","R","73.931222311",26.354929530237147,8.59311680938753,-7.530359829006943,0.5514563106796114,-1.9750813937406835,30.405202523848338,32.380283917589026,27.676367380063823,515
671218,"Ramos, Heliot","R","73.930341474",31.47941116384856,5.916731685972384,1.6644016133224453,0.4721977052074139,2.574469300880114,27.51541893684102,24.94094963596089,27.63413363876537,1133
621566,"Olson, Matt","L","73.921564279",33.87591718139933,8.761415145826115,1.0956144025360586,0.4817749603803487,1.3795154454010874,32.53588441950761,31.15636897410653,30.531953250695008,1262
691016,"Soderstrom, Tyler","L","73.920656964",30.528687948221368,9.520973159095778,1.3273493307570816,0.49948186528497407,-0.8408181840308088,27.953263704764776,28.794081888795585,31.462511232347957,965
665487,"Tatis Jr., Fernando","R","73.911687531",29.757844187527713,8.260654314185517,0.85334735543816,0.5665071770334928,3.5673641107278757,29.826858323936232,26.259494213208352,28.9645950657343,1045
624424,"Conforto, Michael","L","73.907127036",31.98896628519545,10.139292356497153,1.1595410254951932,0.47500000000000003,0.5679905940069448,27.711373907192737,27.143383313185797,28.273516864036047,840
665862,"Chisholm Jr., Jazz","L","73.896697873",32.89491668020029,15.766529698898282,-6.002002842271975,0.5667420814479635,1.392077103880778,31.623679246477906,30.231602142597126,25.82720718955918,884
545341,"Grichuk, Randal","R","73.887429979",28.317123887368453,10.181474857889809,-6.328044464678046,0.646186440677966,7.201548785343347,32.237486222287274,25.03593743694393,28.461337998763895,472
670231,"Rave, John","L","73.854857249",25.117624651090008,10.860456127019416,-1.7967505230954368,0.7472118959107807,5.457479663665434,32.54593897416596,27.088459310500504,28.360811435859418,269
694192,"Chourio, Jackson","R","73.853133477",26.43570062685269,7.111759512356702,1.4583151039486353,0.5758793969849245,3.1871349314340973,27.928432738576713,24.741297807142608,30.4128199282846,995
664040,"Lowe, Brandon","L","73.834592479",33.49072597658821,14.788785185904302,-2.537014264854042,0.48628192999053926,7.02395263456703,34.069426864850385,27.045474230283357,26.610032089447213,1057
669261,"Suwinski, Jack","L","73.811120183",34.53309913844127,13.916171766803188,2.406816273292906,0.4468864468864469,-3.041318719943215,27.071623760214017,30.112942480157226,27.460056336363067,273
669127,"Langeliers, Shea","R","73.777471982",30.280941703010352,11.42929233662704,-3.0277241065782534,0.6135857461024496,6.471108544661663,33.628137134710414,27.15702859004874,29.6640864443188,898
670042,"Raley, Luke","L","73.770378161",31.449934814144274,14.40703949340234,-1.675383015453097,0.5440806045340051,5.313747431424574,30.63557342170802,25.32182599028346,27.980806712821906,397
543807,"Springer, George","R","73.757208059",35.17154940316901,13.18768574824512,-0.4296548040361619,0.5801526717557253,-4.646282299180758,22.33517339617517,26.981455695355933,27.179305790326193,917
666160,"Moniak, Mickey","L","73.746583953",33.585280149926575,11.566883656506171,-4.304332524477858,0.4700748129675812,3.339444337781922,29.108615681149644,25.769171343367713,30.78875773150611,802
621043,"Correa, Carlos","R","73.737663678",33.048941918588625,7.697607872783981,-1.5650289831056248,0.4157782515991471,2.70532674902933,28.468006976369914,25.762680227340574,28.788057333372087,938
677595,"Mauricio, Ronny","R","73.731089362",29.123028220951834,7.333424687637782,-2.1507908096159913,0.5258358662613982,2.942642407378429,33.555365681671994,30.612723274293565,27.433154917194805,329
671732,"Butler, Lawrence","L","73.718305954",30.452944478195942,6.813378266995832,1.7421864664296984,0.4400767018216683,2.9151308867745076,28.80500194373145,25.88987105695694,31.230510937763427,1043
688760,"Crim, Blaine","R","73.668071293",29.17843265243803,10.269024746933585,-8.013212848449108,0.560344827586207,5.184618074141402,33.79809185927,28.613473785128598,29.954929748125895,116
670223,"Mervis, Matt","L","73.634613893",33.75918038311262,18.8700992220012,-11.487212290076139,0.4961832061068702,7.612899060558969,33.69798516036147,26.085086099802503,29.25536304959472,262
669087,"Huff, Sam","R","73.620439579",30.31551244865861,10.752338299375424,-4.9873188618967985,0.5684210526315794,9.202849695709974,32.2908739923107,23.088024296600725,30.04367790141538,95
687952,"Encarnacion-Strand, Christian","R","73.615431949",35.19367089269277,15.452109327503086,-3.965721569539146,0.6059322033898304,2.6197026560647965,32.90575538650114,30.28605273043636,27.786224971695674,236
700246,"Williams, Carson","R","73.60667905",34.01298675553954,15.356108123891227,-2.6626658438191466,0.5027932960893857,0.7446878819362887,28.10263034780111,27.35794246586482,29.24487393770745,179
668904,"Lewis, Royce","R","73.589978865",28.892648218660863,10.799486477322578,-7.660559784746333,0.6841339155749637,3.981629733335477,28.556979004487502,24.575349271152024,26.481427861866766,687
672724,"Peraza, Oswald","R","73.589181359",26.252940441785043,7.5526052978143285,-2.716727561888591,0.5201698513800423,1.8563900174883996,29.50962814260348,27.653238125115074,29.65809637585567,471
665742,"Soto, Juan","L","73.587196714",28.119980998558677,10.959072373554735,3.813596159479936,0.6583242655059848,-1.6309029037028324,23.223300775791042,24.854203679493878,30.25288644412293,919
676480,"Barrero, José","R","73.57536459",30.71185947530233,11.211160869795625,-7.027531624961105,0.45901639344262296,5.375397101929269,35.07604767853586,29.700650576606574,30.494826009515233,61
681297,"Cowser, Colton","L","73.556015217",39.149577728573746,16.079789419630107,-3.4251365475513067,0.45289855072463775,8.700105811244113,36.28285301137946,27.58274720013534,28.28420079022947,552
663330,"Jones, Jahmai","R","73.554561542",29.755354100223787,13.050383020228198,-5.698260889527862,0.6000000000000001,7.472403869554872,32.38453261427058,24.912128744715723,29.432196354763985,240
700242,"Sweeney, Trey","L","73.545454444",26.602408831189866,8.165987181405425,-3.230489888896212,0.562962962962963,6.483095948180611,34.087788807068186,27.60469285888758,26.86368926035628,540
701305,"Dezenzo, Zach","R","73.543212011",39.722948974669094,13.788477932877065,0.9619558201920747,0.4761904761904761,5.29091078675798,29.919262296142424,24.628351509384455,28.65147686177708,189
650490,"Díaz, Yandy","R","73.54020603",24.40493483434385,2.9038096249351772,7.068346756056833,0.3515151515151514,0.5326888357758336,29.86938672841237,29.336697892636543,28.665029375111285,990
664056,"Bader, Harrison","R","73.527069449",25.412035274821477,12.018833677289619,-5.380915695845638,0.5005988023952095,6.406666493231943,33.55214582930456,27.14547933607261,27.176196434621758,835
667670,"Rooker, Brent","R","73.498180944",36.262252845093506,12.259124482035999,-6.134979372983177,0.4514991181657848,1.4012710453434514,32.78531310021573,31.384042054872296,27.216394123910884,1134
595879,"Báez, Javier","R","73.494970473",30.26439347585498,9.989338516677359,-5.55331765910567,0.5054054054054056,10.158736881430645,29.75162477297591,19.592887891545253,28.7160626828589,740
676572,"Wagaman, Eric","R","73.417793415",27.899738130742794,6.871050901703802,-2.711738128225487,0.49293966623876745,7.216523186515648,32.32503843198162,25.10851524546597,28.13947158336215,779
669224,"Wells, Austin","L","73.414551176",31.819884894247682,10.466844659324,-5.634166319886904,0.4987623762376239,-0.25298038169821835,30.520056432473535,30.77303681417175,23.646025684557785,808
683090,"Lugo, Matthew","R","73.392001759",35.531002869387024,9.25657750405209,-1.6454134540303897,0.49074074074074076,-3.651050819829688,25.145848182595188,28.796899002424876,28.441100432421365,108
804668,"Flores Jr., Rafael","R","73.387238056",37.45357256951797,20.968421930480677,-11.75508334289182,0.36111111111111105,9.3821448296519,37.962679839952266,28.580535010300363,26.27503549377932,36
663457,"Nootbaar, Lars","L","73.375454238",27.925913292330794,9.18193091336264,-3.065226748966399,0.5515970515970519,5.579652394556012,34.70498843641056,29.125336041854553,27.858422908246396,814
672284,"Kelenic, Jarred","L","73.369160769",30.818557405065803,14.17349491350638,-2.0323922819120144,0.623931623931624,-0.18917216390234662,30.398968978901905,30.58814114280425,27.839218715209725,117
700250,"Rice, Ben","L","73.357201139",33.23750156607078,10.554396482211772,-5.803814225384102,0.5645569620253164,-2.48284513305349,28.353906137186275,30.836751270239763,28.50746865863253,790
660162,"Moncada, Yoán","R","73.343454442",38.24029231697902,12.209572605292314,-5.4240115369098945,0.4263392857142858,16.090390929629763,33.905540772594975,17.815149842965205,26.53431679924785,448
665953,"Chaparro, Andrés","R","73.340514063",30.816538268771176,9.320161221493198,-12.588998249107622,0.49218750000000006,6.299649714526786,33.49248190746826,27.192832192941488,27.4669720757591,128
502054,"Pham, Tommy","R","73.337161014",27.375185240405695,8.154275368759258,-0.7002085305021571,0.5161290322580645,1.1202096064725755,32.55363276090582,31.433423154433243,28.453305068446923,651
666915,"Dalbec, Bobby","R","73.335251875",35.18847416928144,11.548760203666308,1.1539536258339198,0.28125,3.0180239828108464,30.779040863315405,27.761016880504567,27.675745619003475,32
592885,"Yelich, Christian","L","73.331335562",36.254225818387354,9.683032071002211,7.020477825226975,0.44287063267233234,-1.0597941757126348,26.699209313936944,27.75900348964958,29.91070311933642,1059
673548,"Suzuki, Seiya","R","73.31495341",31.077647788706336,8.029800987955444,-3.003814536006375,0.5040241448692151,6.424794270709442,34.44374702980781,28.018952759098365,27.836319244292774,994
678554,"Mead, Curtis","R","73.313244677",32.7464940305917,4.7727473357234595,-2.040645046882325,0.4032258064516128,-3.144395011000137,30.342112112499393,33.48650712349952,28.07607165043938,434
692225,"Campbell, Kristian","R","73.292610175",34.667553308639235,11.295897176572721,7.969995256669385,0.4275000000000001,1.5860123915394988,29.4751621517424,27.889149760202898,29.690344071724798,400
681715,"Hernández, Heriberto","R","73.287492978",30.00081472207833,15.638330163812306,-0.8664520533335488,0.5565217391304348,3.9213729149383343,33.12598649773841,29.20461358280007,26.881017089879894,460
681987,"Eaton, Nate","R","73.280985435",31.876182916774813,5.666559981963792,-6.028546809983459,0.4202898550724638,7.162519268820457,35.59904215446744,28.436522885646976,26.15033021346445,138
660757,"Gonzalez, Oscar","R","73.275009612",30.454706439813624,2.822057208271624,5.850807269508579,0.372093023255814,2.1973772759937846,28.308731194489678,26.1113539184959,30.543815013174015,129
592626,"Pederson, Joc","L","73.274468727",28.27674871774839,9.90864882763933,-5.776380065473384,0.5585215605749486,-1.1785291408189347,29.69689256166911,30.875421702488055,24.604109507770502,487
690291,"Jung, Jace","L","73.250971075",31.650059092249816,8.958659394079163,1.965843568942652,0.46236559139784955,-6.120343237996651,28.46978580508961,34.59012904308627,25.822269257158467,93
572138,"Singleton, Jon","L","73.249194167",31.629889676609977,10.238822504258769,-5.088403025561977,0.5000000000000001,2.572507039767215,28.13123192697377,25.55872488720655,30.642668130915162,12
608701,"Refsnyder, Rob","R","73.244695518",31.929901777020927,12.201313233789149,-0.08009004397667294,0.646341463414634,-1.3389838437642065,29.228745727521282,30.567729571285483,29.254844098386535,328
677347,"Paris, Kyren","R","73.243466878",37.34014273974453,16.11308501561112,-5.265248801027735,0.5067873303167421,-8.429701665356186,26.497800552427794,34.92750221778397,25.467029133982123,221
682634,"Alcántara, Kevin","R","73.242627368",32.87626741232757,8.146057390250245,-3.6558941656857975,0.5263157894736843,2.1032163554745202,31.062889144641876,28.959672789167353,31.335197437597074,19
687529,"McCray, Grant","L","73.230871136",33.50372220958898,12.269716749169898,-1.9536093793508924,0.6363636363636365,10.482449396805741,28.32756752519185,17.845118128386105,24.963756521348298,44
661388,"Contreras, William","R","73.225008324",29.238351419006097,10.617445957974267,3.3556297160311774,0.6562500000000002,1.6714086542699123,30.215207230951712,28.543798576681805,27.958816502447288,1056
694728,"Matthews, Brice","R","73.213564304",33.603107085577776,15.020247413824304,2.2680479180357094,0.49367088607594944,1.506922577719067,30.164295722777307,28.657373145058244,25.06523214491434,79
686611,"Crews, Dylan","R","73.190303237",26.4927123067064,6.535384902493656,-1.195609662316432,0.48041237113402063,0.4600022236101924,30.390613651751057,29.930611428140853,26.250025470293576,485
670224,"Misner, Kameron","L","73.178206207",37.07924570251195,12.307299245886224,-7.4158226132894205,0.5119363395225464,8.160342584430051,34.61606004624376,26.455717461813716,29.012431236299953,377
682622,"Marte, Noelvi","R","73.177089486",30.949116071759956,9.727635138845644,-4.2453109325147205,0.6198630136986302,7.677142043325204,34.651247682667574,26.97410563934238,27.463206901304037,584
687597,"Beck, Jordan","R","73.153055232",32.76617820713411,10.695395727190988,-3.282300580007757,0.518987341772152,9.957464521081054,27.610235505304836,17.65277098422379,29.476545501238782,948
691777,"Muncy, Max","R","73.148160356",31.167637303815084,9.303469921956271,-5.730319215345532,0.4904109589041096,7.581484064592229,33.07766120528343,25.496177140691206,28.23471738343964,365
678894,"Peguero, Liover","R","73.141570079",25.026345061786998,6.885388895072226,-9.87395965726258,0.4206349206349206,5.480876824885014,35.69585878992129,30.214981965036277,26.58787966358684,126
669374,"Hiura, Keston","R","73.138188857",35.84970387360901,15.182533347980376,7.239911410367369,0.6857142857142857,-0.8529770633353153,26.02781461767643,26.880791681011736,26.92210608594731,35
669134,"Campusano, Luis","R","73.121504737",24.30396794290576,11.620759466253414,-8.976297722504965,0.7894736842105263,2.2191731854278314,29.384959927683287,27.165786742255456,28.987571783496705,38
694671,"Langford, Wyatt","R","73.118531473",33.72241502357564,16.700399342114114,-3.012590591344493,0.4839424141749722,3.1126874804506346,31.960724439685354,28.84803695923473,27.370651653807855,903
686527,"Canzone, Dominic","L","73.104406299",32.11709028099677,12.132799265659266,-2.459598511239224,0.5497835497835495,6.600832261993874,38.249030924515196,31.64819866252133,28.933246559674206,462
694374,"Tawa, Tim","R","73.104160193",31.79132247019713,11.076889591997226,-5.29342531942313,0.5426997245179064,4.9326238526120685,32.54891239489434,27.616288542282263,26.050073336987296,363
642708,"Rosario, Amed","R","73.101347692",30.12768818696771,6.258414547693415,-4.277309642356955,0.5032051282051282,10.498493710755334,31.31613185743544,20.817638146680093,22.657350978515602,312
687221,"Rushing, Dalton","L","73.083632437",34.15398401988298,14.12043273246087,-5.51939799984572,0.5714285714285715,2.668968710439426,32.57996752488821,29.91099881444878,28.114399396991203,238
605137,"Bell, Josh","R","73.061417239",33.64612781369236,10.07117062833575,-2.9616936305610353,0.5802469135802469,-1.963119894669909,27.55194939018811,29.51506928485802,28.38761172761479,891
679529,"Torkelson, Spencer","R","73.007656872",38.000016641855524,13.530237748616644,-8.050437720998387,0.49857819905213263,-2.2555527719599313,30.69280304639692,32.948355818356866,27.979555219293275,1055
640459,"Navarreto, Brian","R","72.9857565",28.962654699782124,15.158049694889678,-15.01719098160489,0.6000000000000001,2.593626289186815,35.42087456594191,32.827248276755085,27.738514870563034,20
521692,"Perez, Salvador","R","72.934573148",34.17843721907729,12.45887218654605,-5.411742347752821,0.5643478260869564,0.8493321744465209,30.420648783787872,29.571316609341352,27.291806234980122,1150
606192,"Hernández, Teoscar","R","72.932238347",31.902591270383393,10.34537377787505,-0.09960745545344761,0.5452631578947367,-0.2779351718700423,30.455247929537904,30.733183101407956,29.8907677864188,950
686554,"Dunn, Oliver","L","72.876761071",28.63872629430084,9.13847875880001,2.1186035736031315,0.5,-0.9135576155500479,27.68682822701942,28.60038584256947,25.471960910600085,56
596142,"Sánchez, Gary","R","72.86115027",29.4221223828487,13.19098039936213,-7.749332153598526,0.6216216216216217,4.076589202141822,36.85540926897541,32.77882006683358,25.697327565513536,148
663584,"Senger, Hayden","R","72.848340504",28.99370619980665,8.873007192581886,-1.1293293387420247,0.5378151260504205,0.9736119317499613,28.088056110308777,27.114444178558813,29.813947856591973,119
493329,"Gurriel, Yuli","R","72.84322873",24.719305425260615,2.987408631914718,-9.753462181056266,0.3174603174603174,14.511722727336641,31.150802259681672,16.639079532345033,27.89876657264028,63
664913,"Brown, Seth","L","72.841516357",31.203926775038568,12.218531351699363,-11.614381843991639,0.5193798449612405,3.731329497968432,35.00815316418089,31.276823666212444,26.403666085819196,129
656248,"Bouchard, Sean","R","72.837050505",38.208323141312384,13.806999233735981,-5.006358242975041,0.5151515151515152,5.7466902461446185,33.24886753572548,27.502177289580864,26.320288242135778,99
553869,"Díaz, Elias","R","72.81915795",29.07201563466128,6.131955396478958,-4.351738479440347,0.493723849372385,11.621673167984218,38.21099532947524,26.589322161491022,26.588639970697955,478
542303,"Ozuna, Marcell","R","72.814197823",36.86208999453077,13.90571927040732,-0.8924134342428841,0.5262582056892781,-2.039467754354896,32.37308989599952,34.412557650354415,26.101685408134134,914
605204,"Davis, J.D.","R","72.71735",36.03914460550347,4.317257282324217,14.11210164731314,0.4444444444444444,-10.245241238014067,22.168572802427448,32.413814040441515,30.08603588855108,18
669357,"Gorman, Nolan","L","72.716593192",34.0823893646436,14.805096605459223,-1.8768460333001749,0.5043731778425656,1.9521388903687082,33.10486311975395,31.152724229385246,30.39577259984386,686
691718,"Crow-Armstrong, Pete","L","72.714566672",34.88558230313846,14.558712815599403,-3.533339023006075,0.5000000000000001,5.922629442515007,36.16846740885532,30.245837966340325,26.619335904189978,1226
695681,"Moore, Christian","R","72.710819633",33.17837266247549,7.888969154783631,3.458938896158,0.522935779816514,2.003793203515536,30.546669688006467,28.542876484490932,24.36087892114683,327
657041,"Thomas, Lane","R","72.710754065",27.532099144728356,9.007039507158956,-4.066724120686841,0.663551401869159,6.649833353524806,28.9944146622635,22.344581308738686,29.200488579130973,214
669911,"Toglia, Michael","R","72.709774473",35.865904716787114,14.757714303619554,-2.5627971379044596,0.44217687074829926,2.623386181932888,28.32184627785585,25.698460095922968,30.380160981051578,588
641555,"Escarra, J.C.","L","72.706041233",27.254173346573666,6.6769356461329625,-8.628439124216074,0.5205479452054794,-4.0319609867615664,30.123790002186944,34.1557509889485,28.577028775962287,146
805249,"Kemp, Otto","R","72.692934674",34.6856115933536,11.681124626849314,-7.6862337401012955,0.4619565217391305,4.605445071527301,32.44518677294132,27.839741701414027,22.998924168557863,368
689200,"Melton, Jacob","L","72.673256444",28.556259655247132,10.843358348773586,6.353809318847857,0.5185185185185184,-8.259275943490534,21.087129725706653,29.346405669197193,32.45143379412673,135
666134,"Jones, Nolan","L","72.665207496",35.474249196867625,8.866010271285116,-0.1330798514105328,0.4532374100719425,5.577388977939311,32.67270715894886,27.095318181009567,27.32015364089036,695
681546,"Outman, James","L","72.665079355",37.52507559204546,17.80438048929902,-5.538179267126994,0.47177419354838707,5.173960190800063,32.54955616563351,27.375595974833452,27.810984677597165,248
516782,"Marte, Starling","R","72.661570549",35.389818181981,8.711561765379708,-0.3196070496188329,0.46703296703296704,5.411583013268739,23.93140425450005,18.519821241231313,28.592736699657184,546
686555,"Collins, Isaac","R","72.654714277",28.83164357058111,4.039936527396482,-2.2027505717731826,0.3722627737226278,2.085319247933766,32.17479290291724,30.08947365498347,30.026820672900843,685
669288,"Johnson, Daniel","L","72.653400745",29.908109132312532,12.744087126693518,-7.521590736688823,0.5638297872340425,7.3820278577829095,33.327381273501864,25.94535341571896,29.5020153063208,94
663796,"Montes, Coco","R","72.653282",38.23495815205558,15.106084694035705,-6.647509913162933,0.39999999999999997,6.152489554208741,36.39849577509163,30.24600622088289,27.646315047379492,10
663993,"Lowe, Nathaniel","L","72.636837779",30.10733741263142,6.662001664482782,7.8210660042857745,0.47307692307692306,1.1570335600673167,27.441946817180273,26.284913257112958,29.980394494996208,1040
502671,"Goldschmidt, Paul","R","72.615961153",31.906743473509007,9.691140930609139,2.3974941078462546,0.5144124168514413,-4.877405319620935,21.01719747814869,25.89460279776964,34.049934825363216,902
672359,"Ornelas, Tirso","L","72.610849167",25.713259709698313,1.337512081905317,3.5488353160391783,0.33333333333333337,-1.699202658230861,29.049697695491115,30.748900353721975,31.635012654577494,24
669004,"Melendez, MJ","L","72.610017019",28.587238701791993,11.204400884859869,-2.90697649003478,0.6057692307692307,-0.052404746133053,29.19800107584333,29.25040582197639,29.63191957448253,104
669221,"Murphy, Sean","R","72.595209393",30.855329850515773,12.462505441943746,-3.9756201416876067,0.49913344887348343,0.8373850534693086,30.71172548728733,29.87434043381803,30.977847005308707,577
683011,"Volpe, Anthony","R","72.588285736",31.543809415844763,10.96659120126716,5.631461038319489,0.6482617586912065,-3.6645113295512584,25.005290384042333,28.66980171359359,29.199277197438107,978
686780,"Pagés, Pedro","R","72.577596181",30.440151824195613,7.003448643719165,-2.887016468047895,0.4096209912536443,8.817375218002573,35.96852225793935,27.151147039936788,28.85878751517003,686
683748,"Mesa Jr., Victor","L","72.558096119",28.931665897260118,7.4892840443309465,-2.22702917918802,0.6716417910447762,2.0880470750934874,28.450486466956416,26.36243939186292,29.081054760568534,67
656537,"Hill, Derek","R","72.552096",35.06373302761379,14.44525263419097,0.5783920597122765,0.4592592592592592,2.518023942622327,32.03004984865044,29.51202590602812,26.895226864818678,270
681624,"Pages, Andy","R","72.542066351",40.55661171979138,7.806283125562529,-3.9990102115046873,0.481216457960644,-0.2856492478740929,31.289979561338633,31.575628809212724,29.813717307770542,1118
672820,"Sosa, Lenyn","R","72.5300892",32.577604382699,10.44372682932124,0.47837505915010514,0.5506937033084311,2.351928366977346,32.71301895843145,30.361090591454108,27.517237781733108,937
686469,"Pasquantino, Vinnie","L","72.498317445",29.35807355355997,9.744239558872918,-9.18606774062721,0.5574817518248177,3.433878853169857,32.05199982702521,28.618120973855362,31.14663527907186,1096
694208,"Ballesteros, Moisés","L","72.489770909",28.70935797718443,4.8661639063168245,9.708909472899384,0.45454545454545453,-4.631627681189797,29.234601994707607,33.866229675897394,29.483610472987497,99
608369,"Seager, Corey","L","72.478539271",34.21861626790514,12.715669800520269,3.714237198084006,0.5465587044534413,5.393230927850729,31.87634763332434,26.483116705473602,29.047308279782385,741
672386,"Kirk, Alejandro","R","72.475748659",23.900699019085707,7.867786144023869,4.628789697272632,0.5541176470588235,8.367947502164567,30.00588440156879,21.637936899404227,31.53820200407186,850
694376,"Whitcomb, Shay","R","72.466834355",29.7762362074628,12.243502614499416,-7.2812232321832475,0.5967741935483872,-0.08237128448640683,31.187841288334013,31.27021257282042,29.16220562926646,62
686894,"Wiemer, Joey","R","72.466694818",25.32638615125296,12.62261170256767,-11.84953036629575,0.718181818181818,11.851814424235016,36.85347407354915,25.001659649314128,26.38461735266615,110
676679,"Vázquez, Luis","R","72.436130879",32.60000657880309,8.62356526455382,7.015013810502857,0.4615384615384617,0.8829262529343871,27.838716265856412,26.955790012922023,29.419069370417745,91
691781,"House, Brady","R","72.41464654",35.41275791433806,8.5065883181861,3.39009955478372,0.4799999999999999,4.267956913323428,26.671593630978677,22.403636717655242,27.212576589900348,500
676116,"Noda, Ryan","L","72.410234045",36.006752812610046,18.188216715117864,-1.4162060291572143,0.41573033707865165,2.965260905662681,30.72594791212098,27.760687006458294,26.949402012086615,89
666139,"Lowe, Josh","L","72.401029841",35.85665384925931,7.087860390390367,-0.33806926204450183,0.4539249146757679,4.668188064529447,29.170312706212712,24.50212464168326,30.87278198601358,879
671277,"García Jr., Luis","L","72.386946489",28.56182549942213,10.698865356485301,-2.53021443066196,0.6227272727272727,5.2100146617630285,33.370033537397376,28.160018875634343,28.685298283537666,880
518792,"Heyward, Jason","L","72.370595986",27.960956172190905,9.877740772552281,-7.246124633165012,0.6408450704225354,-5.198572827478249,25.95978214556716,31.1583549730454,34.65507702749856,142
666310,"Naylor, Bo","L","72.36030534",31.944168359423763,13.617973949403678,-8.26057805858388,0.529745042492918,7.97994345644755,35.184506541091224,27.204563084643667,31.18418272062234,706
682928,"Abrams, CJ","L","72.350200077",27.260685577794327,10.847127351597264,-3.8575917201783865,0.5890279114533207,3.8439110277104,31.682289677004025,27.838378649293624,30.033222298655122,1039
663536,"English, Tristin","R","72.34959587",31.62867991798475,7.70349004406711,-4.421522433107623,0.4130434782608695,-0.06384290107796342,28.835181829841787,28.899024730919752,27.169658963077797,46
680728,"Del Castillo, Adrian","L","72.348246035",33.61096511115428,13.906522926040953,-5.670894651588123,0.48017621145374445,8.189603816051694,37.1489515326356,28.959347716583903,28.53179542009417,227
572191,"Taylor, Michael A.","R","72.345991148",31.218993036498187,14.101015296550568,0.7184849136573509,0.5227686703096539,7.716173185560549,30.195676571552003,22.479503385991453,30.8938589311163,549
671655,"Valera, George","L","72.341488947",24.804959405249736,6.792268532793246,-3.3479318941548035,0.5789473684210523,7.340448432922348,36.56061839938571,29.22016996646335,28.153024998950077,76
687401,"Ortiz, Joey","R","72.339505438",27.823093128828848,1.626718534323317,-1.568683789550185,0.3320261437908497,-2.9582165158617726,28.99887757198447,31.95709408784625,28.20580018006758,765
680777,"Jeffers, Ryan","R","72.336552938",28.61400349108637,9.893899485915854,-3.2470329316303657,0.5499999999999998,0.8599601200766434,29.11493478241927,28.254974662342626,27.331638806973647,640
676475,"Burleson, Alec","L","72.329669786",31.779595075514038,10.035333567494876,0.35666153579303256,0.5741399762752074,-2.4136955081613873,31.57175129763653,33.98544680579792,23.414065618131364,843
656582,"Joe, Connor","R","72.327205667",30.556869237091163,6.784620672065913,-6.786859063730796,0.44999999999999996,-1.9125055717097839,32.90823969801279,34.82074526972258,29.542584825301645,120
668227,"Arozarena, Randy","R","72.315898966",25.27642671703111,8.66887442478498,0.44740149843509225,0.6212259835315644,8.645955193808067,31.229026841485357,22.583071647677293,24.21269046036593,1093
665161,"Peña, Jeremy","R","72.308806937",30.423813962659995,10.862135073464009,-8.120075767541074,0.6260762607626077,1.8038466950859968,31.9906562444206,30.186809549334605,26.229022058280545,813
605170,"Caratini, Victor","R","72.290995765",34.923164311005955,10.715664204299063,-3.515512671795788,0.5663865546218487,7.031177113039137,37.27673946802141,30.245562354982265,24.113251423553013,595
657136,"Wong, Connor","R","72.29090219",30.52043971746446,11.627749989761064,-2.2088325485736684,0.46349206349206357,4.243333314501499,32.88532299326214,28.64198967876064,28.199755571168534,315
680716,"Ornelas, Jonathan","R","72.286190588",26.5834370939421,6.615819315284038,-5.677495613328857,0.5294117647058824,14.315053171411584,34.591489079532714,20.276435908121137,28.382785962073942,17
624641,"Sosa, Edmundo","R","72.272015768",33.883046749194065,10.09867686362498,-2.0819790114326726,0.56,0.7721484151254615,29.17275722822908,28.400608813103617,25.947604168380607,475
553993,"Suárez, Eugenio","R","72.257302134",38.71440501895311,18.513795407299398,-5.538064970326274,0.4431916738941891,17.371596290876756,35.67007883009611,18.298482539219357,23.079465315024574,1153
665966,"Narváez, Carlos","R","72.254590337",30.00769746535744,9.088882716030538,2.588638274170872,0.5393258426966292,5.512312928446194,30.561356934531723,25.04904400608553,29.200294379735126,801
542932,"Berti, Jon","R","72.230802981",29.123120719334533,2.268969946856524,9.277259615693376,0.2546583850931677,-9.762740034921812,22.729178938188685,32.49191897311049,28.380151338856397,161
669398,"Workman, Gage","L","72.2052056",44.959739651368615,26.42215799477994,-10.783211414665649,0.16000000000000003,6.828339833389751,35.60067199325638,28.772332159866618,28.68854514426689,25
607043,"Nimmo, Brandon","L","72.20380436",29.072784683384608,6.633359071816578,2.180130132149604,0.4780578898225958,-1.4065176172848954,26.855136683472026,28.261654300756927,31.48926804125725,1071
668804,"Reynolds, Bryan","R","72.203246059",37.88975743078571,13.02802299596424,1.070928058529278,0.46992153443766344,0.6530044200714199,28.29317486654856,27.640170446477153,27.254775714477113,1147
657557,"DeJong, Paul","R","72.202488281",34.720991297365444,15.999832071299284,-4.194627248733782,0.5302663438256657,6.062509204661898,34.28243271593184,28.219923511269947,26.909160584872737,413
642136,"Thaiss, Matt","L","72.201536435",27.716363218514996,6.968921284310509,0.8840074022157716,0.5226586102719033,3.8236556305208103,30.78267772723858,26.959022096717778,27.3100604695321,331
642201,"White, Eli","R","72.18812887",34.4274440996281,9.048673218266586,2.38120047109249,0.4673913043478261,0.04202530100257028,28.099538933969786,28.057513632967215,30.44891006698587,460
665804,"Amaya, Miguel","R","72.183086649",34.93413049506434,11.070874104419602,-11.265382841981507,0.5405405405405405,1.8811979602141047,31.02812584610433,29.146927885890232,26.973683097706257,185
665019,"Clemens, Kody","L","72.179093988",26.996147565719955,12.258715827158216,-2.8910134071982068,0.6605783866057839,1.4093094905114545,33.40458233937866,31.995272848867195,27.580370251527164,657
687551,"Gilbert, Drew","L","72.170225928",24.393266982527226,5.06072368113341,-10.828389239070647,0.44311377245508987,5.006224908208968,32.543056646205706,27.536831737996728,29.468936070398907,167
657656,"Laureano, Ramón","R","72.158808041",35.11542727763668,15.546384095399501,1.0557675370406499,0.47475961538461536,2.350343821440291,32.75687418803293,30.406530366592637,31.591427222069992,832
673237,"Diaz, Yainer","R","72.157645102",28.26845476053512,10.422012981077643,0.9656555394688637,0.5924796747967478,3.3339695205457027,32.41086749061974,29.07689797007404,28.29488046630063,984
669717,"Wilson, Will","R","72.157095376",31.915325567185654,14.772887621044331,-7.2041468224632705,0.5606936416184973,6.511217206721118,33.38415391558586,26.872936708864756,27.993379426077798,173
687637,"Beavers, Dylan","L","72.153913929",39.226089844738276,7.945869602862752,-4.503313460211477,0.5051020408163265,-1.2497252855730274,31.167336069114484,32.4170613546875,25.748436107623142,196
663616,"Larnach, Trevor","L","72.133038147",34.04531739765201,8.261530718440401,-10.433186286012276,0.41081703107019557,5.571065701479916,34.172618612144305,28.6015529106644,27.23380939474987,869
666969,"García, Adolis","R","72.119125488",28.028215255442667,8.761561033559248,-0.44652300488843066,0.6245019920318723,2.2499074309582716,31.30714719134934,29.05723976039107,25.17023610538452,1004
593428,"Bogaerts, Xander","R","72.115564267",30.952789745633524,10.155707253647126,-6.84300386446523,0.5226666666666665,14.976910946819551,34.68283024812459,19.70591930130502,29.089628472552874,750
680869,"Gelof, Zack","R","72.081462211",34.594623521282365,21.39822316401267,0.019823810303620487,0.368421052631579,6.74703433353588,28.140247332997983,21.3932129994621,28.946435240130032,190
677942,"Alexander, Blaze","R","72.074414014",36.10348480061573,8.798085459376589,4.005838426621214,0.4679334916864608,-3.9356852046067994,23.730861047418042,27.66654625202484,28.463050549009598,421
694203,"Guzman, Denzer","R","72.068503976",34.10331173593603,8.013732574078341,-4.704748026205227,0.5180722891566265,-3.598522382518827,28.93234599630085,32.530868378819676,24.285452135633097,83
701398,"Stewart, Sal","R","72.059497879",28.72442584003806,11.034018416055092,1.973359147422953,0.5959595959595959,1.7563920897600154,29.974006109300806,28.2176140195408,30.803051746985982,99
642350,"Siri, Jose","R","72.057903194",35.318360434891936,11.557973414765737,-1.0464440347645532,0.4444444444444445,5.838945708321193,25.501096546308034,19.66215083798684,27.203900293960963,72
663656,"Tucker, Kyle","L","72.045300162",33.89918364704762,11.653680123564301,-8.090494093103052,0.4951456310679613,0.5137858270369531,28.369481380768487,27.855695553731536,30.20025189780998,927
682641,"Matos, Luis","R","72.040437834",26.90424457549131,7.076247756793022,-6.489370234369578,0.573248407643312,7.330681146345348,34.105005788150635,26.77432464180528,27.50377639097408,314
623993,"Santander, Anthony","R","72.03464879",24.191057340364964,7.893484383748927,-9.50303836934558,0.5728395061728394,13.63899037358006,33.365296399019975,19.726306025439918,26.73590926877036,405
592663,"Realmuto, J.T.","R","72.03438616",34.241596014403136,12.437010837678498,0.9615962171059407,0.5287234042553192,-2.894381913214401,28.57164773698004,31.46602965019445,27.454643896241762,940
694388,"Loperfido, Joey","L","72.022829096",37.74920573086272,15.613445174956592,5.808408963318838,0.44632768361581926,-2.301078999437506,25.583521485650273,27.884600485087773,29.87852563928766,177
642715,"Adames, Willy","R","72.017217427",35.291107667247786,18.42665194974922,-3.888182459183185,0.5017271157167529,2.435785300615032,31.542461669799547,29.10667636918451,28.94159369837556,1158
669722,"Davidson, Logan","R","71.99286025",32.25191346184745,12.773371851573934,-5.4797637797904475,0.37500000000000006,10.225912668109036,31.99659939985086,21.770686731741836,29.825712079207182,80
666165,"Sabol, Blake","L","71.97129825",30.004527524604853,9.979763587382587,5.531208998981436,0.5749999999999998,3.9032196833058075,33.74253756260629,29.839317879300474,28.425021420615913,40
663697,"India, Jonathan","R","71.967330734",28.221101881506105,9.071931807655794,-4.612524520347204,0.6125150421179302,1.961400014032439,30.66835053168741,28.706950517654974,27.95342041804025,831
663743,"Fortes, Nick","R","71.960917294",19.511258311024182,3.423262424096824,-7.419101324174544,0.41379310344827597,-0.18128904633481926,30.539069275934427,30.720358322269252,27.748456590190955,377
672642,"Berroa, Steward","R","71.95786875",32.611702811166026,17.256680826485916,-9.551388907915529,0.75,7.575931100671642,34.18167024840717,26.605739147735534,28.507995664745568,8
656976,"Smith, Pavin","L","71.951337605",32.69567486671402,13.280766858545949,0.999356766108655,0.5166297117516632,-0.6705374446874955,28.284875329404972,28.95541277409247,28.92948177439303,451
694377,"Yorke, Nick","R","71.921338699",33.68881607526399,1.5077115620483987,4.7278883657369475,0.34959349593495925,-6.836337836286384,23.548278504912684,30.38461634119906,24.66927738455888,123
681351,"O'Hoppe, Logan","R","71.911663872",32.91668283695529,15.626606495566136,-3.4897385356366972,0.5240443896424166,5.954994573954612,33.49894884299821,27.543954269043606,28.6528490501283,811
650559,"De La Cruz, Bryan","R","71.897766092",41.341568419642165,12.46958023202083,5.079583299629547,0.5517241379310345,-2.495847107445893,27.20255587545137,29.698402982897267,27.192723473038175,87
669720,"Hays, Austin","R","71.893560056",30.777923406412732,14.214320387424003,-5.562282579347319,0.6601671309192201,23.19994235715908,35.75095668650081,12.551014329341726,28.59798566563893,718
669236,"Jackson, Jeremiah","R","71.893221677",27.184793387648625,11.781856756563853,-0.22347315078665494,0.62111801242236,1.2476077022069216,30.240360700145906,28.992752997938982,32.31172924960671,322
676551,"Hicklen, Brewer","R","71.892671111",30.067690680091033,15.378308462656154,-9.633501263204113,0.4444444444444444,5.293443134490264,35.48470471670271,30.19126158221245,30.067841609261833,9
641943,"Palacios, Joshua","L","71.883212953",30.341473650589116,7.776227777747698,3.799517692968894,0.4921259842519686,-1.4722760262217376,26.625193550878237,28.097469577099968,30.087285696912,254
681481,"Carpenter, Kerry","L","71.883128",34.82677545292882,17.004892344697847,-0.3205166313408706,0.48848484848484847,-6.7119171691961315,25.68684497495562,32.39876214415174,29.105014853878227,825
807799,"Yoshida, Masataka","L","71.882010211",32.80528644196533,10.018462488459765,-1.733565422200483,0.519298245614035,1.0706607540087065,31.502229875226305,30.431569121217596,25.10831289281855,285
622761,"Mateo, Jorge","R","71.873903986",30.440480585165112,6.555265829180313,-0.34990801662069765,0.4324324324324324,-4.44408991525718,27.649122163761582,32.09321207901877,27.461447305470685,148
701538,"Merrill, Jackson","L","71.870236035",37.41823879249238,9.771521765942197,1.1347752475351742,0.4786127167630057,2.793949604518136,27.414315790506546,24.620366185988406,28.722752228481227,865
672580,"Garcia, Maikel","R","71.869831261",27.113989148717877,4.553025319703234,0.5156367669658325,0.44196428571428586,3.4313062862091375,33.93613498450399,30.504828698294858,25.950246242996,896
699625,"Crooks, Jimmy","L","71.848393626",35.35465622190318,14.910159672703058,-1.8995739427147844,0.4395604395604396,10.961874208371812,37.363641248081166,26.401767039709352,26.614772423116555,91
642731,"Estrada, Thairo","R","71.796377546",30.44196609601137,11.67986315251875,-4.982702384355465,0.5531135531135531,9.133853186838893,36.057165989823005,26.923312802984103,26.940520438774552,273
682997,"Callihan, Tyler","L","71.794441111",32.345922238379714,14.52880825841774,-6.927015577412385,0.7777777777777778,5.006514101264524,34.49539671716457,29.48888261590004,28.749124783213933,9
664059,"Haggerty, Sam","R","71.777511957",32.22796015620671,3.070959021195125,-0.4773747143718199,0.3131672597864769,8.20488847284725,27.487690817193272,19.28280234434602,30.00164424787003,281
656811,"O'Hearn, Ryan","L","71.774204127",33.45399797260384,11.258998602057273,1.6187940608833566,0.43468715697036225,0.310225173379612,26.357886560430824,26.047661387051207,29.25579105119273,911
682927,"Simon, Ronny","R","71.760608571",26.38311571308555,3.697952724539718,3.8528956876927536,0.4812030075187969,-1.1989455630737724,28.019082642599187,29.21802820567296,26.74815434087366,133
682729,"Clase, Jonatan","R","71.752121538",32.29106105357362,6.958928402498517,-1.7682544359928347,0.4615384615384615,3.108790245020624,31.199679030254472,28.090888785233847,25.85191826566533,169
666181,"Benson, Will","L","71.751455224",33.54867936363978,14.091458964001072,-4.59277357255965,0.5294117647058822,0.27109026776904266,27.329474174943584,27.058383907174548,31.522927287739847,425
664238,"Moore, Dylan","R","71.733436282",31.06854893431159,7.692936584283283,-2.4192132409266036,0.535796766743649,4.42383191720154,26.94906005632718,22.525228139125637,30.120750197731752,433
691783,"Lawlar, Jordan","R","71.729223714",34.16858190822032,17.827417915010855,-13.594281165127297,0.4857142857142857,9.670891990270714,36.4073436814174,26.736451691146694,29.000741678526033,105
680118,"Blanco, Dairon","R","71.704437273",30.141250534874917,12.68012464953253,-6.631530713508939,0.3636363636363636,1.5733468159380082,29.286438280214103,27.7130914642761,27.40608001224084,11
664761,"Bohm, Alec","R","71.701332711",29.742105528610438,5.385204074216869,4.510301930725298,0.4695201037613488,0.8855707376689476,26.59281083694213,25.707240099273186,29.674265091963697,771
672640,"Lopez, Otto","R","71.695265097",29.9237190042703,7.418707836248799,-2.3355986584650803,0.48571428571428565,1.1914609286539815,30.493851969281316,29.302391040627327,28.51370649756803,875
693307,"Dingler, Dillon","R","71.677528513",39.7565454328524,10.763596427704398,-0.2982088317380473,0.4948717948717949,2.143075540189762,27.76633296503583,25.623257424846077,28.347894137504834,780
663837,"Vierling, Matt","R","71.66896843",31.567759376446272,6.769747255641441,1.7098699530810306,0.4069767441860466,-7.112122860518732,29.67891905383408,36.79104191435281,27.590798773567343,172
669450,"Hummel, Cooper","R","71.662754678",28.62988328354745,12.086791239847757,-6.665410278685849,0.46783625730994166,0.3321116465031831,31.93825948690964,31.60614784040646,28.326545347539223,171
609280,"Andujar, Miguel","R","71.662508098",25.827578138678202,6.300094690272641,-6.823022642110553,0.5382003395585738,4.523176192520209,32.74519306211577,28.222016869595546,30.708397979489312,589
641598,"Garver, Mitch","R","71.66067534",29.307000452144067,15.600444155313587,-7.493378374868095,0.6182669789227169,7.525795071237282,34.5657036343066,27.03990856306933,27.236039170064124,427
543510,"McCann, James","R","71.649450591",35.937562774658815,10.961574483682435,-3.510232585052479,0.4545454545454545,13.989627205693742,38.232311641499805,24.242684435806048,27.584275024868173,220
668709,"Bleday, JJ","L","71.639632267",31.629278627395422,15.466510980827875,-11.004163973918176,0.5028571428571428,5.019708724465766,31.931762402365226,26.912053677899458,31.480577341875893,525
664023,"Happ, Ian","R","71.626064618",32.72685536974301,10.244242229372128,-5.524177824464621,0.46469465648854946,2.766488640593792,33.96145074521523,31.194962104621435,26.689726927378857,1048
805811,"Eldridge, Bryce","L","71.617801897",37.15414553344203,13.142611076072528,-0.06249377939959955,0.48275862068965514,8.66724562753189,27.19708887087786,18.52984324334597,26.826897715274715,58
669477,"Schmitt, Casey","R","71.610070846",35.049235522723464,11.29141899997521,-7.594501062191762,0.4709784411276948,3.202163004532744,32.547486108612084,29.34532310407934,23.542478881364698,603
650489,"Castro, Willi","R","71.601133577",37.287402978072535,7.648459605665659,-3.5201755560480517,0.4368811881188118,-1.8011940826444237,30.097832452554826,31.899026535199248,24.191443485522804,808
678662,"Tovar, Ezequiel","R","71.598959679",36.09215610195653,10.937532353516282,0.6114185915718071,0.5244215938303342,0.7803163990335688,29.11059709787903,28.330280698845463,23.868332730667674,778
676466,"Winkler, Jack","R","71.595668824",25.04597128220356,8.191481420941182,-3.1684149358439395,0.5294117647058824,5.21261587927871,33.0241175635862,27.811501684307494,30.095694166480794,34
669707,"Triolo, Jared","R","71.591771071",37.29422363179138,8.742086710946504,-2.4121411382498548,0.44557823129251706,-1.2282775612218215,28.21722745837062,29.445505019592428,26.93397875114869,588
641584,"Fraley, Jake","L","71.580481228",37.484381045348826,8.933959953824933,-6.506707268631816,0.3801169590643276,0.012216906936131242,29.622222511114785,29.61000560417866,28.061686789107732,342
676801,"McCormick, Chas","R","71.56562602",33.95127106373239,21.15035532271167,-1.0682181231247858,0.3826530612244899,7.159375426567041,27.71812023384422,20.558744807277176,33.27044560037345,196
646240,"Devers, Rafael","L","71.555223354",29.89867631831423,9.941475859822312,4.565496268276577,0.5941130906274206,6.044721599289033,28.529686214737833,22.484964615448806,25.922973898245413,1291
682848,"Rodríguez, Endy","R","71.545524819",33.36153861826171,7.0218041289263375,-4.0327668276111375,0.469879518072289,0.8825522819556473,31.363100332045335,30.48054805008969,26.46312430039164,83
672275,"Bailey, Patrick","R","71.541014387",32.921593503266465,8.480320451483546,-3.452356972867733,0.4533333333333334,2.7849420791487183,30.30594126895358,27.520999189804865,28.712425203104367,750
676914,"Schneider, Davis","R","71.515401957",33.623774570060604,20.599923638179796,-6.27122110713686,0.407608695652174,3.4085138238784656,34.66268219798104,31.254168374102562,24.818175648887106,368
671221,"Waters, Drew","R","71.499627481",41.708479228482744,8.642132423378746,5.016884408011541,0.48110831234256923,4.424311801209425,31.16080258741049,26.736490786201074,26.9653916304694,397
677649,"Duran, Ezequiel","R","71.494771016",28.501022050154006,6.008189163002772,-0.5854368558235246,0.41176470588235287,-1.094399500495758,30.387355048853557,31.481754549349315,25.014225552489794,374
595978,"Hedges, Austin","R","71.486993543",26.613024998043787,13.261042791754571,-9.299645865029268,0.6655629139072847,6.240150678697632,36.85803117860485,30.617880499907226,27.172346210521933,302
690924,"Fulford, Braxton","R","71.482453351",29.207699193603958,11.01531504322881,-8.271032130653152,0.5257731958762887,13.980963079679203,36.32305660490981,22.342093525230602,26.04589437792981,194
682988,"Locklear, Tyler","R","71.407409904",34.00194387658462,12.645871651120205,1.3086683191446788,0.4880382775119617,10.552378658194607,26.583015805923655,16.030637147729045,31.354360197893072,209
571448,"Arenado, Nolan","R","71.404740876",33.201009967130545,10.562669572977988,-9.000382175291636,0.5660919540229885,2.960204881417915,34.928304130251924,31.968099248834015,29.30651398540135,696
687263,"Neto, Zach","R","71.389970097",39.04001007399435,17.998713863665863,-5.585688064184433,0.48279569892473123,17.871977477940444,36.266857761689565,18.394880283749107,21.569031823253486,930
606992,"Haase, Eric","R","71.383870429",33.165564646584045,11.613098086885808,0.9326168477523408,0.5428571428571428,5.563480700976813,28.05083453328967,22.48735383231286,29.082824712761337,140
669016,"Marsh, Brandon","L","71.369594754",38.525103426889864,9.416361559672222,-0.3618826815417261,0.40869565217391307,-0.34329155081060414,27.488999177651824,27.832290728462425,29.378874686058293,690
596146,"Kepler, Max","L","71.328294419",31.78646041499066,7.786742252907694,-7.003575008061073,0.44699872286079173,0.10754281734886993,32.51579563054925,32.408252813200384,30.115934115427898,783
665155,"Maton, Nick","L","71.307267404",35.85920229969471,19.512826852885407,-8.93466186993956,0.423076923076923,7.418058267913096,37.41767159639125,29.999613328478155,22.669267530466684,104
596117,"Stubbs, Garrett","L","71.285113333",21.324868647974636,26.92797187216455,-22.374224266295354,0,6.439448830210022,39.15067715108042,32.7112283208704,25.69917900032997,3
702284,"Young, Cole","L","71.268562481",28.063432363186475,7.616840072718144,1.1173645423053962,0.531328320802005,-0.1348539340191325,23.879084403595566,24.013938337614697,23.886412363822984,399
671289,"Freeman, Tyler","R","71.253589137",35.54910413508456,2.84465629931959,0.5815782024372668,0.32511556240369793,-0.9279329320196156,29.545664168285143,30.47359710030477,28.38196563232847,649
668731,"Baddoo, Akil","L","71.245459375",26.937272247326458,15.482833227226832,-2.2704763482678834,0.6250000000000002,-1.2570650663234821,27.103853644927682,28.36091871125117,30.692661797206103,32
696030,"Osuna, Alejandro","L","71.237160941",29.815609141125012,4.749393209344099,4.979706747904841,0.4181184668989548,4.827905845308278,28.52697770487858,23.69907185957029,24.067932676948082,287
467793,"Santana, Carlos","R","71.225783351",26.69270755850002,12.757884392778378,-5.479776821871517,0.6443298969072165,6.675870701098638,33.9896760897665,27.31380538866787,26.95307569731454,776
665750,"Taveras, Leody","R","71.210093876",31.170447962313446,6.321808177026697,-4.0975569082388805,0.40065146579804556,1.4048009202861764,31.32095454334007,29.916153623053894,27.409206964100825,307
455117,"Maldonado, Martín","R","71.187740233",31.798666244871807,15.098695979154396,-7.741143549669397,0.5302325581395348,10.253349968968552,36.463579194164645,26.21022922519609,29.426798000936863,215
690984,"Halpin, Petey","L","71.185481538",38.895237583782844,10.337764602902292,-3.5412014719991776,0.5384615384615384,3.3926764553371322,32.99464050630721,29.60196405097008,24.779911504899538,13
668901,"Vientos, Mark","R","71.181239478",31.906925748980356,14.505685225189,1.2486544123454493,0.6231343283582088,1.496626346751213,28.102315770681468,26.605689423930258,28.75669669368527,804
593871,"Polanco, Jorge","R","71.162815808",30.50196108206017,9.456516475935329,-10.580613693750836,0.567164179104478,6.680950748178446,32.20971988325697,25.528769135078523,27.86888595329554,804
608385,"Winker, Jesse","L","71.153017949",35.413268201855956,13.971618394886312,3.2293748055203984,0.6410256410256409,4.590437108431441,31.534717521555947,26.9442804131245,26.085325511661424,117
663604,"Lockridge, Brandon","R","71.141600881",29.614574681427303,4.653735827286825,4.303873548637476,0.3869731800766284,2.4370642479067657,29.29233592700889,26.855271679102124,30.89803710035839,261
679822,"Foscue, Justin","R","71.131242778",28.468836423928593,8.330471431874502,-0.7106830099209747,0.6666666666666666,2.820311062776988,31.830487308970635,29.01017624619365,27.88252927906036,18
573262,"Yastrzemski, Mike","L","71.129544906",30.43609361999595,10.934462674005015,-2.673378473542829,0.6662735849056604,1.1958917928462345,30.24073331022692,29.04484151738069,24.68408518249325,848
677950,"Thomas, Alek","L","71.128222182",27.573027528102735,9.968174307554735,0.3488275385465535,0.6025974025974028,12.886749216668012,33.39856062774117,20.51181141107315,26.987153909543242,770
663647,"Hayes, Ke'Bryan","R","71.127856619",26.45760525820772,4.238598871415875,1.5931047439011046,0.43010752688172055,1.4954679011203609,34.452523999544034,32.957056098423664,25.85097873892777,837
607208,"Turner, Trea","R","71.12702822",27.86481676545743,8.052920440740248,-2.832484481723821,0.597390493942218,0.38011870709774,29.259359704893825,28.87924099779608,28.78590350103463,1073
656775,"Mullins, Cedric","L","71.109822074",29.179854025257185,11.317448053234775,-6.032297723794497,0.6278801843317973,-3.109637336615589,28.653362710877797,31.76300004749339,24.145995136523368,868
571970,"Muncy, Max","L","71.104176275",34.66052720650372,17.848380658980965,-4.662276796975022,0.4917218543046357,10.658299913129653,37.626799013334725,26.968499100205083,28.234869401748107,604
457705,"McCutchen, Andrew","R","71.103640634",34.46324024442022,14.540057005848524,-0.8067940358415249,0.5322763306908265,-4.896158924257198,24.912830105248094,29.808989029505298,28.982565564092628,883
691026,"Winn, Masyn","R","71.071332996",29.091718762648103,5.471084158772806,-3.7195109010084986,0.4331848552338531,0.35506294919083725,33.92822343378849,33.57316048459764,23.06885473499193,898
592178,"Bryant, Kris","R","71.071201111",35.1974943820291,14.776223975495766,-2.7144468885081703,0.5416666666666665,4.043441815947953,31.569313502937728,27.525871686989763,28.093401054244048,72
571771,"Hernández, Enrique","R","71.069047004",29.97407937385835,10.305227184444828,-3.7694752283537944,0.5337552742616032,3.5543117770313333,32.31115030500452,28.75683852797318,31.102011418052836,474
622534,"Margot, Manuel","R","71.064311212",26.117134134554448,2.623393057767827,0.30897957458143227,0.2727272727272727,5.67088679827776,30.657411308392383,24.98652451011463,27.89612386022741,33
596115,"Story, Trevor","R","71.053762972",29.38134309388473,10.532836530691318,-4.491029047981615,0.4614733276883996,9.636734768990626,35.3395615722349,25.702826803244275,29.91340274452038,1181
676356,"DeLuca, Jonny","R","71.049039596",26.19964595772243,6.687817970907784,-9.134370667103026,0.5858585858585859,6.490717163745918,33.695803576579664,27.20508641283374,26.902003235544438,99
641487,"Crawford, J.P.","L","71.029753761",36.03125815737753,4.666619575042857,1.7277505121140175,0.3666978484565014,1.6473344985205125,36.570459344590056,34.92312484606955,27.638410598896378,1069
692216,"Kayfus, CJ","L","71.024039561",38.01879770496687,11.128405122445443,-1.877666109409681,0.41666666666666663,0.33166475200099466,29.783382488441266,29.45171773644027,21.54952182882673,228
664034,"France, Ty","R","71.010424422",34.80309465899939,10.658390060781478,5.264934490141972,0.471411901983664,-0.84613454791413,27.507134586227167,28.35326913414131,26.482193827326196,857
695391,"Harris, Brett","R","71.010082403",28.179349741494303,7.898697927482236,-5.8896402774347125,0.5348837209302324,4.4966376945957505,25.02243148511038,20.525793790514633,25.27800739334794,129
678882,"Rafaela, Ceddanne","R","71.007767184",32.60840910936555,11.532373690182125,-1.4041077944803877,0.5703971119133573,2.974620891266268,33.470670926798576,30.49605003553231,26.78339324085933,1108
608324,"Bregman, Alex","R","71.001324846",28.08934558223139,13.524342711104726,-5.104011777016462,0.6582633053221286,3.144640782310161,31.80536622948215,28.660725447171988,24.777290238904833,714
668952,"Kreidler, Ryan","R","70.995321266",38.780693038274386,17.409828020502705,-2.031247399819066,0.4430379746835444,5.982044667510189,30.58096163637061,24.598916968860415,30.01767233187627,79
663757,"Grisham, Trent","L","70.993824765",30.875744958421038,16.668559273457163,1.800860323902582,0.5814814814814814,-9.186547181839178,24.12616324022731,33.312710422066466,31.007428861186234,810
691728,"Veen, Zac","L","70.992057826",30.12551463111654,6.996827489256833,6.042069035138343,0.463768115942029,-2.8592805473888516,26.121818491361235,28.98109903875009,29.7693220558975,69
656555,"Hoskins, Rhys","R","70.966620177",33.63969682546016,16.72892227440318,-6.887018959202965,0.4774066797642435,1.3131753929606294,32.47796496182922,31.164789568868596,28.575872465667427,509
630105,"Cronenworth, Jake","L","70.938401161",31.14748916129562,7.444196644544002,-0.6878548469229245,0.3645443196004993,-2.8000045664885684,30.607775306977597,33.407779873466176,28.303564302458923,801
596019,"Lindor, Francisco","R","70.937918425",33.85058018387872,11.07447996172863,-1.495574299391123,0.510530749789385,2.212105177270288,29.288107071053496,27.076001893783207,26.01393966102631,1187
642851,"Wynns, Austin","R","70.93099736",34.44368494228836,13.470596533641944,-7.569019677825793,0.467005076142132,4.999526939935055,33.96481383465096,28.965286894715913,29.046053665933275,197
608070,"Ramírez, José","R","70.930908344",29.806007933383686,8.865511072027331,-9.436587877230753,0.608095676172953,2.363146342238597,32.58297945961393,30.21983311737532,22.685622764955188,1087
647304,"Naylor, Josh","L","70.930558559",31.33693152309482,7.472829523167258,-8.237227069938236,0.4397849462365591,-0.13780756366626257,25.265783538823708,25.403591102489973,26.59017549336535,930
686676,"Lee, Korey","R","70.930072698",29.93846684902595,11.484151922791174,-7.902882269372576,0.5873015873015872,5.805127865172622,32.20675786786074,26.40163000268811,25.781465297252563,63
595777,"Profar, Jurickson","R","70.923878548",30.855023822242323,10.767131129042383,-7.508174257937921,0.5626043405676124,2.6046367282945107,34.398129596318,31.793492868023492,25.7614337106881,599
666126,"Cortes, Carlos","L","70.920245346",26.22979290462758,8.845660016178098,-1.4623221474690542,0.5723270440251573,8.262916412579315,29.389598158064626,21.12668174548532,31.219088879346128,159
667472,"Myers, Dane","R","70.914870021",27.14221721267844,10.975281213778961,3.64301237353017,0.6340425531914896,-2.1015015147112552,29.503693173963875,31.60519468867513,27.43387173429061,470
682177,"Schneemann, Daniel","L","70.909629426",34.88942441511813,14.038746202353058,3.2755945667263555,0.5015105740181267,4.76741998861716,33.7903981719504,29.022978183333244,26.09263122223517,662
543309,"Higashioka, Kyle","R","70.906940019",32.29017128713474,12.5829637727309,-6.844431450206875,0.5516569200779728,-0.9315216506675758,29.445230903029188,30.37675255369677,23.784863302662224,513
672515,"Moreno, Gabriel","R","70.90201529",33.76669116707903,8.261132254343844,4.422361808134529,0.5115830115830114,5.167230141469044,33.36273542250548,28.195505281036436,26.331114976727328,518
621020,"Swanson, Dansby","R","70.900739885",34.56420456750336,15.61781829389135,-1.4773466586351907,0.5957634598411298,1.9047708064277957,32.37079580847368,30.466025002045892,27.56655747345304,1133
640902,"Pereda, Jhonny","R","70.885439837",30.24330982193527,4.1657432246308055,6.198582439679774,0.5121951219512195,-4.331014390368113,22.745643303240065,27.076657693608183,29.3940772868203,123
668715,"Steer, Spencer","R","70.864523306",28.32964058150837,12.407041507044564,-4.076679570406486,0.5801217038539555,3.673251184027069,32.71354374374252,29.040292559715432,25.626442688364392,986
602104,"Urías, Ramón","R","70.791184155",27.11886572983309,13.639720663112302,0.4599033083899341,0.702325581395349,-0.39989848250737914,29.202611550542617,29.60251003305,28.41503909980832,645
605244,"Garcia, Aramis","R","70.77862",28.41730006923959,9.970038665533222,5.5703254480740805,0.5,-1.3775179836809262,25.745363950970212,27.122881934651137,28.806169376425743,6
690993,"Keith, Colt","L","70.749716049",32.900161377453344,11.796872666429927,-2.54036848090032,0.48910081743869216,8.706464266323104,31.502879897062595,22.796415630739496,28.714783840711675,734
620443,"Torrens, Luis","R","70.742735064",29.891311612801022,9.723112330495198,6.132894564690452,0.5614406779661019,-1.8563676092311385,25.424485673674575,27.280853282905714,29.94989611833661,472
690976,"Freeland, Alex","R","70.742310072",30.889106077542465,12.750743784724929,-1.8330769987425537,0.6330935251798561,2.9233979406209247,32.52951874061311,29.606120799992187,28.084026943104163,139
676059,"Westburg, Jordan","R","70.729625501",29.74583854674827,10.434539082773341,-1.2985105995446093,0.5940246045694201,7.468983089525673,31.05484263249452,23.585859542968844,32.35567334292107,569
644433,"Tromp, Chadwick","R","70.729146296",29.87323859034006,7.766349558322922,-4.955531143084536,0.5185185185185185,6.557785508560563,29.83036943551509,23.272583926954532,27.109995174274445,27
643446,"McNeil, Jeff","L","70.725144063",33.057680466245706,8.623885136484319,-4.906401522029926,0.4716981132075471,-0.9240743235432951,29.928708251090114,30.852782574633398,24.8426914953392,795
686668,"Doyle, Brenton","R","70.712825585",30.314776388088173,11.523873870709993,0.5719741908439852,0.6433486238532111,1.9811870436309156,26.055088865901073,24.07390182227015,29.093949974563294,872
677588,"Tena, José","L","70.705284195",35.065777279282905,3.581406803082192,2.4100998686914927,0.355805243445693,-3.7473622239046778,30.71623512900124,34.463597352905914,25.905001470585933,267
675915,"Bañuelos, David","R","70.69118",30.751144740581672,18.605859279517663,-5.2706306304691175,0.5,4.459906015089983,34.52599725260877,30.066091237518787,32.45674630813598,4
693409,"Prieto, César","L","70.682502857",33.740210058465614,18.495018550012468,-14.643786871958453,0.5,2.3963879622796895,35.003961453135545,32.60757349085586,26.528437139904156,14
682668,"Acuña, Luisangel","R","70.680865625",25.359245570359235,3.4355250370074764,4.773021094312828,0.4166666666666666,0.9385409841859296,29.041242905047017,28.102701920861094,25.46917195966025,288
669304,"Miranda, Jose F","R","70.673243214",26.020955268119426,10.504306995690733,-4.25932255573575,0.625,6.965236181755058,35.25033531740655,28.285099135651503,31.22482629043545,56
624512,"McGuire, Reese","L","70.668454703",32.63560167180809,13.903962371841923,-7.763646887899396,0.521186440677966,-0.2900774262784045,31.84122558657704,32.13130301285543,29.251421634202465,236
681460,"Baldwin, Brooks","R","70.647178351",29.932756016034656,11.149823381587696,3.0085049789267306,0.5902777777777777,1.0051868978327039,29.47326367248424,28.468076774651543,30.140826558839375,576
683734,"Vaughn, Andrew","R","70.646951831",29.4297384611043,7.758186124768557,-1.7075314817173255,0.48404993065187235,-2.1954214778492447,29.450373374017285,31.645794851866523,29.09098962925281,721
680862,"MacIver, Willie","R","70.639498342",31.371264146944455,8.918399446887122,4.245201556450109,0.5508021390374331,-2.1696868770163835,25.72439921434309,27.89408609135948,31.269407854611153,187
677870,"Jiménez, Leo","R","70.638881538",30.52364830201171,5.453405281544519,2.186054676479205,0.46153846153846156,4.342863597187732,28.35020939837899,24.00734580119125,29.073581778889068,52
668930,"Turang, Brice","L","70.631919479",31.17839932073268,6.9256160450272795,8.256823755588035,0.44972067039106145,1.242951260908168,31.838766697188227,30.595815436280056,26.81068922481218,1074
702616,"Holliday, Jackson","L","70.609348078",31.879902980396025,8.296772662122017,5.544373567058752,0.5265265265265267,0.3140624204411192,26.17752920479859,25.863466784357474,27.56082273097851,999
666971,"Gurriel Jr., Lourdes","R","70.59273173",36.87678389574416,10.497464529668319,-6.012682705886819,0.505945945945946,2.3383255089371695,31.10291329671168,28.7645877877745,26.059970122715747,925
677943,"Banfield, Will","R","70.576871364",29.500277909057267,7.974444775248895,-12.073601767724867,0.5,4.653217993206481,37.186722565914,32.53350457270752,27.99377073532711,22
700932,"Manzardo, Kyle","L","70.576764866",37.01832575528201,17.32298917718986,-0.5949315005638259,0.5226480836236935,10.90712531866433,33.62837245773485,22.721247139070503,31.396366378731244,861
678246,"Vargas, Miguel","R","70.573510719",35.42867427608681,11.948015726303666,-3.0598735702735556,0.6448202959830867,4.785060631017624,35.37397473040824,30.58891409939063,28.06655130499057,946
687859,"Johnston, Troy","L","70.571048182",32.01740413859466,11.292636837400794,-4.113751579930219,0.5454545454545455,-0.08195975132036741,32.91599112004912,32.9979508713695,27.465920097614823,209
681508,"Gasper, Mickey","R","70.568511039",26.93133863477949,9.33477482787974,-4.879610611333616,0.5714285714285716,11.079671809359027,31.922035348709944,20.84236353935092,28.968265703348,154
695670,"Ford, Harry","R","70.560820714",35.866758935607635,19.92909937471717,-10.484098919609874,0.5,16.026343985369277,43.83221097133967,27.805866985970393,24.15178029824052,14
691182,"Amador, Adael","R","70.5571575",29.84507989728762,5.214766583043681,-7.6121065607679474,0.4021739130434782,4.735348184615627,33.692728233634334,28.957380049018706,25.875929564512752,184
672761,"Pérez, Wenceel","R","70.535845045",29.724432625558794,7.969133330470119,-4.055878964183396,0.5178571428571428,2.978272895180839,28.287184586522574,25.308911691341727,24.192997142638337,672
606115,"Arcia, Orlando","R","70.534202954",26.795992904036122,7.4030401706205105,-0.3698555062622202,0.5718157181571815,1.064208310899735,29.154726927182974,28.090518616283237,26.843155693118856,369
663731,"Kaiser, Connor","R","70.520705",30.407952731168717,8.386038957521448,-5.295994967676065,0.5,4.804046403692003,32.02483611573638,27.22078971204437,29.449546391334533,26
668670,"Rogers, Jake","R","70.518442387",31.154690453424642,16.049262633122513,-2.217474540417745,0.6486486486486487,3.854767131135795,32.45723755473576,28.602470423599964,28.84453308678485,222
592206,"Castellanos, Nick","R","70.517567823",39.95575623371369,15.062796765850441,-4.5283515181937135,0.4701159678858162,0.9842853068451078,30.78591308719843,29.801627780353318,29.036116603517815,1121
805300,"Marsee, Jakob","L","70.505809226",33.324391934206865,5.3720758589674515,-2.300399294625824,0.431547619047619,-0.2770306411160317,30.102447532666556,30.37947817378259,29.792532657881374,336
666152,"Hamilton, David","L","70.505579431",29.97908165993343,6.825069290001515,-4.606328495877175,0.4483985765124555,9.573836388793085,31.46692005980434,21.893083671011254,29.87519858595827,281
693304,"Gonzales, Nick","R","70.489319341",33.15238765004861,8.884677088965153,-0.021980813587338,0.5343839541547276,-1.9633196121141254,29.912064733216305,31.87538434533044,26.948226823329186,698
545121,"Vargas, Ildemaro","R","70.486464474",23.60876042828656,5.7887176711830834,-6.558834644803365,0.4684210526315789,10.24364300554074,28.01343684207114,17.769793836530408,24.602997425119145,190
669234,"Malloy, Justyn-Henry","R","70.478226954",40.67312490039722,15.942693941273504,-0.6163019640730668,0.5380710659898476,0.9713051246715836,31.948251782696442,30.976946658024854,28.661713641447957,197
656185,"Allen, Greg","L","70.46197375",30.7377679166678,8.5428799314922,-5.626522763075378,0.7083333333333334,-3.58282687043201,28.29928321528423,31.88211008571625,26.77872553275108,24
666018,"Aranda, Jonathan","L","70.45068209",35.559223003931685,10.16510070314776,3.68855860467355,0.5630936227951157,0.0748535531103735,27.316849628524984,27.241996075414608,29.280360621364004,737
664728,"Isbel, Kyle","L","70.435638445",24.39387680613495,2.3952127010055957,-4.317687373354685,0.35804701627486435,2.858454066045006,31.179169939899808,28.320715873854798,26.149179117475846,553
665923,"Ruiz, Esteury","R","70.43101",36.751843534044774,13.439795425125771,-2.981523146684264,0.35,-1.8248354313010215,28.317191099436737,30.142026530737763,30.123841322066305,40
673490,"Kim, Ha-Seong","R","70.407249603",23.428856328081885,5.518292577102717,-1.6915194971114194,0.5090252707581225,-0.030394432016154833,33.270270144338866,33.300664576355004,26.275397601937872,277
681807,"Fry, David","R","70.401437595",31.087667916843124,15.319086851470255,-5.463377611266118,0.6494845360824743,-0.05009254487698227,28.603514255487458,28.653606800364436,33.429902957265796,291
608348,"Kelly, Carson","R","70.395724792",33.13222065935748,11.543803673441058,-3.8366675968322608,0.5252976190476191,0.9215372169801596,30.844514300249656,29.922977083269494,29.577095942270336,672
665839,"Valdez, Enmanuel","L","70.365529452",27.454026530768854,8.605110159098272,-5.130420005822631,0.5958904109589043,-1.9594181791663812,27.892619518422617,29.852037697589,23.511438367793257,146
680911,"Miller, Owen","R","70.336737241",35.91789039444711,6.599454458217504,0.6319521086447315,0.31034482758620696,5.026918986167981,30.177168199891913,25.150249213723928,27.132602673527618,29
678391,"Vivas, Jorbit","L","70.330953545",29.362055930265342,5.152572762031511,-1.8079184886450603,0.49090909090909096,-6.785551107278829,27.067850452103258,33.85340155938209,25.833270589805686,110
666198,"Kieboom, Carter","R","70.284234444",28.629191397524565,5.969431781914535,-3.9907933491142904,0.5,4.826877764941992,30.951382649870457,26.124504884928463,26.223938596536325,18
621438,"Taylor, Tyrone","R","70.26983838",32.33251115086674,8.054853653374114,-8.381730680865527,0.5288640595903167,4.082695606143266,30.788372869436106,26.705677263292838,25.53392691124857,537
679032,"Rojas, Johan","R","70.268502586",24.321262632643926,6.28590008546226,2.689813705826664,0.5551330798479088,-0.30597419214958926,28.342603057785634,28.648577249935222,26.350891673296616,263
641856,"McKinney, Billy","L","70.252428378",35.95270918655532,11.369377392438123,2.6532046475771733,0.5135135135135135,6.708930478512508,28.926892347688973,22.217961869176467,29.20127908490851,37
673962,"Jung, Josh","R","70.24831868",37.633622611109395,11.374544881927331,2.7092235604506247,0.5267349260523322,9.505760692047092,32.07610433428561,22.57034364223851,25.019038246151528,879
666397,"Julien, Edouard","L","70.199379427",41.62298608931623,13.855909411453409,5.607021618981468,0.4554140127388535,0.4045186762527886,29.367721875695985,28.963203199443193,27.742669731301657,314
640492,"Azócar, José","R","70.187141379",39.32942326135713,2.2521615170756633,4.231115105556341,0.3448275862068965,-1.379815006906486,28.44290289636276,29.82271790326924,26.69357868468449,29
669242,"Edman, Tommy","R","70.148919579",26.575641415888207,9.8531437503969,-1.336198480543781,0.5964912280701755,1.1857964848961082,29.645231838684406,28.459435353788304,27.294214867992846,570
682657,"Martínez, Angel","R","70.14490455",33.746968898328255,12.363180335812611,-6.941567578942533,0.5596107055961071,6.773089523573574,37.41873410134869,30.645644577775116,24.45462385550771,822
669208,"Bliss, Ryan","R","70.144061897",31.452393143859123,12.556228575207706,2.1149894216812446,0.6551724137931036,3.809516662713911,29.01554218791298,25.20602552519907,28.097556427063445,58
663886,"Stephenson, Tyler","R","70.139746266",37.49442856214201,13.28916574025828,0.7185380920497292,0.5140712945590995,2.148693285166712,29.195591911145346,27.046898625978642,29.321489143863207,533
665861,"Rivero, Sebastián","R","70.122365493",34.20520778538899,11.331028475606445,-2.4901913312213937,0.6197183098591549,1.7056992824898602,30.714181991636075,29.008482709146218,27.866601721451723,71
518595,"d'Arnaud, Travis","R","70.119285531",32.75871047917967,14.920264501766155,-4.054018403081934,0.5628019323671497,3.040727956207957,31.6631990456176,28.62247108940964,29.28175514478705,414
650402,"Torres, Gleyber","R","70.100047219",34.117859116140615,9.288264197319027,4.175994328529679,0.5625,-2.1765124065736074,30.361952178327485,32.5384645849011,26.389892405475077,960
641355,"Bellinger, Cody","L","70.099456931",32.361777354597606,12.870653702154701,-3.1336739775046096,0.5916370106761565,-2.6379288136980423,30.0779836918183,32.71591250551633,21.030530438662854,1124
680737,"Helman, Michael","R","70.092957539",27.94400222889383,12.017058149538991,-9.211135193209032,0.7486910994764396,1.6388665504803517,34.08324752972473,32.44438097924438,24.95121138670702,191
686681,"Massey, Michael","L","70.077532701",31.422893356543156,13.346305620969755,-6.438035108923231,0.597938144329897,5.22016410473023,32.28599528677811,27.065831182047894,27.06684344060487,485
702176,"Roden, Alan","L","70.056524273",27.129630310494008,9.654351049613668,-5.294054213565648,0.44493392070484583,8.339412547148914,34.844253473833774,26.50484092668486,28.227339527472907,227
664954,"Sullivan, Brett","L","70.0212175",32.07192051212494,5.42986260259264,-6.737396725391648,0.5625,-0.6462393441249743,30.58390160344225,31.230140947567225,27.601230644088982,16
695257,"Cook, Billy","R","70.008233636",30.97290611890823,12.933050687330587,-8.060459852453596,0.6363636363636364,8.360320511973557,31.92932728979068,23.56900677781712,26.544308819918196,11
687478,"Devanney, Cam","R","69.999915286",32.809807230933,13.010217935235282,2.0017421913605884,0.5571428571428572,-4.756014128263817,26.957818518752983,31.713832647016805,29.093519288225583,70
694362,"Dunn, Blake","R","69.997036696",38.173424574002986,4.694312997406863,5.924817579167124,0.39285714285714274,1.0866084384561212,29.5302133176318,28.443604879175677,29.161618946378397,112
663368,"Perkins, Blake","R","69.982733222",30.294525706702135,8.758144148796715,3.3370911746717873,0.5648535564853557,1.386312121497605,27.033848902408327,25.647536780910727,30.525202974184186,239
664774,"Wade Jr., LaMonte","L","69.981703083",31.82881732544765,9.025839098903367,0.3744336103375475,0.5335120643431635,0.7784374784098557,32.301422274196256,31.52298479578639,23.252122217715726,373
677587,"Rocchio, Brayan","R","69.981694791",28.948480850609325,10.930645882374392,-5.818616603616595,0.508038585209003,8.33479924281276,34.21656702143363,25.881767778620866,23.857290079787568,622
668939,"Rutschman, Adley","R","69.967917711",34.52693569591608,9.426417158442415,-1.4571214331053375,0.4784240150093809,-0.920564628755382,26.098857525336786,27.01942215409216,26.387170799767553,533
702358,"Lipscomb, Trey","R","69.9577625",33.406203890919016,-5.061588050908296,15.93742077411406,0.25,-9.220301764829202,18.016266989029006,27.236568753858208,32.29194063337803,4
645305,"Sánchez, Ali","R","69.955427561",32.2783750320399,11.177055034663994,2.0013872476901375,0.6585365853658536,2.7614809451853555,31.033022320786472,28.271541375601114,31.002862543179347,41
683766,"Koss, Christian","R","69.950367483",28.249890836437164,9.009572723260677,4.933806039175074,0.5794701986754965,-1.4583624744329913,25.602589778657027,27.060952253090008,29.455338123288783,302
694497,"Carter, Evan","L","69.906292816",32.73755850950162,8.7002948609134,-8.199875712444923,0.4620253164556962,5.905566517736151,34.8335462346664,28.92797971693024,23.77299703326038,316
656413,"Fairchild, Stuart","R","69.8888",37.3150983315448,13.63033565148277,-2.9299815543762366,0.6071428571428571,-0.3441292701238322,31.01898969727134,31.363118967395163,22.696286815490375,84
680837,"Fitzgerald, Ryan","L","69.883352286",30.77983478307383,15.166727839300947,-5.330342996302002,0.6285714285714287,-1.8308132093557647,28.760490842428688,30.59130405178444,28.584412433941708,70
678009,"Meadows, Parker","L","69.87324509",30.147745907563632,7.733588146380369,-3.633605524809369,0.4728915662650602,6.786277565469771,34.159863424172464,27.373585858702686,29.348183348924902,332
670770,"Friedl, TJ","L","69.861389709",28.29370275475461,9.327535431422286,-7.818723461526768,0.5955307262569831,8.055784400443592,40.343111088664,32.287326688220425,24.36193249614226,895
542963,"Brantly, Rob","L","69.8545425",34.55752794767121,11.770424632685454,-6.188285192677725,0.24999999999999997,-0.8847636750430676,28.19988591765574,29.084649592698813,26.765932044577596,12
621035,"Taylor, Chris","R","69.853467488",37.44575531592581,12.547462209514821,-1.8335374519308383,0.49302325581395334,2.0309760278407882,34.26288406033042,32.23190803248963,31.77737936687296,215
518692,"Freeman, Freddie","L","69.835693704",43.06820720153098,10.657129330923286,1.0212022624104429,0.4632352941176471,-2.1921336669851588,26.95562333421949,29.147757001204642,30.383446314163216,1088
676439,"Feduccia, Hunter","L","69.820053278",34.905748902443264,10.705538039779157,-1.3671535287332621,0.4944444444444445,8.452748436313572,31.20818764741948,22.75543921110592,25.738824916346395,180
695336,"Saggese, Thomas","R","69.810160019",37.836306761339564,7.8162707365298525,5.458488359261845,0.4084778420038535,4.890467267523092,27.232779221550533,22.34231195402744,26.444495955665342,519
669257,"Smith, Will","R","69.732036393",33.986361772609314,11.746476628485633,0.9047324666495236,0.6270928462709285,-1.691303503650171,31.2290022301223,32.920305733772466,28.989300402976177,657
694359,"Kavadas, Niko","L","69.707511765",39.79895746648483,18.753474237859134,-4.838556561091088,0.3529411764705882,11.849266207717,37.21461662405179,25.3653504163348,27.2757262762799,34
664983,"McCarthy, Jake","L","69.68168931",32.27981460471245,8.419751377084593,-1.206359344503052,0.47701149425287354,-1.8842643051714105,28.433219475977396,30.31748378114881,32.415634092097044,348
810938,"Williamson, Ben","R","69.676885684",32.90851021486442,2.5550664285399405,5.790753499820143,0.32421875000000006,-2.264505750356181,25.487428791444366,27.751934541800537,28.599085102054175,512
677060,"Stevens, Chad","R","69.6731196",41.47623948932347,3.6280838986631876,1.2863569715679994,0.16,3.793340027094253,26.080456657194787,22.287116630100535,26.680216510783385,25
670097,"Short, Zack","R","69.668127674",33.00672743163454,12.89514545083373,-1.9557005427704233,0.6511627906976744,1.2592386298766114,34.65092576524034,33.391687135363746,25.59922005594819,86
605361,"Martini, Nick","L","69.66680343",30.416571729328595,6.968606674972596,-1.377104299810258,0.5116279069767442,-3.2395645777408064,26.400272688399482,29.63983726614029,28.475837158315073,172
664068,"Kingery, Scott","R","69.655264231",33.898134193213295,13.730008077092954,1.6837695190510775,0.7115384615384615,-2.1247716672248256,29.2982264370731,31.42299810429793,27.147164291382207,52
596103,"Slater, Austin","R","69.653512483",37.39087955744259,10.210750264590454,5.2978447844655205,0.5384615384615387,-4.347072388035,29.530945037308687,33.878017425343685,25.801784360529734,286
514888,"Altuve, Jose","R","69.651233409",28.787808457196476,15.300179707385686,-5.639412115577903,0.5530381050463441,17.255812319009053,30.094991233494184,12.839178914485137,30.143309844640687,971
686475,"Tolbert, Tyler","R","69.622010435",27.479801126904942,10.144947746331571,-9.5021572846302,0.5217391304347826,4.39878817620828,35.257039189957155,30.85825101374888,25.891931859458772,92
683737,"Busch, Michael","L","69.620373613",36.74591264973783,16.34573205930629,-1.0560448956783093,0.5052521008403361,1.5465881096744456,32.51888586052291,30.97229775084847,26.490260458669262,952
688363,"Pauley, Graham","L","69.617436268",28.595840505834204,9.02567456757648,-4.882087243696845,0.5563380281690142,6.293919057115871,32.53658044012026,26.242661383004396,25.173314688628864,284
680574,"McLain, Matt","R","69.613203195",32.05682004807143,11.394833749594918,0.04200716946913852,0.5661434977578477,3.991343288252404,32.103835273375886,28.112491985123462,27.06088517936732,892
671083,"Kennedy, Buddy","R","69.601734082",35.32024568235933,6.373346387692505,-11.07155851663034,0.36734693877551017,3.331933249396283,32.665569235065895,29.333635985669606,24.7160283373749,49
807713,"Shaw, Matt","R","69.579410406",26.765576428778655,11.040384116389747,-1.884670072522248,0.65406162464986,1.8919637627949666,31.589819522942822,29.697855760147856,28.243192582078766,714
647351,"Toro, Abraham","R","69.538993216",31.917557519875835,11.193494637385548,-2.6730690187035844,0.5278350515463921,6.457509381747194,35.45995697655861,29.002447594811418,28.834079381663,485
666023,"Fermin, Freddy","R","69.535072057",34.52773632431565,8.897078020884244,-0.7029549848946128,0.4960127591706539,-0.35393931406966356,28.73778356716911,29.09172288123877,27.6069338040324,627
592696,"Rosario, Eddie","L","69.530124286",30.058161307016675,11.987522874138243,2.1643662882231665,0.7142857142857143,0.8624506374020401,26.94124905839666,26.078798420994623,30.09006335538183,14
666158,"Lux, Gavin","L","69.528860013",33.275364463979834,11.343614684402088,2.387106744631083,0.45140664961636834,-1.119442628082069,32.151498774145225,33.27094140222728,26.492514467943966,782
667452,"Julks, Corey","R","69.509182727",32.837025124717584,10.065759706364886,-4.419953579150199,0.36363636363636365,0.9999989922804432,35.35386398094796,34.353864988667524,31.145607065904787,22
650859,"Rengifo, Luis","R","69.505862365",33.6008563088232,7.187632931862597,3.842373826356977,0.4873487348734873,7.907409985147607,26.47188801114725,18.56447802599963,26.31244982788051,909
686797,"Lee, Brooks","R","69.485051778",30.889969510620812,11.252028536898804,-4.480577157861329,0.5766081871345027,3.263446456897038,29.978361525350902,26.71491506845387,27.90738335181925,855
621493,"Ward, Taylor","R","69.483565123",32.111733739823826,9.13229171317203,-2.89589877826166,0.5580357142857146,1.8106262586808466,33.4658395692666,31.655213310585747,25.71824011256805,896
600869,"Candelario, Jeimer","R","69.482962515",35.825077507941266,15.958816065838136,-6.595239729300842,0.50920245398773,4.170717036549738,31.070723239907053,26.900006203357325,27.47855173425206,163
643376,"Jansen, Danny","R","69.471516098",29.85594758704627,14.964812913988691,-5.119075200109956,0.623529411764706,12.420075917079291,35.23683757881099,22.816761661731693,30.23538793518363,510
650968,"Pozo, Yohel","R","69.455514094",25.759148175331706,6.759385295908781,-1.9817472339688302,0.471875,5.551252636064575,29.13751739387169,23.58626475780711,29.275764929978397,320
691019,"Teel, Kyle","L","69.434910622",38.80828674947867,11.098783776592063,4.766421989568842,0.39211618257261416,-1.3401708938530206,28.91292712133181,30.253098015184822,28.41045929948389,482
649966,"Urías, Luis","R","69.408950392",27.801235832514458,11.17756716525135,-2.005772101448673,0.7134020618556701,0.08562217057628332,29.692658598026245,29.607036427449952,25.94422711336406,485
685744,"Corona, Kenedy","R","69.406686667",26.001482861641964,3.2980393821352356,7.788408348904975,0.33333333333333337,-9.344252992946348,21.85664266486243,31.200895657808783,27.74620281399727,6
677008,"Kjerstad, Heston","L","69.377632774",38.028202743681305,12.654637821463647,2.274934546574623,0.4741935483870967,-1.354583895212214,28.595347874759224,29.949931769971435,29.122990168528062,310
679845,"Loftin, Nick","R","69.354937855",29.8097459963078,8.351791408768976,-7.632361758671597,0.5309090909090911,6.158813286618343,34.99479003596056,28.83597674934221,28.02857433652001,275
672012,"Black, Tyler","L","69.350726667",38.77379371024998,8.686689680865394,7.5971717087295385,0.5,-7.564122273781588,20.256393200368198,27.820515474149786,25.88596291078568,18
686823,"Brennan, Will","L","69.345284118",31.215865683786237,6.839386878937932,-3.6923876116729955,0.35294117647058826,3.3312308614078625,31.646756367553397,28.31552550614553,28.769641652914498,17
681082,"Stott, Bryson","L","69.344000817",32.77119787827068,7.50089908463355,2.0513941818809647,0.5153234960272417,1.5920876720864188,28.217229522771092,26.625141850684663,23.713356843697884,881
681393,"Norby, Connor","R","69.332296729",41.43894913894714,19.657596299204986,4.230691188526728,0.373083475298126,5.537926891052391,32.25764128739592,26.719714396343523,26.06099592901152,587
622569,"Reyes, Pablo","R","69.316990385",26.700675315621726,5.887037473467633,4.623974262461503,0.5576923076923077,-4.581545478133636,26.73103867352702,31.312584151660662,27.638907139283326,52
680977,"Donovan, Brendan","L","69.302597568",30.359469679708766,7.841936061624809,1.881692038181289,0.4931693989071037,-1.5400269272502032,24.86279923450826,26.40282616175846,28.481412813969513,732
665926,"Giménez, Andrés","L","69.299103323",31.362738925915036,8.252365731018452,3.0327719914387106,0.4846153846153846,2.2273600657315016,29.192069310096905,26.964709244365412,29.340691301321492,650
683083,"Nuñez, Nasim","R","69.288364688",29.549652173826342,4.946450995373893,6.6423304414042565,0.43749999999999994,-1.486497102145612,27.48855312892493,28.975050231070547,29.17656350412059,160
665828,"Cabrera, Oswaldo","R","69.239896649",32.11741923057588,8.504798347669608,-0.7867146395667766,0.5863874345549739,3.7301128565055213,29.076299286925924,25.3461864304204,27.130710014823293,191
682515,"Porter, Logan","R","69.236596364",29.36715145710799,14.865347285086607,4.604690006872412,0.5454545454545454,-2.078332874114696,26.631926996029975,28.710259870144668,27.22844067199447,11
628451,"Ibáñez, Andy","R","69.228058072",29.294944327485556,6.542472944699677,-2.503970670812026,0.4728915662650603,0.1026605009148975,28.724369978637494,28.6217094777226,25.481570602351148,332
668800,"Knizner, Andrew","R","69.222260444",25.68813412699842,8.546279747780542,-0.8884469004693117,0.5407407407407406,6.203956930889653,33.70884895203607,27.504892021146432,24.884159523843337,135
666149,"Fitzgerald, Tyler","R","69.213213196",35.17969558207538,13.563278499493777,-4.7010571581345895,0.4794188861985472,3.906475044615146,31.54208108595283,27.635606041337685,25.565869639578718,413
681584,"Villar, David","R","69.209375882",35.43673079788082,13.951832499856726,5.512015636755718,0.7352941176470587,-6.002474662210576,25.870335288029644,31.872809950240224,32.38950866389584,34
607680,"Pillar, Kevin","R","69.138335823",32.11759597606884,8.939548869746444,-2.209077237295822,0.5189873417721518,2.804155168867049,30.94054977218244,28.1363946033154,28.297869483560483,79
695734,"Lile, Daylen","L","69.128250514",37.84882797929766,9.283492973182732,-1.1121584187811597,0.5091210613598673,-2.488429259166065,26.46615713638272,28.954586395548784,25.774157865766043,603
682653,"Bernabel, Warming","R","69.111910039",33.75202124636071,4.164875483360873,-17.206476394898413,0.3813229571984435,7.181548013473915,33.433412784564936,26.25186477109103,25.31484530811158,257
690022,"Ritter, Ryan","R","69.100220751",35.23481919364583,10.346264663919706,1.2613113957354856,0.4075144508670519,2.0497797873981174,27.894350599541557,25.84457081214344,27.4172956055796,346
672569,"Campero, Gustavo","R","69.091819107",31.54240031185642,12.585244918365243,-2.715575904109977,0.45535714285714296,4.365871113348605,30.27297991365082,25.907108800302208,23.453471739004936,112
641313,"Anderson, Tim","R","69.081139634",36.97554404477596,8.426168135894969,3.6855427845433653,0.5182926829268291,10.855175923925245,28.946843912346925,18.09166798842168,27.058388700601125,164
666182,"Bichette, Bo","R","69.075368175",37.48136894396147,4.314259772572864,1.584360462240896,0.3320790216368767,-3.0019576687323557,24.368588690694338,27.370546359426694,25.098372527471962,1063
676609,"Caballero, José","R","69.060717789",31.56974240213016,10.084698773464268,-0.6001370960933519,0.5122807017543859,13.257856773103809,34.23618676644653,20.97832999334273,23.85403259113304,570
691720,"Karros, Kyle","R","69.05321877",37.83757981185724,7.410051232985634,-7.175725702679789,0.459016393442623,9.190847034750183,28.392614283983434,19.201767249233246,28.917466772303076,244
672279,"Siani, Michael","L","69.049441429",30.049741832447342,8.796186323557173,4.620001473841984,0.39285714285714285,1.432116883980668,26.504855863436966,25.072738979456297,28.01963318024669,28
643565,"Tauchman, Mike","L","69.048286873",34.211265980985914,8.409355826103264,1.221592751317749,0.47734138972809664,-3.06569032155487,30.366112289349594,33.43180261090446,29.63100131784725,662
695238,"Wagner, Will","L","69.046124359",31.80940808016005,4.707374829588726,0.594068516670497,0.3516483516483517,1.7398727342778448,26.798237053275294,25.058364318997437,27.355406025069307,273
669701,"Smith, Josh","L","69.01794567",36.47975270580308,8.511336987358703,-1.7052881985949384,0.42967032967032964,-1.0678219265778506,30.69656604649151,31.764387973069358,27.11451662622601,910
621512,"Nido, Tomás","R","68.989770806",31.434218375348564,12.342372511808213,7.034396422725506,0.6129032258064517,-0.5343972686685985,23.222534590257126,23.756931858925725,32.59827672414519,62
641680,"Heim, Jonah","R","68.979309635",28.601007503291868,11.023708322421344,0.3436547333803954,0.5959459459459456,-0.8287797081446225,28.300419591998434,29.129199300143064,30.875423431632406,740
687363,"Scott II, Victor","L","68.969854833",32.2202516677026,9.66829257649729,-1.7205296718419714,0.5334346504559271,8.239490323875442,31.68651894142021,23.447028617544767,24.082459679028656,658
670623,"Paredes, Isaac","R","68.957270214",32.4839128601671,15.534500121715773,-15.373779190496252,0.5526717557251909,6.90896199469886,37.774156268912584,30.865194274213724,25.829988105941776,655
645277,"Albies, Ozzie","R","68.953930684",34.90476332659999,12.745784822671142,-5.36047588408107,0.5861456483126112,2.267247803017365,36.867125430517284,34.599877627499914,21.592743558238098,1126
680577,"Keirsey Jr., DaShawn","L","68.941201274",31.13057382400581,3.8971788632651654,6.943580564700128,0.34394904458598724,-5.741282326498079,20.520068016353978,26.26135034285206,27.997347152725204,157
605141,"Betts, Mookie","R","68.938975708",34.58363037281042,9.236313445933401,-5.393568308043776,0.5604142692750289,7.417810294397545,33.12653219162862,25.708721897231058,28.647139513610956,869
701675,"Church, Nathan","L","68.91755913",34.32443214498097,5.4026556185569214,1.8439303850247188,0.31304347826086953,-1.8103743974320543,29.929260232303612,31.739634629735672,28.218680178035445,115
669326,"Teodosio, Bryce","R","68.915696014",32.724963694000536,9.45996044688546,1.6907293571812985,0.512455516014235,6.637851506504298,30.222513726668083,23.584662220163793,29.29027296961798,281
670276,"Stevenson, Cal","L","68.854708",31.68686156325835,9.915053760939559,7.401370785896325,0.5,3.768925540101252,25.059739418894132,21.290813878792886,31.902439755127908,10
578428,"Iglesias, Jose","R","68.846501711",33.527562324274896,2.6478180270877685,4.148318927736977,0.3327067669172932,2.2885946796490253,24.729840335634776,22.441245655985746,27.281109757214463,532
682868,"Ramos, Bryan","R","68.835045",28.03418752651988,7.049289158285942,-3.7657693909387353,0.55,0.03038059701561935,25.141501153550976,25.11112055653536,30.091052078467847,20
624431,"Trevino, Jose","R","68.833057034",23.321702254154765,9.072712506105805,-2.2940910322011328,0.7241379310344829,9.40392364350879,30.414201606803516,21.01027796329473,32.45612073177179,435
571912,"Maile, Luke","R","68.803469875",33.88447307135181,10.811882619956048,2.6999696036783574,0.5374999999999998,4.452103618116604,31.99165511092125,27.539551492804648,24.916339099601032,80
543592,"Nola, Austin","R","68.766785362",30.092020007336423,5.365526135600457,2.9233940977643664,0.37681159420289856,3.4632087386643056,27.744817563863652,24.281608825199346,27.00086173932697,69
670764,"Walls, Taylor","R","68.742484286",34.37515391241779,10.320495916593277,3.7949160295896185,0.5794768611670017,-3.0878323446553098,26.235133208637244,29.32296555329256,26.127856653619357,497
666163,"Rortvedt, Ben","L","68.733233495",28.8024521407444,10.871008950075883,-0.8182648880196923,0.5970873786407768,1.4787187860869835,28.796265489871676,27.3175467037847,27.03597262179939,206
643217,"Benintendi, Andrew","L","68.732955156",32.4781326504998,15.82248495570488,-5.047437020650135,0.5468750000000001,4.344123785178877,35.221786584383146,30.87766279920427,22.40530137727831,768
669256,"Solak, Nick","R","68.725744118",29.608586935710896,14.662518943941148,0.9707148787906883,0.6470588235294119,0.3072945909331475,29.242847771562094,28.935553180628943,27.708383541443204,17
669200,"McCoy, Mason","R","68.718120323",29.777655350440188,7.7759067409908225,-2.01263871384433,0.5483870967741935,2.531494647556132,29.370362424683815,26.83886777712768,29.203864349354465,31
666185,"Carlson, Dylan","R","68.696922743",36.094222029328826,10.787139665620863,0.684741262618274,0.5610972568578552,-1.277924551271956,27.694560466103624,28.972485017375583,25.437180031746603,401
669392,"Taylor, Samad","R","68.64366",36.59033273840125,17.097540007568682,-9.708063692258623,0.30000000000000004,20.08536989189363,39.92858844610765,19.843218554214015,21.795380018648146,10
690987,"Hassell III, Robert","L","68.64226375",38.09267654368058,11.826814784712958,7.212486176094421,0.5654761904761906,2.3721144811361214,33.698718014271556,31.32660353313544,25.748813585360733,336
669369,"Johnson, Bryce","R","68.613228165",37.16483561278421,8.638619467682831,2.9756296338926034,0.4587155963302753,-1.447645090665452,30.302287528796388,31.749932619461845,26.452905965363914,109
592192,"Canha, Mark","R","68.597147864",32.40752202761379,11.423868037809338,-1.011854459109403,0.5388349514563108,5.310802270598532,30.469134798503635,25.15833252790511,26.6167518191551,206
680474,"Schuemann, Max","R","68.587202012",30.48226924321733,8.25992576567549,2.6853814400194613,0.5417956656346747,-4.043528053202362,26.205265627927893,30.24879368113025,28.641236380121125,323
570482,"Urshela, Gio","R","68.560641921",36.12371769989753,10.932980457985455,3.670809560081437,0.5847457627118643,0.9753652297459267,31.908110797608146,30.932745567862213,28.168104848715895,354
605113,"Ahmed, Nick","R","68.504327059",26.495044569743293,15.299258230594246,0.030876425755746784,0.8235294117647058,0.42377361787843415,32.2093378186873,31.785564200808864,32.27647565702607,17
666150,"Fletcher, Dominic","L","68.499352131",25.86509123304122,6.622107951097537,-3.4444946293461447,0.540983606557377,0.13871437193122987,31.416146441148797,31.277432069217575,25.18788670699979,61
691185,"Acosta, Maximo","R","68.482059762",26.572601853967083,12.910355757298468,-1.2257405530803358,0.7261904761904764,4.315322295536333,33.70940690002545,29.394084604489123,24.55890487035309,84
681962,"Capra, Vinny","R","68.472086338",33.72102474868231,11.646778517878138,-5.71249558878019,0.528169014084507,2.8094645918504493,30.401222061228417,27.591757469377974,27.41383710447472,142
605353,"Machín, Vimael","L","68.468196",24.147365268199813,8.767244897164765,4.893633334503278,0.5,-0.8906817541580255,27.662972226766463,28.55365398092449,32.922509923832905,20
543760,"Semien, Marcus","R","68.450021555",34.796775582367054,15.77199027428427,-3.8524134396231666,0.5679723502304148,2.4937948021496807,30.501973006986063,28.008178204836383,23.99038827264708,868
663538,"Hoerner, Nico","R","68.427532177",33.29175150607236,5.854095869443318,-1.9063480510098316,0.4798387096774194,-2.637507562369487,27.12077825183729,29.758285814206776,27.55856905375123,992
687462,"Horwitz, Spencer","L","68.427090424",35.85151335410401,9.839217013371341,-1.6864643685913667,0.44736842105263164,0.5185324200987881,29.94211411715985,29.423581697061056,25.226028112978724,684
660644,"Bruján, Vidal","R","68.424291847",32.27289490307141,7.820126880234643,1.2493266667446072,0.5350318471337581,-3.6526654291343115,28.32004075883778,31.972706187972097,28.802597813324166,157
669289,"Espinal, Santiago","R","68.420807282",34.55020267175331,6.6985703422579945,-1.740613860846418,0.5119047619047616,-4.940177563858293,31.69386410195373,36.63404166581202,25.818130875708544,504
655316,"Monasterio, Andruw","R","68.351776352",34.803179648324246,13.502907025468357,-4.389611678206701,0.5236051502145923,7.28003315198806,34.762785160552475,27.482752008564425,25.374802094051216,233
676694,"Meyers, Jake","R","68.350581765",32.40450877996373,6.823391372795962,-2.442205930499155,0.42884250474383306,-0.8946378669362312,29.710642194021414,30.60528006095765,30.57746485811132,527
691594,"Sanoja, Javier","R","68.333636695",20.39324487739168,2.227642142441446,-3.011661192885393,0.32203389830508483,6.406643912112516,27.375317839658848,20.96867392754634,27.54021382745987,472
808982,"Lee, Jung Hoo","L","68.330734617",39.45050068895991,5.197958065603954,-4.615646682309553,0.4070021881838074,3.5132672104740865,30.197303386739073,26.684036176264986,21.117677216196487,914
696285,"Young, Jacob","R","68.312609798",31.118461077033306,5.922029018334714,3.9560195620626564,0.5020161290322581,-3.6166228137138643,26.18208648116439,29.798709294878265,31.48478444715469,496
668845,"Schunk, Aaron","R","68.307601148",35.26346203562174,5.9132751462915705,-1.409145775188387,0.42622950819672134,2.906552112700832,30.00880358264873,27.102251469947902,28.727441559442457,61
656896,"Rivera, Emmanuel","R","68.284801216",32.34912098186193,6.2090185586620175,0.2763069988890127,0.5315315315315317,6.894883215968415,30.011837430880135,23.116954214911704,25.054441346681433,222
675659,"Jones, Greg","L","68.27423",33.10955477279631,7.296880021205627,10.317898404462554,0.33333333333333337,7.038145012351333,26.986451289834733,19.948306277483404,23.340069324140547,6
668885,"Martin, Austin","R","68.243464715",39.866773719327576,10.244292331517403,-3.3872362740009754,0.5813008130081301,-2.774762340000934,30.59269595600375,33.36745829600468,26.791212736756513,246
672695,"Perdomo, Geraldo","R","68.234754545",35.4036644667845,7.376756414350219,-1.7599837738534083,0.49755142017629767,6.604491789706508,25.255569772934663,18.651077983228156,25.551525025487074,1021
678489,"Barrosa, Jorge","R","68.226985255",27.906074205400387,15.33080423382616,-6.421175621996946,0.5839416058394163,7.630201384786065,31.2411246209253,23.61092323613924,27.64334076446702,137
622268,"Walton, Donovan","L","68.186365385",33.224454799412754,12.012620493895469,-0.05699152605755309,0.4615384615384615,2.71066478159414,31.92526234941799,29.214597567823848,28.859916359307213,13
687231,"Hernaiz, Darell","R","68.163175",32.562587648610105,5.9704181896859705,0.7532010353141598,0.4610389610389611,-3.3701236741788962,27.44428596741019,30.814409641589098,27.16128768560258,308
686217,"Frelick, Sal","L","68.148373639",28.144734677758546,8.521229205064456,-1.6749149914920771,0.5204081632653061,-3.1922380935099124,27.718258872346855,30.91049696585677,27.36957154816537,882
643289,"Dubón, Mauricio","R","68.117054729",29.829987404846573,5.5154171401865835,1.000465736855073,0.4601910828025477,0.741061808859331,26.945388468119532,26.20432665926019,28.30993258916665,628
500743,"Rojas, Miguel","R","68.10314681",32.083869808982726,7.589072819693946,-4.308895740208882,0.4886877828054298,5.201106818199068,34.696156544066305,29.495049725867254,28.67105542963923,442
621028,"Newman, Kevin","R","68.08317224",31.718299997585433,6.712964044656578,-2.370480106060209,0.4583333333333334,5.984031657669204,32.13536003608874,26.151328378419542,27.214116185902654,192
624415,"Biggio, Cavan","L","68.042444955",36.93555597038347,13.80392366885547,-6.68004204113105,0.5675675675675675,2.8723903711576466,30.612937827126373,27.740547455968724,24.85523889244157,111
680700,"Palacios, Richie","L","68.035001538",22.879823933732325,6.374273073016066,-1.4481052267501593,0.5846153846153846,-3.6308218270758252,28.641432868278123,32.27225469535395,27.95190025480681,65
608671,"Jankowski, Travis","L","68.017074789",33.95730961233062,-4.039143182432198,-1.8858181562706366,0.15492957746478872,-7.829867664230592,22.640220482401965,30.470088146632552,28.19701595223481,71
665877,"Fermín, José","R","68.012819302",33.63248433885784,8.992314700378357,-4.471756150695961,0.5465116279069769,-4.030223968974576,29.624719637528216,33.65494360650278,26.011135315610638,86
664770,"Lukes, Nathan","L","68.002938512",31.692171145743227,7.352273429814333,8.125559252333735,0.4349710982658959,-0.6303565927169497,26.19609314389747,26.826449736614425,30.677223778560133,692
702332,"Durbin, Caleb","R","67.911098762",27.57682615813088,8.045600199771538,-3.9523364361196,0.6372688477951638,-4.536857754988833,27.833465424419572,32.3703231794084,27.15951559722629,703
671976,"Peters, Tristan","L","67.908487727",31.974208111787117,17.35041267154725,-2.6846188186612894,0.4090909090909091,5.490861723243004,30.50542438146689,25.014562658223888,31.272682935313313,22
681146,"Bride, Jonah","R","67.906411032",30.838475776152347,15.805428094370722,-0.6715984406298645,0.5161290322580645,7.6540571513532365,33.68027369760398,26.02621654625074,30.796390231794106,155
678225,"Bae, Jihwan","L","67.8941485",30.75729811722291,5.56269414923266,7.933223558866466,0.37499999999999994,-4.777953148185268,26.12099305477356,30.89894620295882,25.534559022988315,40
689172,"Wisely, Brett","L","67.84010887",33.17914146960438,10.2815727228579,-0.8668008725932006,0.5304347826086956,5.81116670521005,30.43636160017206,24.62519489496201,23.117481460854737,115
668942,"Rojas, Josh","L","67.787494371",32.114976111986664,9.844566298806143,1.221435869451681,0.5597484276729559,-8.34017212856643,24.250203112530464,32.59037524109688,29.608435452395845,318
686765,"Sogard, Nick","R","67.7871206",32.6736430372802,14.949412753835555,-4.522262738276222,0.48,20.399353163027723,39.06190605703547,18.66255289400774,27.665453551880073,150
642086,"Smith, Dominic","L","67.773309755",35.21466348555265,12.497940212707942,-4.068036924470382,0.5231607629427792,5.341715663116558,35.743244778923795,30.40152911580724,26.372578122375778,367
805373,"Alvarez Jr., Nacho","R","67.751631918",30.379601434761426,6.25618161967301,-0.07307474347378828,0.4246575342465754,-3.275505260290367,28.9096649272749,32.18517018756526,26.624801818680123,292
670032,"Lopez, Nicky","L","67.7394365",26.457749244651865,7.899382948103863,3.7108349032218118,0.5000000000000001,6.788824742136364,28.68905940605835,21.90023466392199,29.51371437211394,40
676391,"Clement, Ernie","R","67.593091087",32.18572885501652,11.583404789446181,-3.0773608108758754,0.5953757225433526,8.509094682518718,31.12976545262968,22.620670770110973,28.260260347949146,865
518934,"LeMahieu, DJ","R","67.555492135",28.282547341029847,5.609495054705476,12.735423527525954,0.48437499999999983,-8.310743157952556,22.03727543062808,30.348018588580636,32.95016877275617,192
700337,"Quero, Edgar","R","67.50617448",31.548478473489592,5.936384732780732,9.596297892254878,0.518348623853211,-9.080224678824147,25.105368440169666,34.18559311899382,29.62273792678728,654
656716,"McKinstry, Zach","L","67.505684994",37.39781389663766,9.828464109489696,1.440834516183379,0.4314185228604924,-0.10466778789120461,27.244245162850397,27.348912950741607,26.44881888628532,853
805367,"Meidroth, Chase","R","67.417728329",29.39479525279569,6.61417298069727,2.1447371953211314,0.4855907780979828,-2.486735249334285,29.10038502961574,31.587120278950028,28.22448198055828,694
670156,"Mastrobuoni, Miles","L","67.404066311",32.80861175534225,8.047551381559115,-2.2790173588479603,0.43555555555555553,7.609991066349177,33.58286738291089,25.972876316561717,27.307282403849538,225
668974,"Handley, Maverick","R","67.391062179",30.461982463656245,6.130051011720256,6.668317444323919,0.5,-2.4965037602495777,27.049204698789694,29.545708459039275,25.342260221905892,78
694384,"Schanuel, Nolan","L","67.373447646",38.42568031448689,8.563187330994817,-0.7427394198253667,0.4587378640776699,0.6228574623681925,30.630412920146455,30.007555457778274,23.24210384800781,824
689414,"Hicks, Liam","L","67.366482416",32.63188975159521,9.035206602540171,-1.8206262298159757,0.4871287128712871,2.6535235524823775,30.07315676383832,27.419633211355944,26.266035097866343,505
663967,"Salazar, César","L","67.338380476",32.61191709419896,10.798352066962583,0.4856106764070716,0.6666666666666667,-0.6303431823450316,28.874541420639332,29.50488460298436,25.343688908939363,21
657077,"Verdugo, Alex","L","67.314701563",31.010806576416293,1.7701862570462084,-0.5914448692398603,0.30902777777777785,-0.08600504843010709,32.02332176861897,32.10932681704907,23.41710079302778,288
683227,"Freeman, Cody","R","67.3118115",25.634119899745635,10.275295139397421,-2.540246857498133,0.6950000000000002,7.425985944277731,34.50114840744844,27.075162463170702,26.271823090753312,200
677941,"Adams, Jordyn","R","67.31037375",30.54375971298411,6.476035883642545,15.649276577534687,0.625,-10.744572689327358,19.834136256125213,30.578708945452572,31.659246108739374,8
663968,"Mangum, Jake","R","67.2559597",29.27532005325205,2.2537350598982395,11.541222747137855,0.3120104438642298,-5.41817041923714,21.025638102281942,26.443808521519077,28.52460599248568,766
808975,"Kim, Hyeseong","L","67.220404932",41.56784917489175,10.035202835754305,0.18203150669422613,0.37500000000000006,-1.5596678568884732,25.30436729665626,26.86403515354474,26.047224582981013,296
607732,"Stallings, Jacob","R","67.137767915",31.739205882765816,12.252855515950401,3.491567494741904,0.5106382978723404,0.6762700235734261,27.33473258092371,26.658462557350283,28.4547445486143,235
506702,"León, Sandy","R","67.10968",32.39058679096979,17.226323773584053,-3.1163866339426516,0.47368421052631576,-0.8886622695252752,32.51424205604428,33.40290432556956,29.076528630986967,19
641658,"Hampson, Garrett","R","67.087882835",30.525332497131355,9.411924802854307,-2.8694815211042615,0.4803149606299212,-1.6448868661302427,33.371174606523454,35.01606147265371,28.173183374200054,127
687957,"Harris, Dustin","L","67.077543537",40.187376183749095,11.436036571557723,-8.642919304282811,0.3170731707317073,16.107605346148542,34.344532734582344,18.236927388433784,23.97378918244152,82
807712,"Keaschall, Luke","R","67.055213051",35.57889132899887,8.113788815294168,-1.2070011621133783,0.5,9.74854554376471,33.10233330209969,23.353787758334978,27.61037855282194,272
664702,"Straw, Myles","R","67.044576449",35.76935759859024,6.642891866333358,3.3587214447320393,0.4485981308411216,-3.0442600405457427,26.188032050385132,29.232292090930876,25.947762597601933,428
683021,"Stefanic, Michael","R","67.001854138",30.784251664938793,6.045859311565172,0.34030674888348655,0.2758620689655173,3.839809599949236,29.74077743705498,25.900967837105743,27.999588834738898,29
645302,"Robles, Victor","R","66.984694583",33.26999918095558,9.540642346392588,-3.0078772846027824,0.4739583333333335,13.784686978092335,23.2245313221445,9.439844344052169,31.133794188656807,192
543877,"Vázquez, Christian","R","66.965710063",26.79059190164513,7.515611469853478,-1.0196518482479326,0.5809523809523809,5.704757365736675,33.126240136291145,27.421482770554466,27.55776211368242,315
645444,"Herrera, Jose","R","66.943412786",33.125166928712886,7.375681490907804,-5.3578120196597565,0.47857142857142876,6.809960798789869,30.52489307422461,23.714932275434748,25.94179580947362,280
682183,"Avans, Drew","L","66.904472857",28.10637403008066,1.3768058641442262,5.978839983804761,0.23809523809523808,3.0840394500787838,26.657792631629622,23.57375318155084,25.212494488881664,42
670092,"Brooks, Trenton","L","66.888778293",30.996083484411052,14.600984259239233,-0.1648165023194071,0.6219512195121952,1.2696358532558198,28.587327048511575,27.317691195255748,25.298179305517383,82
669364,"Edwards, Xavier","R","66.852160643",31.126052632207205,2.6891228191530057,2.4256850278702466,0.34297963558413724,8.769443142185699,28.495714376226175,19.726271234040478,24.3977778359536,933
641645,"Guillorme, Luis","L","66.837049429",34.76525368336266,9.915742764333395,6.074896114318069,0.45714285714285713,-3.810296903946173,25.56632514260199,29.376622046548164,26.855110194888518,35
678011,"Seigler, Anthony","L","66.83118",35.078877994375475,11.946558705272778,6.17241661947986,0.5858585858585859,-1.6622555756247532,30.777562360805227,32.43981793642997,26.8605095979991,99
686452,"Millas, Drew","R","66.789278193",34.09148671390594,3.1869037268047204,0.1708216180736618,0.2771084337349399,-4.5153664058279785,25.507112180698606,30.02247858652658,24.34622111139263,83
553882,"Narváez, Omar","L","66.745304118",34.08539889445286,11.033468158371766,-0.15602867802495157,0.7647058823529412,-1.8090374382110521,28.424417483812885,30.233454922023938,28.656602503370397,17
676070,"Amaya, Jacob","R","66.726237556",29.739341439573344,8.195177380968545,5.457833122267017,0.6555555555555556,-4.109027316113423,25.11344570218115,29.22247301829457,28.326741356366153,90
642727,"Alcántara, Sergio","R","66.724226667",36.561197432681524,8.74773596433503,2.2745254376588595,0.6666666666666666,0.9827727500658927,28.9200986000317,27.937325849965813,27.450578237395288,6
605131,"Barnes, Austin","R","66.631453115",28.825088522228583,4.555840294045828,2.220639000509255,0.34426229508196715,3.3461321859645956,30.185084245428225,26.838952059463637,27.725143223600078,61
571657,"Farmer, Kyle","R","66.574076092",33.4799539836551,12.571031391716154,-0.7601118540506236,0.48529411764705893,5.425796472000622,32.53198700933958,27.106190537338946,27.499724106786253,476
660844,"Rivas, Leo","R","66.569247667",37.97538221537683,15.521786600778338,-2.9001889202776523,0.5733333333333334,1.0863263082347048,31.386932766829332,30.30060645859463,23.364178339913746,150
643396,"Kiner-Falefa, Isiah","R","66.543822032",32.451505746973105,4.4082005524726515,3.7196215353036095,0.37445573294629897,-0.7185803220325501,28.810769763421693,29.529350085454244,27.798864006405623,689
571466,"Barnhart, Tucker","L","66.458530909",31.024133254636137,7.8275009805227755,-2.069481155596546,0.590909090909091,-0.12430089690162482,32.04382671164623,32.16812760854786,26.983808076849417,22
674441,"Hurtubise, Jacob","L","66.425513913",36.705042644075235,5.100617504245126,0.9600364596513039,0.5217391304347826,-9.987715201703127,23.578238889272143,33.56595409097526,24.069365913499745,23
457759,"Turner, Justin","R","66.241842246",34.374487793818886,9.076692878217248,2.201832732768014,0.5089820359281438,3.730770525518476,36.907501948317794,33.176731422799314,21.99526038063215,334
689041,"Thomas, Rhylan","L","66.226537368",30.50038940228514,4.421265257777495,2.076788649695705,0.4210526315789473,-0.27749850434931095,29.485017906166753,29.762516410516064,29.25470947236362,19
663897,"Williams, Luke","R","66.221774375",33.8411599679932,11.202770883683007,-3.9932084653133018,0.5000000000000001,7.13308405220642,31.576656238844606,24.443572186638185,27.352268263267874,48
623168,"Heineman, Tyler","R","66.095545",28.894225285219225,6.444209809650993,-12.489130690021446,0.4492753623188405,6.134287051192819,34.819415548196034,28.685128497003227,28.52565518652377,276
669743,"Call, Alex","R","66.084438279",33.445506714639095,6.995242574110375,8.194421793091369,0.46744186046511627,-6.201217461798531,27.49178032262697,33.6929977844255,27.38186532908753,430
660688,"Ruiz, Keibert","R","66.065218039",34.185690649728734,10.381909211212607,-8.985529013375027,0.5302663438256658,2.687874353118191,36.90872409212623,34.220849739008045,24.84502730530019,413
456781,"Solano, Donovan","R","65.967093149",33.91038465548241,8.787633353200556,-1.7698492638840708,0.3766233766233768,1.665193303783794,28.893646354945115,27.228453051161317,26.997792174799038,308
676701,"Trejo, Alan","R","65.962562857",36.838237472034656,15.48763105418865,-0.9649594721494755,0.4857142857142857,6.6933563656225905,34.433688266753215,27.74033190113062,28.856083909977503,70
665561,"Marchán, Rafael","R","65.856419167",32.38220272601245,11.308117416300746,-1.615530079781699,0.5055555555555556,4.5638239257720965,30.64985386388892,26.08602993811682,28.001926134116957,180
624428,"Frazier, Adam","L","65.841784994",39.14535809338473,11.362645286229254,3.1086971165595183,0.4539877300613498,2.9022864541978026,24.011250553796977,21.108964099599184,22.087729466135993,815
527038,"Flores, Wilmer","R","65.464557446",32.14378145437659,11.097837594132633,-6.365736168922569,0.49680715197956576,3.5576730817089195,31.2454720606132,27.687798978904283,25.255121026628828,783
679631,"Vavra, Terrin","L","65.246326667",39.416020964385304,3.4659936960932556,14.426569868300177,0.33333333333333337,-9.739732953546284,25.047191597349407,34.786924550895684,31.07543521651268,3
691011,"Romo, Drew","R","65.165045714",35.28850316268816,15.594932187435404,-11.787649938705227,0.2857142857142857,13.039051021383914,37.82655852006444,24.787507498680522,26.447317662978854,7
681909,"Dean, Justin","R","65.130565",35.42879899260478,20.1939930701263,-0.5481502535045886,0.25,2.845875731908886,32.634307288090795,29.788431556181905,27.030645510611535,4
642180,"Wade, Tyler","L","64.945807414",31.70886767010283,7.377705945126698,-1.323739211712322,0.45977011494252873,-3.0613674153996127,27.909072511991397,30.97043992739102,27.267362500393315,174
669397,"Allen, Nick","R","64.508296636",30.288276961039738,7.261771706610062,-0.637811768548566,0.48130841121495316,4.7731967896153,32.08648086518934,27.31328407557406,27.060246764950442,642
802415,"Simpson, Chandler","L","64.098520738",30.163275181370295,3.5229550036240194,6.90081906079088,0.39004815409309784,-6.234435114062717,20.981124313349596,27.215559427412316,32.00276541976793,623
805779,"Wilson, Jacob","R","63.843312609",35.10166912301784,2.823980690216945,-0.9635433484674523,0.35928961748633875,2.017133847616138,30.532992397978386,28.515858550362253,25.67918950325184,732
680757,"Kwan, Steven","L","63.526836544",35.61741134911451,3.0969321959787823,-2.337765398537624,0.35071574642126785,6.822796545889649,29.675771311214493,22.852974765324845,22.67041378875318,978
691907,"Cheng, Tsung-Che","L","63.306311667",29.45133447024869,-0.9243995873023942,15.542954235472486,0.24999999999999997,-11.81144264420281,21.57471023036827,33.38615287457109,24.203709952704905,12
624513,"Nuñez, Dom","L","63.150185",31.851418739873804,20.218139692401824,-20.5187316698437,0.12500000000000003,21.271420139298527,42.7138285223765,21.44240838307798,27.548072803138496,8
650333,"Arraez, Luis","L","62.537491405",37.35777012660557,5.588051375320589,4.771993320690889,0.4042348411934552,-2.9315406809688125,31.400425891887423,34.33196657285623,26.021435902630447,1039
607067,"Rea, Colin","R","60.01863",23.46575389085034,7.899394727422416,-2.9767290652959106,0.6666666666666666,8.033458446417189,26.748484219174568,18.715025772757382,31.15383644665718,3
641302,"Alexander, Tyler","R","59.78136",25.094194617187032,-12.093267144281834,34.32361351601686,0,-8.17369523885295,9.726850013455895,17.900545252308845,30.018625275497435,1
683004,"Leiter, Jack","R","59.23822",27.15960571935826,2.0326741081610895,41.6756973485412,0,-21.549224372065915,5.373130654894458,26.922355026960375,30.101393601999284,1